-- Adminer 3.6.1 MySQL dump

SET NAMES utf8;
SET foreign_key_checks = 0;
SET time_zone = 'SYSTEM';
SET sql_mode = 'NO_AUTO_VALUE_ON_ZERO';

DROP TABLE IF EXISTS `articulo`;
CREATE TABLE `articulo` (
  `ARTICULO` varchar(20) NOT NULL,
  `NOMBRE` varchar(128) NOT NULL,
  `ORIGEN_CORP` varchar(1) NOT NULL COMMENT 'Origen Corporativo [T]erceros o [C]orporativo',
  `CLASE_ABC` varchar(1) DEFAULT NULL COMMENT 'clase A o B o C o D',
  `TIPO_ARTICULO` int(11) NOT NULL,
  `TIPO_COD_BARRAS` varchar(10) DEFAULT NULL,
  `CODIGO_BARRAS` varchar(20) DEFAULT NULL,
  `EXISTENCIA_MINIMA` decimal(28,8) NOT NULL,
  `EXISTENCIA_MAXIMA` decimal(28,8) NOT NULL,
  `PUNTO_REORDEN` decimal(28,8) NOT NULL,
  `COSTO_FISCAL` varchar(10) DEFAULT NULL,
  `COSTO_ESTANDAR` decimal(28,8) NOT NULL,
  `COSTO_PROMEDIO` decimal(28,8) NOT NULL,
  `COSTO_ULTIMO` decimal(28,8) NOT NULL,
  `PRECIO_BASE` decimal(28,8) NOT NULL,
  `DESCRIPCION_COMPRA` varchar(128) DEFAULT NULL,
  `IMPUESTO_COMPRA` varchar(4) DEFAULT NULL,
  `BODEGA` varchar(4) DEFAULT NULL,
  `IMP1_AFECTA_COSTO` varchar(1) DEFAULT NULL COMMENT 'Impuesto 1 Afecta el costo S o N',
  `RETENCION_COMPRA` varchar(4) DEFAULT NULL,
  `NOTAS` text,
  `FRECUENCIA_CONTEO` smallint(6) NOT NULL,
  `PESO_NETO` decimal(28,8) NOT NULL,
  `PESO_NETO_UNIDAD` int(11) NOT NULL,
  `PESO_BRUTO` decimal(28,8) NOT NULL,
  `PESO_BRUTO_UNIDAD` int(11) NOT NULL,
  `VOLUMEN` decimal(28,8) NOT NULL,
  `VOLUMEN_UNIDAD` int(11) NOT NULL,
  `UNIDAD_ALMACEN` int(11) NOT NULL,
  `UNIDAD_EMPAQUE` int(11) NOT NULL,
  `UNIDAD_VENTA` int(11) NOT NULL,
  `FACTOR_EMPAQUE` decimal(28,8) NOT NULL,
  `FACTOR_VENTA` decimal(28,8) NOT NULL,
  `IMPUESTO_VENTA` varchar(4) NOT NULL,
  `RETENCION_VENTA` varchar(4) DEFAULT NULL,
  `ACTIVO` varchar(1) NOT NULL,
  `CREADO_POR` varchar(20) NOT NULL,
  `CREADO_EL` datetime NOT NULL,
  `ACTUALIZADO_POR` varchar(20) NOT NULL,
  `ACTUALIZADO_EL` datetime NOT NULL,
  PRIMARY KEY (`ARTICULO`),
  KEY `FK_BODEGA_DEFECTO_ARTICULO` (`BODEGA`),
  KEY `FK_COSTO_FISCAL_ARTICULO` (`COSTO_FISCAL`),
  KEY `FK_IMPUESTO_DE_COMPRA` (`IMPUESTO_COMPRA`),
  KEY `FK_IMPUESTO_VENTA_ARTICULO` (`IMPUESTO_VENTA`),
  KEY `FK_PESO_BRUTO_UND_ARTICULO` (`PESO_BRUTO_UNIDAD`),
  KEY `FK_PESO_NETO_UND_ARTICULO` (`PESO_NETO_UNIDAD`),
  KEY `FK_RETENCION_COMPRA_ARTICULO` (`RETENCION_COMPRA`),
  KEY `FK_RETENCION_VENTA_ARTICULO` (`RETENCION_VENTA`),
  KEY `FK_TIPO_DE_ARTICULO` (`TIPO_ARTICULO`),
  KEY `FK_UNIDAD_ALMACEN_ARTICULO` (`UNIDAD_ALMACEN`),
  KEY `FK_UNIDAD_EMPAQUE_ARTICULO` (`UNIDAD_EMPAQUE`),
  KEY `FK_UNIDAD_VENTA_ARTICULO` (`UNIDAD_VENTA`),
  KEY `FK_VOLUMEN_UND_ARTICULO` (`VOLUMEN_UNIDAD`),
  CONSTRAINT `FK_BODEGA_DEFECTO_ARTICULO` FOREIGN KEY (`BODEGA`) REFERENCES `bodega` (`ID`),
  CONSTRAINT `FK_COSTO_FISCAL_ARTICULO` FOREIGN KEY (`COSTO_FISCAL`) REFERENCES `metodo_valuacion_inv` (`ID`),
  CONSTRAINT `FK_IMPUESTO_DE_COMPRA` FOREIGN KEY (`IMPUESTO_COMPRA`) REFERENCES `impuesto` (`ID`),
  CONSTRAINT `FK_IMPUESTO_VENTA_ARTICULO` FOREIGN KEY (`IMPUESTO_VENTA`) REFERENCES `impuesto` (`ID`),
  CONSTRAINT `FK_PESO_BRUTO_UND_ARTICULO` FOREIGN KEY (`PESO_BRUTO_UNIDAD`) REFERENCES `unidad_medida` (`ID`),
  CONSTRAINT `FK_PESO_NETO_UND_ARTICULO` FOREIGN KEY (`PESO_NETO_UNIDAD`) REFERENCES `unidad_medida` (`ID`),
  CONSTRAINT `FK_RETENCION_COMPRA_ARTICULO` FOREIGN KEY (`RETENCION_COMPRA`) REFERENCES `retencion` (`ID`),
  CONSTRAINT `FK_RETENCION_VENTA_ARTICULO` FOREIGN KEY (`RETENCION_VENTA`) REFERENCES `retencion` (`ID`),
  CONSTRAINT `FK_TIPO_DE_ARTICULO` FOREIGN KEY (`TIPO_ARTICULO`) REFERENCES `tipo_articulo` (`ID`),
  CONSTRAINT `FK_UNIDAD_ALMACEN_ARTICULO` FOREIGN KEY (`UNIDAD_ALMACEN`) REFERENCES `unidad_medida` (`ID`),
  CONSTRAINT `FK_UNIDAD_EMPAQUE_ARTICULO` FOREIGN KEY (`UNIDAD_EMPAQUE`) REFERENCES `unidad_medida` (`ID`),
  CONSTRAINT `FK_UNIDAD_VENTA_ARTICULO` FOREIGN KEY (`UNIDAD_VENTA`) REFERENCES `unidad_medida` (`ID`),
  CONSTRAINT `FK_VOLUMEN_UND_ARTICULO` FOREIGN KEY (`VOLUMEN_UNIDAD`) REFERENCES `unidad_medida` (`ID`)
) ENGINE=InnoDB DEFAULT CHARSET=latin1 COMMENT='almacena los artiuculos del inventario';

INSERT INTO `articulo` (`ARTICULO`, `NOMBRE`, `ORIGEN_CORP`, `CLASE_ABC`, `TIPO_ARTICULO`, `TIPO_COD_BARRAS`, `CODIGO_BARRAS`, `EXISTENCIA_MINIMA`, `EXISTENCIA_MAXIMA`, `PUNTO_REORDEN`, `COSTO_FISCAL`, `COSTO_ESTANDAR`, `COSTO_PROMEDIO`, `COSTO_ULTIMO`, `PRECIO_BASE`, `DESCRIPCION_COMPRA`, `IMPUESTO_COMPRA`, `BODEGA`, `IMP1_AFECTA_COSTO`, `RETENCION_COMPRA`, `NOTAS`, `FRECUENCIA_CONTEO`, `PESO_NETO`, `PESO_NETO_UNIDAD`, `PESO_BRUTO`, `PESO_BRUTO_UNIDAD`, `VOLUMEN`, `VOLUMEN_UNIDAD`, `UNIDAD_ALMACEN`, `UNIDAD_EMPAQUE`, `UNIDAD_VENTA`, `FACTOR_EMPAQUE`, `FACTOR_VENTA`, `IMPUESTO_VENTA`, `RETENCION_VENTA`, `ACTIVO`, `CREADO_POR`, `CREADO_EL`, `ACTUALIZADO_POR`, `ACTUALIZADO_EL`) VALUES
('001',	'Articulo de ejemplo ',	'T',	'',	5,	NULL,	NULL,	5.00000000,	10.00000000,	10.00000000,	'Promedio',	0.00000000,	0.07911392,	0.00000000,	0.00000000,	'',	NULL,	NULL,	'',	NULL,	'',	5,	45.00000000,	3,	54.00000000,	3,	24.00000000,	5,	3,	2,	2,	5.00000000,	4.00000000,	'224',	NULL,	'S',	'admin',	'2012-06-26 09:48:20',	'admin',	'2012-10-05 09:59:52'),
('002',	'Articulo 2',	'T',	'',	5,	NULL,	NULL,	5.00000000,	10.00000000,	10.00000000,	'Estándar',	0.00000000,	0.00000000,	0.00000000,	0.00000000,	'',	NULL,	NULL,	'',	NULL,	'',	5,	45.00000000,	3,	54.00000000,	3,	24.00000000,	5,	3,	2,	2,	5.00000000,	4.00000000,	'224',	NULL,	'S',	'admin',	'2012-06-26 09:48:20',	'admin',	'2012-10-05 10:00:45'),
('003',	'Articulo 3',	'T',	'',	5,	NULL,	NULL,	5.00000000,	10.00000000,	10.00000000,	'Estándar',	0.00000000,	0.00000000,	0.00000000,	0.00000000,	'',	NULL,	NULL,	'',	NULL,	'',	5,	45.00000000,	3,	54.00000000,	3,	24.00000000,	5,	3,	2,	2,	5.00000000,	4.00000000,	'224',	NULL,	'S',	'admin',	'2012-06-26 09:48:20',	'admin',	'2012-10-05 08:55:54'),
('1',	'arroz',	'T',	'',	2,	NULL,	NULL,	1.00000000,	5.00000000,	0.00000000,	'Estándar',	0.00000000,	0.00000000,	0.00000000,	0.00000000,	'',	NULL,	NULL,	'',	NULL,	'',	0,	0.00000000,	2,	0.00000000,	2,	0.00000000,	4,	3,	3,	3,	0.00000000,	0.00000000,	'NING',	NULL,	'S',	'admin',	'2012-07-10 05:20:20',	'admin',	'2012-07-10 05:20:20'),
('10',	'pimienta',	'T',	'',	2,	NULL,	NULL,	1.00000000,	3.00000000,	0.00000000,	'Estándar',	0.00000000,	0.00000000,	0.00000000,	0.00000000,	'',	NULL,	NULL,	'',	NULL,	'',	0,	0.00000000,	2,	0.00000000,	2,	0.00000000,	4,	3,	3,	3,	0.00000000,	0.00000000,	'NING',	NULL,	'S',	'admin',	'2012-07-10 05:20:20',	'admin',	'2012-07-10 05:20:20'),
('11',	'color',	'T',	'',	2,	NULL,	NULL,	1.00000000,	2.00000000,	0.00000000,	'Estándar',	0.00000000,	0.00000000,	0.00000000,	0.00000000,	'',	NULL,	NULL,	'',	NULL,	'',	0,	0.00000000,	2,	0.00000000,	2,	0.00000000,	4,	3,	3,	3,	0.00000000,	0.00000000,	'NING',	NULL,	'S',	'admin',	'2012-07-10 05:20:20',	'admin',	'2012-07-10 05:20:20'),
('12',	'huevo',	'T',	'',	2,	NULL,	NULL,	1.00000000,	10.00000000,	0.00000000,	'Estándar',	0.00000000,	0.00000000,	0.00000000,	0.00000000,	'',	NULL,	NULL,	'',	NULL,	'',	0,	0.00000000,	2,	0.00000000,	2,	0.00000000,	4,	3,	3,	3,	0.00000000,	0.00000000,	'NING',	NULL,	'S',	'admin',	'2012-07-10 05:20:20',	'admin',	'2012-07-10 05:20:20'),
('13',	'pollo',	'T',	'',	2,	NULL,	NULL,	1.00000000,	10.00000000,	0.00000000,	'Estándar',	0.00000000,	0.00000000,	0.00000000,	0.00000000,	'',	NULL,	NULL,	'',	NULL,	'',	0,	0.00000000,	2,	0.00000000,	2,	0.00000000,	4,	3,	3,	3,	0.00000000,	0.00000000,	'NING',	NULL,	'S',	'admin',	'2012-07-10 05:20:20',	'admin',	'2012-07-10 05:20:20'),
('14',	'cerdo',	'T',	'',	2,	NULL,	NULL,	1.00000000,	100.00000000,	0.00000000,	'Estándar',	0.00000000,	0.00000000,	0.00000000,	0.00000000,	'',	NULL,	NULL,	'',	NULL,	'',	0,	0.00000000,	2,	0.00000000,	2,	0.00000000,	4,	3,	3,	3,	0.00000000,	0.00000000,	'NING',	NULL,	'S',	'admin',	'2012-07-10 05:20:20',	'admin',	'2012-07-10 05:20:20'),
('15',	'tocino',	'T',	'',	2,	NULL,	NULL,	1.00000000,	100.00000000,	0.00000000,	'Estándar',	0.00000000,	0.00000000,	0.00000000,	0.00000000,	'',	NULL,	NULL,	'',	NULL,	'',	0,	0.00000000,	2,	0.00000000,	2,	0.00000000,	4,	3,	3,	3,	0.00000000,	0.00000000,	'NING',	NULL,	'S',	'admin',	'2012-07-10 05:20:20',	'admin',	'2012-07-10 05:20:20'),
('16',	'bizcocho achiras',	'T',	'',	1,	NULL,	NULL,	1.00000000,	10.00000000,	0.00000000,	'Estándar',	0.00000000,	0.00000000,	0.00000000,	0.00000000,	'',	NULL,	NULL,	'',	NULL,	'',	0,	0.00000000,	2,	0.00000000,	2,	0.00000000,	4,	3,	3,	3,	0.00000000,	0.00000000,	'NING',	NULL,	'S',	'admin',	'2012-07-10 05:20:20',	'admin',	'2012-07-10 05:20:20'),
('17',	'bizcocho queso',	'T',	'',	1,	NULL,	NULL,	1.00000000,	10.00000000,	0.00000000,	'Estándar',	0.00000000,	0.00000000,	0.00000000,	0.00000000,	'',	NULL,	NULL,	'',	NULL,	'',	0,	0.00000000,	2,	0.00000000,	2,	0.00000000,	4,	3,	3,	3,	0.00000000,	0.00000000,	'NING',	NULL,	'S',	'admin',	'2012-07-10 05:20:20',	'admin',	'2012-07-10 05:20:20'),
('18',	'chucula',	'T',	'',	1,	NULL,	NULL,	1.00000000,	20.00000000,	0.00000000,	'Estándar',	0.00000000,	0.00000000,	0.00000000,	0.00000000,	'',	NULL,	NULL,	'',	NULL,	'',	0,	0.00000000,	2,	0.00000000,	2,	0.00000000,	4,	3,	3,	3,	0.00000000,	0.00000000,	'NING',	NULL,	'S',	'admin',	'2012-07-10 05:20:20',	'admin',	'2012-07-10 05:20:20'),
('2',	'arveja',	'T',	'',	2,	NULL,	NULL,	1.00000000,	5.00000000,	0.00000000,	'Estándar',	0.00000000,	0.00000000,	0.00000000,	0.00000000,	'',	NULL,	NULL,	'',	NULL,	'',	0,	0.00000000,	2,	0.00000000,	2,	0.00000000,	4,	3,	3,	3,	0.00000000,	0.00000000,	'NING',	NULL,	'S',	'admin',	'2012-07-10 05:20:20',	'admin',	'2012-07-10 05:20:20'),
('250',	'tamal',	'T',	'',	1,	NULL,	NULL,	1.00000000,	400.00000000,	0.00000000,	'Estándar',	0.00000000,	0.00000000,	0.00000000,	0.00000000,	'',	NULL,	NULL,	'',	NULL,	'',	0,	0.00000000,	2,	0.00000000,	2,	0.00000000,	4,	3,	3,	3,	0.00000000,	0.00000000,	'NING',	NULL,	'S',	'admin',	'2012-07-10 05:20:20',	'admin',	'2012-07-10 05:20:20'),
('3',	'aceite',	'T',	'',	2,	NULL,	NULL,	1.00000000,	5.00000000,	0.00000000,	'Estándar',	0.00000000,	0.00000000,	0.00000000,	0.00000000,	'',	NULL,	NULL,	'',	NULL,	'',	0,	0.00000000,	2,	0.00000000,	2,	0.00000000,	4,	3,	3,	3,	0.00000000,	0.00000000,	'NING',	NULL,	'S',	'admin',	'2012-07-10 05:20:20',	'admin',	'2012-07-10 05:20:20'),
('375',	'tamal',	'T',	'',	1,	NULL,	NULL,	1.00000000,	400.00000000,	0.00000000,	'Estándar',	0.00000000,	0.00000000,	0.00000000,	0.00000000,	'',	NULL,	NULL,	'',	NULL,	'',	0,	0.00000000,	2,	0.00000000,	2,	0.00000000,	4,	3,	3,	3,	0.00000000,	0.00000000,	'NING',	NULL,	'S',	'admin',	'2012-07-10 05:20:20',	'admin',	'2012-07-10 05:20:20'),
('4',	'maiz',	'T',	'',	2,	NULL,	NULL,	1.00000000,	3.00000000,	0.00000000,	'Estándar',	0.00000000,	0.00000000,	0.00000000,	0.00000000,	'',	NULL,	NULL,	'',	NULL,	'',	0,	0.00000000,	2,	0.00000000,	2,	0.00000000,	4,	3,	3,	3,	0.00000000,	0.00000000,	'NING',	NULL,	'S',	'admin',	'2012-07-10 05:20:20',	'admin',	'2012-07-10 05:20:20'),
('400',	'tamal',	'T',	'',	1,	NULL,	NULL,	1.00000000,	400.00000000,	0.00000000,	'Estándar',	0.00000000,	0.00000000,	0.00000000,	0.00000000,	'',	NULL,	NULL,	'',	NULL,	'',	0,	0.00000000,	2,	0.00000000,	2,	0.00000000,	4,	3,	3,	3,	0.00000000,	0.00000000,	'NING',	NULL,	'S',	'admin',	'2012-07-10 05:20:20',	'admin',	'2012-07-10 05:20:20'),
('5',	'papa',	'T',	'',	2,	NULL,	NULL,	1.00000000,	5.00000000,	0.00000000,	'Estándar',	0.00000000,	0.00000000,	0.00000000,	0.00000000,	'',	NULL,	NULL,	'',	NULL,	'',	0,	0.00000000,	2,	0.00000000,	2,	0.00000000,	4,	3,	3,	3,	0.00000000,	0.00000000,	'NING',	NULL,	'S',	'admin',	'2012-07-10 05:20:20',	'admin',	'2012-07-10 05:20:20'),
('500',	'tamal',	'T',	'',	1,	NULL,	NULL,	1.00000000,	400.00000000,	0.00000000,	'Estándar',	0.00000000,	0.00000000,	0.00000000,	0.00000000,	'',	NULL,	NULL,	'',	NULL,	'',	0,	0.00000000,	2,	0.00000000,	2,	0.00000000,	4,	3,	3,	3,	0.00000000,	0.00000000,	'NING',	NULL,	'S',	'admin',	'2012-07-10 05:20:20',	'admin',	'2012-07-10 05:20:20'),
('6',	'zanahoria',	'T',	'',	2,	NULL,	NULL,	1.00000000,	5.00000000,	0.00000000,	'Estándar',	0.00000000,	0.00000000,	0.00000000,	0.00000000,	'',	NULL,	NULL,	'',	NULL,	'',	0,	0.00000000,	2,	0.00000000,	2,	0.00000000,	4,	3,	3,	3,	0.00000000,	0.00000000,	'NING',	NULL,	'S',	'admin',	'2012-07-10 05:20:20',	'admin',	'2012-07-10 05:20:20'),
('600',	'tamal',	'T',	'',	1,	NULL,	NULL,	1.00000000,	400.00000000,	0.00000000,	'Estándar',	0.00000000,	0.00000000,	0.00000000,	0.00000000,	'',	NULL,	NULL,	'',	NULL,	'',	0,	0.00000000,	2,	0.00000000,	2,	0.00000000,	4,	3,	3,	3,	0.00000000,	0.00000000,	'NING',	NULL,	'S',	'admin',	'2012-07-10 05:20:20',	'admin',	'2012-07-10 05:20:20'),
('7',	'cebolla',	'T',	'',	2,	NULL,	NULL,	1.00000000,	30.00000000,	0.00000000,	'Estándar',	0.00000000,	0.00000000,	0.00000000,	0.00000000,	'',	NULL,	NULL,	'',	NULL,	'',	0,	0.00000000,	2,	0.00000000,	2,	0.00000000,	4,	3,	3,	3,	0.00000000,	0.00000000,	'NING',	NULL,	'S',	'admin',	'2012-07-10 05:20:20',	'admin',	'2012-07-10 05:20:20'),
('8',	'sal',	'T',	'',	2,	NULL,	NULL,	1.00000000,	2.00000000,	0.00000000,	'Estándar',	0.00000000,	0.00000000,	0.00000000,	0.00000000,	'',	NULL,	NULL,	'',	NULL,	'',	0,	0.00000000,	2,	0.00000000,	2,	0.00000000,	4,	3,	3,	3,	0.00000000,	0.00000000,	'NING',	NULL,	'S',	'admin',	'2012-07-10 05:20:20',	'admin',	'2012-07-10 05:20:20'),
('9',	'comino',	'T',	'',	2,	NULL,	NULL,	1.00000000,	3.00000000,	0.00000000,	'Estándar',	0.00000000,	0.00000000,	0.00000000,	0.00000000,	'',	NULL,	NULL,	'',	NULL,	'',	0,	0.00000000,	2,	0.00000000,	2,	0.00000000,	4,	3,	3,	3,	0.00000000,	0.00000000,	'NING',	NULL,	'S',	'admin',	'2012-07-10 05:20:20',	'admin',	'2012-07-10 05:20:20'),
('A- AMMA1',	'Aderezo Tipo Amma 1',	'T',	'',	1,	NULL,	NULL,	10.00000000,	100.00000000,	0.00000000,	'Estándar',	0.00000000,	0.00000000,	0.00000000,	0.00000000,	'',	NULL,	NULL,	'',	NULL,	'',	0,	0.00000000,	1,	0.00000000,	1,	0.00000000,	4,	3,	3,	3,	0.00000000,	0.00000000,	'NING',	NULL,	'S',	'admin',	'2012-07-10 05:20:20',	'admin',	'2012-07-10 05:20:20'),
('A-AMMA2',	'Aderezo Tipo Amma 2',	'T',	'',	1,	NULL,	NULL,	10.00000000,	100.00000000,	0.00000000,	'Estándar',	0.00000000,	0.00000000,	0.00000000,	0.00000000,	'',	NULL,	NULL,	'',	NULL,	'',	0,	0.00000000,	1,	0.00000000,	1,	0.00000000,	4,	3,	3,	3,	0.00000000,	0.00000000,	'NING',	NULL,	'S',	'admin',	'2012-07-10 05:20:20',	'admin',	'2012-07-10 05:20:20'),
('A-FPLA',	'Aderzo Filigrana Plana',	'T',	'',	1,	NULL,	NULL,	10.00000000,	100.00000000,	0.00000000,	'Estándar',	0.00000000,	0.00000000,	0.00000000,	0.00000000,	'',	NULL,	NULL,	'',	NULL,	'',	0,	0.00000000,	1,	0.00000000,	1,	0.00000000,	4,	3,	3,	3,	0.00000000,	0.00000000,	'NING',	NULL,	'S',	'admin',	'2012-07-10 05:20:20',	'admin',	'2012-07-10 05:20:20'),
('A-LD',	'Aderezo L amina  Doble',	'T',	'',	1,	NULL,	NULL,	10.00000000,	100.00000000,	0.00000000,	'Estándar',	0.00000000,	0.00000000,	0.00000000,	0.00000000,	'',	NULL,	NULL,	'',	NULL,	'',	0,	0.00000000,	1,	0.00000000,	1,	0.00000000,	4,	3,	3,	3,	0.00000000,	0.00000000,	'NING',	NULL,	'S',	'admin',	'2012-07-10 05:20:20',	'admin',	'2012-07-10 05:20:20'),
('A-LES',	'Aderezo Lamina Esmeralda',	'T',	'',	1,	NULL,	NULL,	10.00000000,	100.00000000,	0.00000000,	'Estándar',	0.00000000,	0.00000000,	0.00000000,	0.00000000,	'',	NULL,	NULL,	'',	NULL,	'',	0,	0.00000000,	1,	0.00000000,	1,	0.00000000,	4,	3,	3,	3,	0.00000000,	0.00000000,	'NING',	NULL,	'S',	'admin',	'2012-07-10 05:20:20',	'admin',	'2012-07-10 05:20:20'),
('A-LPLA',	'Aderezo Lamina Plana',	'T',	'',	1,	NULL,	NULL,	10.00000000,	100.00000000,	0.00000000,	'Estándar',	0.00000000,	0.00000000,	0.00000000,	0.00000000,	'',	NULL,	NULL,	'',	NULL,	'',	0,	0.00000000,	1,	0.00000000,	1,	0.00000000,	4,	3,	3,	3,	0.00000000,	0.00000000,	'NING',	NULL,	'S',	'admin',	'2012-07-10 05:20:20',	'admin',	'2012-07-10 05:20:20'),
('AP',	'ALAMBRE PLATA',	'T',	'',	2,	NULL,	NULL,	10.00000000,	1000.00000000,	0.00000000,	'Estándar',	0.00000000,	0.00000000,	0.00000000,	0.00000000,	'',	NULL,	NULL,	'',	NULL,	'',	0,	0.00000000,	1,	0.00000000,	1,	0.00000000,	4,	3,	3,	3,	0.00000000,	0.00000000,	'NING',	NULL,	'S',	'admin',	'2012-07-10 05:20:20',	'admin',	'2012-07-10 05:20:20'),
('AV',	'HERRAJES VARIOS',	'T',	'',	2,	NULL,	NULL,	20.00000000,	100.00000000,	0.00000000,	'Estándar',	0.00000000,	0.00000000,	0.00000000,	0.00000000,	'',	NULL,	NULL,	'',	NULL,	'',	0,	0.00000000,	1,	0.00000000,	1,	0.00000000,	4,	3,	3,	3,	0.00000000,	0.00000000,	'NING',	NULL,	'S',	'admin',	'2012-07-10 05:20:20',	'admin',	'2012-07-10 05:20:20'),
('B-ADJag',	'Anillo ADJ Alta Gama',	'T',	'',	1,	NULL,	NULL,	10.00000000,	100.00000000,	0.00000000,	'Estándar',	0.00000000,	0.00000000,	0.00000000,	0.00000000,	'',	NULL,	NULL,	'',	NULL,	'',	0,	0.00000000,	1,	0.00000000,	1,	0.00000000,	4,	3,	3,	3,	0.00000000,	0.00000000,	'NING',	NULL,	'S',	'admin',	'2012-07-10 05:20:20',	'admin',	'2012-07-10 05:20:20'),
('B-ADJb',	'Anillo ADJ baja',	'T',	'',	1,	NULL,	NULL,	10.00000000,	100.00000000,	0.00000000,	'Estándar',	0.00000000,	0.00000000,	0.00000000,	0.00000000,	'',	NULL,	NULL,	'',	NULL,	'',	0,	0.00000000,	1,	0.00000000,	1,	0.00000000,	4,	3,	3,	3,	0.00000000,	0.00000000,	'NING',	NULL,	'S',	'admin',	'2012-07-10 05:20:20',	'admin',	'2012-07-10 05:20:20'),
('B-AMMag1',	'Anillos  Amma Alta Gama',	'T',	'',	1,	NULL,	NULL,	10.00000000,	100.00000000,	0.00000000,	'Estándar',	0.00000000,	0.00000000,	0.00000000,	0.00000000,	'',	NULL,	NULL,	'',	NULL,	'',	0,	0.00000000,	1,	0.00000000,	1,	0.00000000,	4,	3,	3,	3,	0.00000000,	0.00000000,	'NING',	NULL,	'S',	'admin',	'2012-07-10 05:20:20',	'admin',	'2012-07-10 05:20:20'),
('B-AMMag2',	'Anilloa Amma Alta Gama 2',	'T',	'',	2,	NULL,	NULL,	10.00000000,	100.00000000,	0.00000000,	'Estándar',	0.00000000,	0.00000000,	0.00000000,	0.00000000,	'',	NULL,	NULL,	'',	NULL,	'',	0,	0.00000000,	1,	0.00000000,	1,	0.00000000,	4,	3,	3,	3,	0.00000000,	0.00000000,	'NING',	NULL,	'S',	'admin',	'2012-07-10 05:20:20',	'admin',	'2012-07-10 05:20:20'),
('B-AMMO',	'Anillos Amma plata-Oro',	'T',	'',	1,	NULL,	NULL,	10.00000000,	100.00000000,	0.00000000,	'Estándar',	0.00000000,	0.00000000,	0.00000000,	0.00000000,	'',	NULL,	NULL,	'',	NULL,	'',	0,	0.00000000,	1,	0.00000000,	1,	0.00000000,	4,	3,	3,	3,	0.00000000,	0.00000000,	'NING',	NULL,	'S',	'admin',	'2012-07-10 05:20:20',	'admin',	'2012-07-10 05:20:20'),
('B-AMMP',	'Anillos Amma plata',	'T',	'',	1,	NULL,	NULL,	10.00000000,	100.00000000,	0.00000000,	'Estándar',	0.00000000,	0.00000000,	0.00000000,	0.00000000,	'',	NULL,	NULL,	'',	NULL,	'',	0,	0.00000000,	1,	0.00000000,	1,	0.00000000,	4,	3,	3,	3,	0.00000000,	0.00000000,	'NING',	NULL,	'S',	'admin',	'2012-07-10 05:20:20',	'admin',	'2012-07-10 05:20:20'),
('BR',	'BRONCE',	'T',	'',	2,	NULL,	NULL,	10.00000000,	100.00000000,	0.00000000,	'Estándar',	0.00000000,	0.00000000,	0.00000000,	0.00000000,	'',	NULL,	NULL,	'',	NULL,	'',	0,	0.00000000,	1,	0.00000000,	1,	0.00000000,	4,	3,	3,	3,	0.00000000,	0.00000000,	'NING',	NULL,	'S',	'admin',	'2012-07-10 05:20:20',	'admin',	'2012-07-10 05:20:20'),
('CA',	'CADENA',	'T',	'',	2,	NULL,	NULL,	20.00000000,	1000.00000000,	0.00000000,	'Estándar',	0.00000000,	0.00000000,	0.00000000,	0.00000000,	'',	NULL,	NULL,	'',	NULL,	'',	0,	0.00000000,	1,	0.00000000,	1,	0.00000000,	4,	3,	3,	3,	0.00000000,	0.00000000,	'NING',	NULL,	'S',	'admin',	'2012-07-10 05:20:20',	'admin',	'2012-07-10 05:20:20'),
('CJ',	'CAJAS',	'T',	'',	2,	NULL,	NULL,	100.00000000,	5000.00000000,	0.00000000,	'Estándar',	0.00000000,	0.00000000,	0.00000000,	0.00000000,	'',	NULL,	NULL,	'',	NULL,	'',	0,	0.00000000,	1,	0.00000000,	1,	0.00000000,	4,	3,	3,	3,	0.00000000,	0.00000000,	'NING',	NULL,	'S',	'admin',	'2012-07-10 05:20:20',	'admin',	'2012-07-10 05:20:20'),
('CU',	'CUERO  ',	'T',	'',	2,	NULL,	NULL,	30.00000000,	300.00000000,	0.00000000,	'Estándar',	0.00000000,	0.00000000,	0.00000000,	0.00000000,	'',	NULL,	NULL,	'',	NULL,	'',	0,	0.00000000,	1,	0.00000000,	1,	0.00000000,	4,	3,	3,	3,	0.00000000,	0.00000000,	'NING',	NULL,	'S',	'admin',	'2012-07-10 05:20:20',	'admin',	'2012-07-10 05:20:20'),
('EPX',	'EPOXICO',	'T',	'',	2,	NULL,	NULL,	3.00000000,	10.00000000,	0.00000000,	'Estándar',	0.00000000,	0.00000000,	0.00000000,	0.00000000,	'',	NULL,	NULL,	'',	NULL,	'',	0,	0.00000000,	1,	0.00000000,	1,	0.00000000,	4,	3,	3,	3,	0.00000000,	0.00000000,	'NING',	NULL,	'S',	'admin',	'2012-07-10 05:20:20',	'admin',	'2012-07-10 05:20:20'),
('ES',	'ESMERALDA',	'T',	'',	2,	NULL,	NULL,	20.00000000,	200.00000000,	0.00000000,	'Estándar',	0.00000000,	0.00000000,	0.00000000,	0.00000000,	'',	NULL,	NULL,	'',	NULL,	'',	0,	0.00000000,	1,	0.00000000,	1,	0.00000000,	4,	3,	3,	3,	0.00000000,	0.00000000,	'NING',	NULL,	'S',	'admin',	'2012-07-10 05:20:20',	'admin',	'2012-07-10 05:20:20'),
('GR',	'GARANTIAS',	'T',	'',	2,	NULL,	NULL,	100.00000000,	5000.00000000,	0.00000000,	'Estándar',	0.00000000,	0.00000000,	0.00000000,	0.00000000,	'',	NULL,	NULL,	'',	NULL,	'',	0,	0.00000000,	1,	0.00000000,	1,	0.00000000,	4,	3,	3,	3,	0.00000000,	0.00000000,	'NING',	NULL,	'S',	'admin',	'2012-07-10 05:20:20',	'admin',	'2012-07-10 05:20:20'),
('HA',	'HERRAJES ARETES',	'T',	'',	2,	NULL,	NULL,	50.00000000,	1000.00000000,	0.00000000,	'Estándar',	0.00000000,	0.00000000,	0.00000000,	0.00000000,	'',	NULL,	NULL,	'',	NULL,	'',	0,	0.00000000,	1,	0.00000000,	1,	0.00000000,	4,	3,	3,	3,	0.00000000,	0.00000000,	'NING',	NULL,	'S',	'admin',	'2012-07-10 05:20:20',	'admin',	'2012-07-10 05:20:20'),
('HAA',	'HERRAJE ADEREZO ADJ',	'T',	'',	2,	NULL,	NULL,	50.00000000,	1000.00000000,	0.00000000,	'Estándar',	0.00000000,	0.00000000,	0.00000000,	0.00000000,	'',	NULL,	NULL,	'',	NULL,	'',	0,	0.00000000,	1,	0.00000000,	1,	0.00000000,	4,	3,	3,	3,	0.00000000,	0.00000000,	'NING',	NULL,	'S',	'admin',	'2012-07-10 05:20:20',	'admin',	'2012-07-10 05:20:20'),
('HB',	'HERRAJES BOLA',	'T',	'',	2,	NULL,	NULL,	50.00000000,	1000.00000000,	0.00000000,	'Estándar',	0.00000000,	0.00000000,	0.00000000,	0.00000000,	'',	NULL,	NULL,	'',	NULL,	'',	0,	0.00000000,	1,	0.00000000,	1,	0.00000000,	4,	3,	3,	3,	0.00000000,	0.00000000,	'NING',	NULL,	'S',	'admin',	'2012-07-10 05:20:20',	'admin',	'2012-07-10 05:20:20'),
('HO',	'HERRAJES OVALO',	'T',	'',	2,	NULL,	NULL,	50.00000000,	1000.00000000,	0.00000000,	'Estándar',	0.00000000,	0.00000000,	0.00000000,	0.00000000,	'',	NULL,	NULL,	'',	NULL,	'',	0,	0.00000000,	1,	0.00000000,	1,	0.00000000,	4,	3,	3,	3,	0.00000000,	0.00000000,	'NING',	NULL,	'S',	'admin',	'2012-07-10 05:20:20',	'admin',	'2012-07-10 05:20:20'),
('J-F3D',	'Juego Filigrana 3D',	'T',	'',	1,	NULL,	NULL,	10.00000000,	100.00000000,	0.00000000,	'Estándar',	0.00000000,	0.00000000,	0.00000000,	0.00000000,	'',	NULL,	NULL,	'',	NULL,	'',	0,	0.00000000,	1,	0.00000000,	1,	0.00000000,	4,	3,	3,	3,	0.00000000,	0.00000000,	'NING',	NULL,	'S',	'admin',	'2012-07-10 05:20:20',	'admin',	'2012-07-10 05:20:20'),
('J-F3ESM',	'Juego Filigrana 3D Esmeralda',	'T',	'',	1,	NULL,	NULL,	10.00000000,	100.00000000,	0.00000000,	'Estándar',	0.00000000,	0.00000000,	0.00000000,	0.00000000,	'',	NULL,	NULL,	'',	NULL,	'',	0,	0.00000000,	1,	0.00000000,	1,	0.00000000,	4,	3,	3,	3,	0.00000000,	0.00000000,	'NING',	NULL,	'S',	'admin',	'2012-07-10 05:20:20',	'admin',	'2012-07-10 05:20:20'),
('J-FPESM',	'Juego Filigrana Plana Esmeralda',	'T',	'',	1,	NULL,	NULL,	10.00000000,	100.00000000,	0.00000000,	'Estándar',	0.00000000,	0.00000000,	0.00000000,	0.00000000,	'',	NULL,	NULL,	'',	NULL,	'',	0,	0.00000000,	1,	0.00000000,	1,	0.00000000,	4,	3,	3,	3,	0.00000000,	0.00000000,	'NING',	NULL,	'S',	'admin',	'2012-07-10 05:20:20',	'admin',	'2012-07-10 05:20:20'),
('J-FPLA',	'Juego  Filigrana Plana',	'T',	'',	1,	NULL,	NULL,	10.00000000,	100.00000000,	0.00000000,	'Estándar',	0.00000000,	0.00000000,	0.00000000,	0.00000000,	'',	NULL,	NULL,	'',	NULL,	'',	0,	0.00000000,	1,	0.00000000,	1,	0.00000000,	4,	3,	3,	3,	0.00000000,	0.00000000,	'NING',	NULL,	'S',	'admin',	'2012-07-10 05:20:20',	'admin',	'2012-07-10 05:20:20'),
('J-LDOB',	'Juego Lamina Doble',	'T',	'',	1,	NULL,	NULL,	10.00000000,	100.00000000,	0.00000000,	'Estándar',	0.00000000,	0.00000000,	0.00000000,	0.00000000,	'',	NULL,	NULL,	'',	NULL,	'',	0,	0.00000000,	1,	0.00000000,	1,	0.00000000,	4,	3,	3,	3,	0.00000000,	0.00000000,	'NING',	NULL,	'S',	'admin',	'2012-07-10 05:20:20',	'admin',	'2012-07-10 05:20:20'),
('J-LESM',	'Juego lamina Esmeralda',	'T',	'',	1,	NULL,	NULL,	10.00000000,	100.00000000,	0.00000000,	'Estándar',	0.00000000,	0.00000000,	0.00000000,	0.00000000,	'',	NULL,	NULL,	'',	NULL,	'',	0,	0.00000000,	1,	0.00000000,	1,	0.00000000,	4,	3,	3,	3,	0.00000000,	0.00000000,	'NING',	NULL,	'S',	'admin',	'2012-07-10 05:20:20',	'admin',	'2012-07-10 05:20:20'),
('J-LPLA',	'Juego Lamina Plana',	'T',	'',	1,	NULL,	NULL,	10.00000000,	100.00000000,	0.00000000,	'Estándar',	0.00000000,	0.00000000,	0.00000000,	0.00000000,	'',	NULL,	NULL,	'',	NULL,	'',	0,	0.00000000,	1,	0.00000000,	1,	0.00000000,	4,	3,	3,	3,	0.00000000,	0.00000000,	'NING',	NULL,	'S',	'admin',	'2012-07-10 05:20:20',	'admin',	'2012-07-10 05:20:20'),
('LCH',	'LAMINAS DE CACHO',	'T',	'',	2,	NULL,	NULL,	50.00000000,	5000.00000000,	0.00000000,	'Estándar',	0.00000000,	0.00000000,	0.00000000,	0.00000000,	'',	NULL,	NULL,	'',	NULL,	'',	0,	0.00000000,	1,	0.00000000,	1,	0.00000000,	4,	3,	3,	3,	0.00000000,	0.00000000,	'NING',	NULL,	'S',	'admin',	'2012-07-10 05:20:20',	'admin',	'2012-07-10 05:20:20'),
('LNC',	'LAMINAS DE NACAR',	'T',	'',	2,	NULL,	NULL,	10.00000000,	500.00000000,	0.00000000,	'Estándar',	0.00000000,	0.00000000,	0.00000000,	0.00000000,	'',	NULL,	NULL,	'',	NULL,	'',	0,	0.00000000,	1,	0.00000000,	1,	0.00000000,	4,	3,	3,	3,	0.00000000,	0.00000000,	'NING',	NULL,	'S',	'admin',	'2012-07-10 05:20:20',	'admin',	'2012-07-10 05:20:20'),
('LV',	'LAMINAS VARIAS',	'T',	'',	2,	NULL,	NULL,	20.00000000,	1000.00000000,	0.00000000,	'Estándar',	0.00000000,	0.00000000,	0.00000000,	0.00000000,	'',	NULL,	NULL,	'',	NULL,	'',	0,	0.00000000,	1,	0.00000000,	1,	0.00000000,	4,	3,	3,	3,	0.00000000,	0.00000000,	'NING',	NULL,	'S',	'admin',	'2012-07-10 05:20:20',	'admin',	'2012-07-10 05:20:20'),
('OR',	'ORO',	'T',	'',	2,	NULL,	NULL,	20.00000000,	100.00000000,	0.00000000,	'Estándar',	0.00000000,	0.00000000,	0.00000000,	0.00000000,	'',	NULL,	NULL,	'',	NULL,	'',	0,	0.00000000,	1,	0.00000000,	1,	0.00000000,	4,	3,	3,	3,	0.00000000,	0.00000000,	'NING',	NULL,	'S',	'admin',	'2012-07-10 05:20:20',	'admin',	'2012-07-10 05:20:20'),
('PD',	'PEDRERIA',	'T',	'',	2,	NULL,	NULL,	50.00000000,	1000.00000000,	0.00000000,	'Estándar',	0.00000000,	0.00000000,	0.00000000,	0.00000000,	'',	NULL,	NULL,	'',	NULL,	'',	0,	0.00000000,	1,	0.00000000,	1,	0.00000000,	4,	3,	3,	3,	0.00000000,	0.00000000,	'NING',	NULL,	'S',	'admin',	'2012-07-10 05:20:20',	'admin',	'2012-07-10 05:20:20'),
('PL',	'PLATA',	'T',	'',	2,	NULL,	NULL,	50.00000000,	1000.00000000,	0.00000000,	'Estándar',	0.00000000,	0.00000000,	0.00000000,	0.00000000,	'',	NULL,	NULL,	'',	NULL,	'',	0,	0.00000000,	1,	0.00000000,	1,	0.00000000,	4,	3,	3,	3,	0.00000000,	0.00000000,	'NING',	NULL,	'S',	'admin',	'2012-07-10 05:20:20',	'admin',	'2012-07-10 05:20:20'),
('R01',	'Aceite  LA GARZA x 3000 g',	'T',	'',	1,	NULL,	NULL,	12.00000000,	24.00000000,	20.00000000,	'Estándar',	0.00000000,	0.00000000,	0.00000000,	0.00000000,	'',	NULL,	NULL,	'',	NULL,	'',	0,	0.00000000,	2,	0.00000000,	2,	0.00000000,	4,	2,	2,	2,	0.00000000,	0.00000000,	'NING',	NULL,	'S',	'admin',	'2012-07-10 09:48:20',	'admin',	'2012-07-10 09:48:20'),
('R02',	'Aceite  Riquisimo x 3000 g',	'T',	'',	1,	NULL,	NULL,	12.00000000,	24.00000000,	20.00000000,	'Estándar',	0.00000000,	0.00000000,	0.00000000,	0.00000000,	'',	NULL,	NULL,	'',	NULL,	'',	0,	0.00000000,	2,	0.00000000,	2,	0.00000000,	4,	2,	2,	2,	0.00000000,	0.00000000,	'NING',	NULL,	'S',	'admin',	'2012-07-10 09:48:20',	'admin',	'2012-07-10 09:48:20'),
('R03',	'Aceite  Buenisimo x 3000 g',	'T',	'',	1,	NULL,	NULL,	12.00000000,	24.00000000,	20.00000000,	'Estándar',	0.00000000,	0.00000000,	0.00000000,	0.00000000,	'',	NULL,	NULL,	'',	NULL,	'',	0,	0.00000000,	2,	0.00000000,	2,	0.00000000,	4,	2,	2,	2,	0.00000000,	0.00000000,	'NING',	NULL,	'S',	'admin',	'2012-07-10 09:48:20',	'admin',	'2012-07-10 09:48:20'),
('R04',	'Aceite Riquisimo x 1000 g',	'T',	'',	1,	NULL,	NULL,	36.00000000,	48.00000000,	40.00000000,	'Estándar',	0.00000000,	0.00000000,	0.00000000,	0.00000000,	'',	NULL,	NULL,	'',	NULL,	'',	0,	0.00000000,	2,	0.00000000,	2,	0.00000000,	4,	2,	2,	2,	0.00000000,	0.00000000,	'NING',	NULL,	'S',	'admin',	'2012-07-10 09:48:20',	'admin',	'2012-07-10 09:48:20'),
('R05',	'Aceite Buenisimo x 1000 g',	'T',	'',	1,	NULL,	NULL,	36.00000000,	48.00000000,	40.00000000,	'Estándar',	0.00000000,	0.00000000,	0.00000000,	0.00000000,	'',	NULL,	NULL,	'',	NULL,	'',	0,	0.00000000,	2,	0.00000000,	2,	0.00000000,	4,	2,	2,	2,	0.00000000,	0.00000000,	'NING',	NULL,	'S',	'admin',	'2012-07-10 09:48:20',	'admin',	'2012-07-10 09:48:20'),
('R06',	'Aceite Garza x 1000 g',	'T',	'',	1,	NULL,	NULL,	36.00000000,	48.00000000,	40.00000000,	'Estándar',	0.00000000,	0.00000000,	0.00000000,	0.00000000,	'',	NULL,	NULL,	'',	NULL,	'',	0,	0.00000000,	2,	0.00000000,	2,	0.00000000,	4,	2,	2,	2,	0.00000000,	0.00000000,	'NING',	NULL,	'S',	'admin',	'2012-07-10 09:48:20',	'admin',	'2012-07-10 09:48:20'),
('R07',	'ACEITE  Girasoli x 1000 g',	'T',	'',	1,	NULL,	NULL,	36.00000000,	48.00000000,	40.00000000,	'Estándar',	0.00000000,	0.00000000,	0.00000000,	0.00000000,	'',	NULL,	NULL,	'',	NULL,	'',	0,	0.00000000,	2,	0.00000000,	2,	0.00000000,	4,	2,	2,	2,	0.00000000,	0.00000000,	'NING',	NULL,	'S',	'admin',	'2012-07-10 09:48:20',	'admin',	'2012-07-10 09:48:20'),
('R07-B',	'Aceite la Garza  x  500g',	'T',	'',	1,	NULL,	NULL,	36.00000000,	48.00000000,	40.00000000,	'Estándar',	0.00000000,	0.00000000,	0.00000000,	0.00000000,	'',	NULL,	NULL,	'',	NULL,	'',	0,	0.00000000,	2,	0.00000000,	2,	0.00000000,	4,	2,	2,	2,	0.00000000,	0.00000000,	'NING',	NULL,	'S',	'admin',	'2012-07-10 09:48:20',	'admin',	'2012-07-10 09:48:20'),
('R08',	'Aceite Buenisimo x 250',	'T',	'',	1,	NULL,	NULL,	36.00000000,	48.00000000,	40.00000000,	'Estándar',	0.00000000,	0.00000000,	0.00000000,	0.00000000,	'',	NULL,	NULL,	'',	NULL,	'',	0,	0.00000000,	2,	0.00000000,	2,	0.00000000,	4,	2,	2,	2,	0.00000000,	0.00000000,	'NING',	NULL,	'S',	'admin',	'2012-07-10 09:48:20',	'admin',	'2012-07-10 09:48:20'),
('R09',	'A ceite de Oliva x 140 g',	'T',	'',	1,	NULL,	NULL,	10.00000000,	20.00000000,	15.00000000,	'Estándar',	0.00000000,	0.00000000,	0.00000000,	0.00000000,	'',	NULL,	NULL,	'',	NULL,	'',	0,	0.00000000,	2,	0.00000000,	2,	0.00000000,	4,	2,	2,	2,	0.00000000,	0.00000000,	'NING',	NULL,	'S',	'admin',	'2012-07-10 09:48:20',	'admin',	'2012-07-10 09:48:20'),
('R10',	'Leche KLIM x  780 g',	'T',	'',	1,	NULL,	NULL,	4.00000000,	18.00000000,	10.00000000,	'Estándar',	0.00000000,	0.00000000,	0.00000000,	0.00000000,	'',	NULL,	NULL,	'',	NULL,	'',	0,	0.00000000,	2,	0.00000000,	2,	0.00000000,	4,	2,	2,	2,	0.00000000,	0.00000000,	'NING',	NULL,	'S',	'admin',	'2012-07-10 09:48:20',	'admin',	'2012-07-10 09:48:20'),
('R100',	'Salchicha ronda lata x 170g',	'T',	'',	1,	NULL,	NULL,	12.00000000,	24.00000000,	15.00000000,	'Estándar',	0.00000000,	0.00000000,	0.00000000,	0.00000000,	'',	NULL,	NULL,	'',	NULL,	'',	0,	0.00000000,	2,	0.00000000,	2,	0.00000000,	4,	2,	2,	2,	0.00000000,	0.00000000,	'NING',	NULL,	'S',	'admin',	'2012-07-10 09:48:20',	'admin',	'2012-07-10 09:48:20'),
('R101',	'Piña en rodajas lata x 340g',	'T',	'',	1,	NULL,	NULL,	4.00000000,	8.00000000,	15.00000000,	'Estándar',	0.00000000,	0.00000000,	0.00000000,	0.00000000,	'',	NULL,	NULL,	'',	NULL,	'',	0,	0.00000000,	2,	0.00000000,	2,	0.00000000,	4,	2,	2,	2,	0.00000000,	0.00000000,	'NING',	NULL,	'S',	'admin',	'2012-07-10 09:48:20',	'admin',	'2012-07-10 09:48:20'),
('R102',	'Coctel de frutas lata x 820g',	'T',	'',	1,	NULL,	NULL,	4.00000000,	8.00000000,	15.00000000,	'Estándar',	0.00000000,	0.00000000,	0.00000000,	0.00000000,	'',	NULL,	NULL,	'',	NULL,	'',	0,	0.00000000,	2,	0.00000000,	2,	0.00000000,	4,	2,	2,	2,	0.00000000,	0.00000000,	'NING',	NULL,	'S',	'admin',	'2012-07-10 09:48:20',	'admin',	'2012-07-10 09:48:20'),
('R103',	'Salsa de carne x 180g',	'T',	'',	1,	NULL,	NULL,	6.00000000,	15.00000000,	15.00000000,	'Estándar',	0.00000000,	0.00000000,	0.00000000,	0.00000000,	'',	NULL,	NULL,	'',	NULL,	'',	0,	0.00000000,	2,	0.00000000,	2,	0.00000000,	4,	2,	2,	2,	0.00000000,	0.00000000,	'NING',	NULL,	'S',	'admin',	'2012-07-10 09:48:20',	'admin',	'2012-07-10 09:48:20'),
('R104',	'Salsa negra x 185g',	'T',	'',	1,	NULL,	NULL,	6.00000000,	15.00000000,	15.00000000,	'Estándar',	0.00000000,	0.00000000,	0.00000000,	0.00000000,	'',	NULL,	NULL,	'',	NULL,	'',	0,	0.00000000,	2,	0.00000000,	2,	0.00000000,	4,	2,	2,	2,	0.00000000,	0.00000000,	'NING',	NULL,	'S',	'admin',	'2012-07-10 09:48:20',	'admin',	'2012-07-10 09:48:20'),
('R105',	'Salsa  BBQ x 185g',	'T',	'',	1,	NULL,	NULL,	6.00000000,	15.00000000,	15.00000000,	'Estándar',	0.00000000,	0.00000000,	0.00000000,	0.00000000,	'',	NULL,	NULL,	'',	NULL,	'',	0,	0.00000000,	2,	0.00000000,	2,	0.00000000,	4,	2,	2,	2,	0.00000000,	0.00000000,	'NING',	NULL,	'S',	'admin',	'2012-07-10 09:48:20',	'admin',	'2012-07-10 09:48:20'),
('R106',	'Salsa de aji x 185g',	'T',	'',	1,	NULL,	NULL,	6.00000000,	15.00000000,	15.00000000,	'Estándar',	0.00000000,	0.00000000,	0.00000000,	0.00000000,	'',	NULL,	NULL,	'',	NULL,	'',	0,	0.00000000,	2,	0.00000000,	2,	0.00000000,	4,	2,	2,	2,	0.00000000,	0.00000000,	'NING',	NULL,	'S',	'admin',	'2012-07-10 09:48:20',	'admin',	'2012-07-10 09:48:20'),
('R107',	'Salsa de ajo x 185g',	'T',	'',	1,	NULL,	NULL,	6.00000000,	15.00000000,	15.00000000,	'Estándar',	0.00000000,	0.00000000,	0.00000000,	0.00000000,	'',	NULL,	NULL,	'',	NULL,	'',	0,	0.00000000,	2,	0.00000000,	2,	0.00000000,	4,	2,	2,	2,	0.00000000,	0.00000000,	'NING',	NULL,	'S',	'admin',	'2012-07-10 09:48:20',	'admin',	'2012-07-10 09:48:20'),
('R108',	'Salsa soya x 185g',	'T',	'',	1,	NULL,	NULL,	6.00000000,	15.00000000,	15.00000000,	'Estándar',	0.00000000,	0.00000000,	0.00000000,	0.00000000,	'',	NULL,	NULL,	'',	NULL,	'',	0,	0.00000000,	2,	0.00000000,	2,	0.00000000,	4,	2,	2,	2,	0.00000000,	0.00000000,	'NING',	NULL,	'S',	'admin',	'2012-07-10 09:48:20',	'admin',	'2012-07-10 09:48:20'),
('R109',	'Salsa inglesa x 185g ',	'T',	'',	1,	NULL,	NULL,	6.00000000,	15.00000000,	15.00000000,	'Estándar',	0.00000000,	0.00000000,	0.00000000,	0.00000000,	'',	NULL,	NULL,	'',	NULL,	'',	0,	0.00000000,	2,	0.00000000,	2,	0.00000000,	4,	2,	2,	2,	0.00000000,	0.00000000,	'NING',	NULL,	'S',	'admin',	'2012-07-10 09:48:20',	'admin',	'2012-07-10 09:48:20'),
('R11',	'Leche klim fortificada por 360g',	'T',	'',	1,	NULL,	NULL,	24.00000000,	80.00000000,	30.00000000,	'Estándar',	0.00000000,	0.00000000,	0.00000000,	0.00000000,	'',	NULL,	NULL,	'',	NULL,	'',	0,	0.00000000,	2,	0.00000000,	2,	0.00000000,	4,	2,	2,	2,	0.00000000,	0.00000000,	'NING',	NULL,	'S',	'admin',	'2012-07-10 09:48:20',	'admin',	'2012-07-10 09:48:20'),
('R110',	'Pasta de ajo x 250g',	'T',	'',	1,	NULL,	NULL,	6.00000000,	12.00000000,	15.00000000,	'Estándar',	0.00000000,	0.00000000,	0.00000000,	0.00000000,	'',	NULL,	NULL,	'',	NULL,	'',	0,	0.00000000,	2,	0.00000000,	2,	0.00000000,	4,	2,	2,	2,	0.00000000,	0.00000000,	'NING',	NULL,	'S',	'admin',	'2012-07-10 09:48:20',	'admin',	'2012-07-10 09:48:20'),
('R111',	'Pasta de tomate x 250g',	'T',	'',	1,	NULL,	NULL,	6.00000000,	12.00000000,	15.00000000,	'Estándar',	0.00000000,	0.00000000,	0.00000000,	0.00000000,	'',	NULL,	NULL,	'',	NULL,	'',	0,	0.00000000,	2,	0.00000000,	2,	0.00000000,	4,	2,	2,	2,	0.00000000,	0.00000000,	'NING',	NULL,	'S',	'admin',	'2012-07-10 09:48:20',	'admin',	'2012-07-10 09:48:20'),
('R112',	'Aceitunas x 125 g ',	'T',	'',	1,	NULL,	NULL,	12.00000000,	24.00000000,	15.00000000,	'Estándar',	0.00000000,	0.00000000,	0.00000000,	0.00000000,	'',	NULL,	NULL,	'',	NULL,	'',	0,	0.00000000,	2,	0.00000000,	2,	0.00000000,	4,	2,	2,	2,	0.00000000,	0.00000000,	'NING',	NULL,	'S',	'admin',	'2012-07-10 09:48:20',	'admin',	'2012-07-10 09:48:20'),
('R113',	'Alcaparras x 125g',	'T',	'',	1,	NULL,	NULL,	12.00000000,	24.00000000,	15.00000000,	'Estándar',	0.00000000,	0.00000000,	0.00000000,	0.00000000,	'',	NULL,	NULL,	'',	NULL,	'',	0,	0.00000000,	2,	0.00000000,	2,	0.00000000,	4,	2,	2,	2,	0.00000000,	0.00000000,	'NING',	NULL,	'S',	'admin',	'2012-07-10 09:48:20',	'admin',	'2012-07-10 09:48:20'),
('R114',	'Champiñones x 200g ',	'T',	'',	1,	NULL,	NULL,	6.00000000,	15.00000000,	15.00000000,	'Estándar',	0.00000000,	0.00000000,	0.00000000,	0.00000000,	'',	NULL,	NULL,	'',	NULL,	'',	0,	0.00000000,	2,	0.00000000,	2,	0.00000000,	4,	2,	2,	2,	0.00000000,	0.00000000,	'NING',	NULL,	'S',	'admin',	'2012-07-10 09:48:20',	'admin',	'2012-07-10 09:48:20'),
('R115',	'Dulce de brevas x600g',	'T',	'',	1,	NULL,	NULL,	6.00000000,	15.00000000,	15.00000000,	'Estándar',	0.00000000,	0.00000000,	0.00000000,	0.00000000,	'',	NULL,	NULL,	'',	NULL,	'',	0,	0.00000000,	2,	0.00000000,	2,	0.00000000,	4,	2,	2,	2,	0.00000000,	0.00000000,	'NING',	NULL,	'S',	'admin',	'2012-07-10 09:48:20',	'admin',	'2012-07-10 09:48:20'),
('R116',	'Kola granulada  pequeño ',	'T',	'',	1,	NULL,	NULL,	8.00000000,	15.00000000,	15.00000000,	'Estándar',	0.00000000,	0.00000000,	0.00000000,	0.00000000,	'',	NULL,	NULL,	'',	NULL,	'',	0,	0.00000000,	2,	0.00000000,	2,	0.00000000,	4,	2,	2,	2,	0.00000000,	0.00000000,	'NING',	NULL,	'S',	'admin',	'2012-07-10 09:48:20',	'admin',	'2012-07-10 09:48:20'),
('R117',	'Kola granulada grande ',	'T',	'',	1,	NULL,	NULL,	8.00000000,	15.00000000,	15.00000000,	'Estándar',	0.00000000,	0.00000000,	0.00000000,	0.00000000,	'',	NULL,	NULL,	'',	NULL,	'',	0,	0.00000000,	2,	0.00000000,	2,	0.00000000,	4,	2,	2,	2,	0.00000000,	0.00000000,	'NING',	NULL,	'S',	'admin',	'2012-07-10 09:48:20',	'admin',	'2012-07-10 09:48:20'),
('R118',	'Tarrito rojo chicos x 200g',	'T',	'',	1,	NULL,	NULL,	8.00000000,	15.00000000,	15.00000000,	'Estándar',	0.00000000,	0.00000000,	0.00000000,	0.00000000,	'',	NULL,	NULL,	'',	NULL,	'',	0,	0.00000000,	2,	0.00000000,	2,	0.00000000,	4,	2,	2,	2,	0.00000000,	0.00000000,	'NING',	NULL,	'S',	'admin',	'2012-07-10 09:48:20',	'admin',	'2012-07-10 09:48:20'),
('R119',	'Compota ma x 113g',	'T',	'',	1,	NULL,	NULL,	24.00000000,	80.00000000,	30.00000000,	'Estándar',	0.00000000,	0.00000000,	0.00000000,	0.00000000,	'',	NULL,	NULL,	'',	NULL,	'',	0,	0.00000000,	2,	0.00000000,	2,	0.00000000,	4,	2,	2,	2,	0.00000000,	0.00000000,	'NING',	NULL,	'S',	'admin',	'2012-07-10 09:48:20',	'admin',	'2012-07-10 09:48:20'),
('R12',	'Leche Klim Nutri Rindes x 364 g',	'T',	'',	1,	NULL,	NULL,	24.00000000,	80.00000000,	30.00000000,	'Estándar',	0.00000000,	0.00000000,	0.00000000,	0.00000000,	'',	NULL,	NULL,	'',	NULL,	'',	0,	0.00000000,	2,	0.00000000,	2,	0.00000000,	4,	2,	2,	2,	0.00000000,	0.00000000,	'NING',	NULL,	'S',	'admin',	'2012-07-10 09:48:20',	'admin',	'2012-07-10 09:48:20'),
('R120',	'Compota heinz  x 113 g ',	'T',	'',	1,	NULL,	NULL,	24.00000000,	80.00000000,	30.00000000,	'Estándar',	0.00000000,	0.00000000,	0.00000000,	0.00000000,	'',	NULL,	NULL,	'',	NULL,	'',	0,	0.00000000,	2,	0.00000000,	2,	0.00000000,	4,	2,	2,	2,	0.00000000,	0.00000000,	'NING',	NULL,	'S',	'admin',	'2012-07-10 09:48:20',	'admin',	'2012-07-10 09:48:20'),
('R121',	'Zucaritas caja x 300g ',	'T',	'',	1,	NULL,	NULL,	6.00000000,	12.00000000,	10.00000000,	'Estándar',	0.00000000,	0.00000000,	0.00000000,	0.00000000,	'',	NULL,	NULL,	'',	NULL,	'',	0,	0.00000000,	2,	0.00000000,	2,	0.00000000,	4,	2,	2,	2,	0.00000000,	0.00000000,	'NING',	NULL,	'S',	'admin',	'2012-07-10 09:48:20',	'admin',	'2012-07-10 09:48:20'),
('R122',	'Corn flakes  caja x 200g',	'T',	'',	1,	NULL,	NULL,	6.00000000,	12.00000000,	10.00000000,	'Estándar',	0.00000000,	0.00000000,	0.00000000,	0.00000000,	'',	NULL,	NULL,	'',	NULL,	'',	0,	0.00000000,	2,	0.00000000,	2,	0.00000000,	4,	2,	2,	2,	0.00000000,	0.00000000,	'NING',	NULL,	'S',	'admin',	'2012-07-10 09:48:20',	'admin',	'2012-07-10 09:48:20'),
('R123',	'Choco crispis caja x 320g ',	'T',	'',	1,	NULL,	NULL,	6.00000000,	12.00000000,	10.00000000,	'Estándar',	0.00000000,	0.00000000,	0.00000000,	0.00000000,	'',	NULL,	NULL,	'',	NULL,	'',	0,	0.00000000,	2,	0.00000000,	2,	0.00000000,	4,	2,	2,	2,	0.00000000,	0.00000000,	'NING',	NULL,	'S',	'admin',	'2012-07-10 09:48:20',	'admin',	'2012-07-10 09:48:20'),
('R124',	'Zucaritas bolsa x 130 g',	'T',	'',	1,	NULL,	NULL,	10.00000000,	30.00000000,	15.00000000,	'Estándar',	0.00000000,	0.00000000,	0.00000000,	0.00000000,	'',	NULL,	NULL,	'',	NULL,	'',	0,	0.00000000,	2,	0.00000000,	2,	0.00000000,	4,	2,	2,	2,	0.00000000,	0.00000000,	'NING',	NULL,	'S',	'admin',	'2012-07-10 09:48:20',	'admin',	'2012-07-10 09:48:20'),
('R125',	'Choco crispis bolsa x130g',	'T',	'',	1,	NULL,	NULL,	10.00000000,	30.00000000,	15.00000000,	'Estándar',	0.00000000,	0.00000000,	0.00000000,	0.00000000,	'',	NULL,	NULL,	'',	NULL,	'',	0,	0.00000000,	2,	0.00000000,	2,	0.00000000,	4,	2,	2,	2,	0.00000000,	0.00000000,	'NING',	NULL,	'S',	'admin',	'2012-07-10 09:48:20',	'admin',	'2012-07-10 09:48:20'),
('R126',	'Hojuelas azucaradas x200g',	'T',	'',	1,	NULL,	NULL,	4.00000000,	8.00000000,	5.00000000,	'Estándar',	0.00000000,	0.00000000,	0.00000000,	0.00000000,	'',	NULL,	NULL,	'',	NULL,	'',	0,	0.00000000,	2,	0.00000000,	2,	0.00000000,	4,	2,	2,	2,	0.00000000,	0.00000000,	'NING',	NULL,	'S',	'admin',	'2012-07-10 09:48:20',	'admin',	'2012-07-10 09:48:20'),
('R127',	'Zucaritas x 35g',	'T',	'',	1,	NULL,	NULL,	20.00000000,	60.00000000,	25.00000000,	'Estándar',	0.00000000,	0.00000000,	0.00000000,	0.00000000,	'',	NULL,	NULL,	'',	NULL,	'',	0,	0.00000000,	2,	0.00000000,	2,	0.00000000,	4,	2,	2,	2,	0.00000000,	0.00000000,	'NING',	NULL,	'S',	'admin',	'2012-07-10 09:48:20',	'admin',	'2012-07-10 09:48:20'),
('R128',	'Chococrispis x 35g',	'T',	'',	1,	NULL,	NULL,	20.00000000,	60.00000000,	25.00000000,	'Estándar',	0.00000000,	0.00000000,	0.00000000,	0.00000000,	'',	NULL,	NULL,	'',	NULL,	'',	0,	0.00000000,	2,	0.00000000,	2,	0.00000000,	4,	2,	2,	2,	0.00000000,	0.00000000,	'NING',	NULL,	'S',	'admin',	'2012-07-10 09:48:20',	'admin',	'2012-07-10 09:48:20'),
('R129',	'Ricostilla caja x 8 cubos ',	'T',	'',	1,	NULL,	NULL,	10.00000000,	30.00000000,	15.00000000,	'Estándar',	0.00000000,	0.00000000,	0.00000000,	0.00000000,	'',	NULL,	NULL,	'',	NULL,	'',	0,	0.00000000,	2,	0.00000000,	2,	0.00000000,	4,	2,	2,	2,	0.00000000,	0.00000000,	'NING',	NULL,	'S',	'admin',	'2012-07-10 09:48:20',	'admin',	'2012-07-10 09:48:20'),
('R13',	'Leche Colanta Entera x 1000g',	'T',	'',	1,	NULL,	NULL,	6.00000000,	15.00000000,	10.00000000,	'Estándar',	0.00000000,	0.00000000,	0.00000000,	0.00000000,	'',	NULL,	NULL,	'',	NULL,	'',	0,	0.00000000,	2,	0.00000000,	2,	0.00000000,	4,	2,	2,	2,	0.00000000,	0.00000000,	'NING',	NULL,	'S',	'admin',	'2012-07-10 09:48:20',	'admin',	'2012-07-10 09:48:20'),
('R130',	' Ricostilla caja x 12 cubos',	'T',	'',	1,	NULL,	NULL,	10.00000000,	30.00000000,	15.00000000,	'Estándar',	0.00000000,	0.00000000,	0.00000000,	0.00000000,	'',	NULL,	NULL,	'',	NULL,	'',	0,	0.00000000,	2,	0.00000000,	2,	0.00000000,	4,	2,	2,	2,	0.00000000,	0.00000000,	'NING',	NULL,	'S',	'admin',	'2012-07-10 09:48:20',	'admin',	'2012-07-10 09:48:20'),
('R131',	'Maggi caja x 8 cubos ',	'T',	'',	1,	NULL,	NULL,	10.00000000,	30.00000000,	15.00000000,	'Estándar',	0.00000000,	0.00000000,	0.00000000,	0.00000000,	'',	NULL,	NULL,	'',	NULL,	'',	0,	0.00000000,	2,	0.00000000,	2,	0.00000000,	4,	2,	2,	2,	0.00000000,	0.00000000,	'NING',	NULL,	'S',	'admin',	'2012-07-10 09:48:20',	'admin',	'2012-07-10 09:48:20'),
('R132',	'MAGGI X 12 CUBOS ',	'T',	'',	1,	NULL,	NULL,	10.00000000,	30.00000000,	15.00000000,	'Estándar',	0.00000000,	0.00000000,	0.00000000,	0.00000000,	'',	NULL,	NULL,	'',	NULL,	'',	0,	0.00000000,	2,	0.00000000,	2,	0.00000000,	4,	2,	2,	2,	0.00000000,	0.00000000,	'NING',	NULL,	'S',	'admin',	'2012-07-10 09:48:20',	'admin',	'2012-07-10 09:48:20'),
('R133',	'Promasa blanca x 500g',	'T',	'',	1,	NULL,	NULL,	24.00000000,	100.00000000,	30.00000000,	'Estándar',	0.00000000,	0.00000000,	0.00000000,	0.00000000,	'',	NULL,	NULL,	'',	NULL,	'',	0,	0.00000000,	2,	0.00000000,	2,	0.00000000,	4,	2,	2,	2,	0.00000000,	0.00000000,	'NING',	NULL,	'S',	'admin',	'2012-07-10 09:48:20',	'admin',	'2012-07-10 09:48:20'),
('R134',	'Promasa amarilla x 500g',	'T',	'',	1,	NULL,	NULL,	24.00000000,	100.00000000,	30.00000000,	'Estándar',	0.00000000,	0.00000000,	0.00000000,	0.00000000,	'',	NULL,	NULL,	'',	NULL,	'',	0,	0.00000000,	2,	0.00000000,	2,	0.00000000,	4,	2,	2,	2,	0.00000000,	0.00000000,	'NING',	NULL,	'S',	'admin',	'2012-07-10 09:48:20',	'admin',	'2012-07-10 09:48:20'),
('R135',	'Arepa nieve blanca x 500g ',	'T',	'',	1,	NULL,	NULL,	24.00000000,	70.00000000,	30.00000000,	'Estándar',	0.00000000,	0.00000000,	0.00000000,	0.00000000,	'',	NULL,	NULL,	'',	NULL,	'',	0,	0.00000000,	2,	0.00000000,	2,	0.00000000,	4,	2,	2,	2,	0.00000000,	0.00000000,	'NING',	NULL,	'S',	'admin',	'2012-07-10 09:48:20',	'admin',	'2012-07-10 09:48:20'),
('R136',	'Arepa nieve amarilla x 500g',	'T',	'',	1,	NULL,	NULL,	24.00000000,	70.00000000,	30.00000000,	'Estándar',	0.00000000,	0.00000000,	0.00000000,	0.00000000,	'',	NULL,	NULL,	'',	NULL,	'',	0,	0.00000000,	2,	0.00000000,	2,	0.00000000,	4,	2,	2,	2,	0.00000000,	0.00000000,	'NING',	NULL,	'S',	'admin',	'2012-07-10 09:48:20',	'admin',	'2012-07-10 09:48:20'),
('R137',	'Harina pan blanca x 500g',	'T',	'',	1,	NULL,	NULL,	24.00000000,	50.00000000,	30.00000000,	'Estándar',	0.00000000,	0.00000000,	0.00000000,	0.00000000,	'',	NULL,	NULL,	'',	NULL,	'',	0,	0.00000000,	2,	0.00000000,	2,	0.00000000,	4,	2,	2,	2,	0.00000000,	0.00000000,	'NING',	NULL,	'S',	'admin',	'2012-07-10 09:48:20',	'admin',	'2012-07-10 09:48:20'),
('R138',	'Harina pan blanca x 1000g',	'T',	'',	1,	NULL,	NULL,	24.00000000,	70.00000000,	30.00000000,	'Estándar',	0.00000000,	0.00000000,	0.00000000,	0.00000000,	'',	NULL,	NULL,	'',	NULL,	'',	0,	0.00000000,	2,	0.00000000,	2,	0.00000000,	4,	2,	2,	2,	0.00000000,	0.00000000,	'NING',	NULL,	'S',	'admin',	'2012-07-10 09:48:20',	'admin',	'2012-07-10 09:48:20'),
('R139',	'Harina de trigo paspan x 500g',	'T',	'',	1,	NULL,	NULL,	25.00000000,	60.00000000,	30.00000000,	'Estándar',	0.00000000,	0.00000000,	0.00000000,	0.00000000,	'',	NULL,	NULL,	'',	NULL,	'',	0,	0.00000000,	2,	0.00000000,	2,	0.00000000,	4,	2,	2,	2,	0.00000000,	0.00000000,	'NING',	NULL,	'S',	'admin',	'2012-07-10 09:48:20',	'admin',	'2012-07-10 09:48:20'),
('R14',	'Leche colanta descremada x400g',	'T',	'',	1,	NULL,	NULL,	6.00000000,	15.00000000,	10.00000000,	'Estándar',	0.00000000,	0.00000000,	0.00000000,	0.00000000,	'',	NULL,	NULL,	'',	NULL,	'',	0,	0.00000000,	2,	0.00000000,	2,	0.00000000,	4,	2,	2,	2,	0.00000000,	0.00000000,	'NING',	NULL,	'S',	'admin',	'2012-07-10 09:48:20',	'admin',	'2012-07-10 09:48:20'),
('R140',	'Harina de trigo corona x500g',	'T',	'',	1,	NULL,	NULL,	25.00000000,	60.00000000,	30.00000000,	'Estándar',	0.00000000,	0.00000000,	0.00000000,	0.00000000,	'',	NULL,	NULL,	'',	NULL,	'',	0,	0.00000000,	2,	0.00000000,	2,	0.00000000,	4,	2,	2,	2,	0.00000000,	0.00000000,	'NING',	NULL,	'S',	'admin',	'2012-07-10 09:48:20',	'admin',	'2012-07-10 09:48:20'),
('R141',	'Harina de trigo has de oros x 500g',	'T',	'',	1,	NULL,	NULL,	25.00000000,	60.00000000,	30.00000000,	'Estándar',	0.00000000,	0.00000000,	0.00000000,	0.00000000,	'',	NULL,	NULL,	'',	NULL,	'',	0,	0.00000000,	2,	0.00000000,	2,	0.00000000,	4,	2,	2,	2,	0.00000000,	0.00000000,	'NING',	NULL,	'S',	'admin',	'2012-07-10 09:48:20',	'admin',	'2012-07-10 09:48:20'),
('R142',	'Avena molida don pancho x 250g',	'T',	'',	1,	NULL,	NULL,	20.00000000,	50.00000000,	30.00000000,	'Estándar',	0.00000000,	0.00000000,	0.00000000,	0.00000000,	'',	NULL,	NULL,	'',	NULL,	'',	0,	0.00000000,	2,	0.00000000,	2,	0.00000000,	4,	2,	2,	2,	0.00000000,	0.00000000,	'NING',	NULL,	'S',	'admin',	'2012-07-10 09:48:20',	'admin',	'2012-07-10 09:48:20'),
('R143',	'Avena en hojuelas x 250g',	'T',	'',	1,	NULL,	NULL,	20.00000000,	50.00000000,	30.00000000,	'Estándar',	0.00000000,	0.00000000,	0.00000000,	0.00000000,	'',	NULL,	NULL,	'',	NULL,	'',	0,	0.00000000,	2,	0.00000000,	2,	0.00000000,	4,	2,	2,	2,	0.00000000,	0.00000000,	'NING',	NULL,	'S',	'admin',	'2012-07-10 09:48:20',	'admin',	'2012-07-10 09:48:20'),
('R144',	'Carve caja x 165g',	'T',	'',	1,	NULL,	NULL,	20.00000000,	30.00000000,	30.00000000,	'Estándar',	0.00000000,	0.00000000,	0.00000000,	0.00000000,	'',	NULL,	NULL,	'',	NULL,	'',	0,	0.00000000,	2,	0.00000000,	2,	0.00000000,	4,	2,	2,	2,	0.00000000,	0.00000000,	'NING',	NULL,	'S',	'admin',	'2012-07-10 09:48:20',	'admin',	'2012-07-10 09:48:20'),
('R145',	'Carve bolsa x 200g',	'T',	'',	1,	NULL,	NULL,	20.00000000,	30.00000000,	30.00000000,	'Estándar',	0.00000000,	0.00000000,	0.00000000,	0.00000000,	'',	NULL,	NULL,	'',	NULL,	'',	0,	0.00000000,	2,	0.00000000,	2,	0.00000000,	4,	2,	2,	2,	0.00000000,	0.00000000,	'NING',	NULL,	'S',	'admin',	'2012-07-10 09:48:20',	'admin',	'2012-07-10 09:48:20'),
('R146',	'Ceresopa x 250g ',	'T',	'',	1,	NULL,	NULL,	10.00000000,	40.00000000,	30.00000000,	'Estándar',	0.00000000,	0.00000000,	0.00000000,	0.00000000,	'',	NULL,	NULL,	'',	NULL,	'',	0,	0.00000000,	2,	0.00000000,	2,	0.00000000,	4,	2,	2,	2,	0.00000000,	0.00000000,	'NING',	NULL,	'S',	'admin',	'2012-07-10 09:48:20',	'admin',	'2012-07-10 09:48:20'),
('R147',	'Pasta de sopa doria x250g',	'T',	'',	1,	NULL,	NULL,	20.00000000,	100.00000000,	30.00000000,	'Estándar',	0.00000000,	0.00000000,	0.00000000,	0.00000000,	'',	NULL,	NULL,	'',	NULL,	'',	0,	0.00000000,	2,	0.00000000,	2,	0.00000000,	4,	2,	2,	2,	0.00000000,	0.00000000,	'NING',	NULL,	'S',	'admin',	'2012-07-10 09:48:20',	'admin',	'2012-07-10 09:48:20'),
('R148',	'Pasta de sopa la nieve x 250g',	'T',	'',	1,	NULL,	NULL,	20.00000000,	100.00000000,	30.00000000,	'Estándar',	0.00000000,	0.00000000,	0.00000000,	0.00000000,	'',	NULL,	NULL,	'',	NULL,	'',	0,	0.00000000,	2,	0.00000000,	2,	0.00000000,	4,	2,	2,	2,	0.00000000,	0.00000000,	'NING',	NULL,	'S',	'admin',	'2012-07-10 09:48:20',	'admin',	'2012-07-10 09:48:20'),
('R149',	'Pasta de sopa comarrico x 250g',	'T',	'',	1,	NULL,	NULL,	20.00000000,	100.00000000,	30.00000000,	'Estándar',	0.00000000,	0.00000000,	0.00000000,	0.00000000,	'',	NULL,	NULL,	'',	NULL,	'',	0,	0.00000000,	2,	0.00000000,	2,	0.00000000,	4,	2,	2,	2,	0.00000000,	0.00000000,	'NING',	NULL,	'S',	'admin',	'2012-07-10 09:48:20',	'admin',	'2012-07-10 09:48:20'),
('R15',	'Leche colanta entera deslactosada x 400g',	'T',	'',	1,	NULL,	NULL,	6.00000000,	15.00000000,	10.00000000,	'Estándar',	0.00000000,	0.00000000,	0.00000000,	0.00000000,	'',	NULL,	NULL,	'',	NULL,	'',	0,	0.00000000,	2,	0.00000000,	2,	0.00000000,	4,	2,	2,	2,	0.00000000,	0.00000000,	'NING',	NULL,	'S',	'admin',	'2012-07-10 09:48:20',	'admin',	'2012-07-10 09:48:20'),
('R150',	'Pasta de sopa santali x 250g',	'T',	'',	1,	NULL,	NULL,	20.00000000,	100.00000000,	30.00000000,	'Estándar',	0.00000000,	0.00000000,	0.00000000,	0.00000000,	'',	NULL,	NULL,	'',	NULL,	'',	0,	0.00000000,	2,	0.00000000,	2,	0.00000000,	4,	2,	2,	2,	0.00000000,	0.00000000,	'NING',	NULL,	'S',	'admin',	'2012-07-10 09:48:20',	'admin',	'2012-07-10 09:48:20'),
('R151',	'Spaguetti la muñeca x250g',	'T',	'',	1,	NULL,	NULL,	20.00000000,	100.00000000,	30.00000000,	'Estándar',	0.00000000,	0.00000000,	0.00000000,	0.00000000,	'',	NULL,	NULL,	'',	NULL,	'',	0,	0.00000000,	2,	0.00000000,	2,	0.00000000,	4,	2,	2,	2,	0.00000000,	0.00000000,	'NING',	NULL,	'S',	'admin',	'2012-07-10 09:48:20',	'admin',	'2012-07-10 09:48:20'),
('R152',	'Spaguetti doria x 25g',	'T',	'',	1,	NULL,	NULL,	20.00000000,	100.00000000,	30.00000000,	'Estándar',	0.00000000,	0.00000000,	0.00000000,	0.00000000,	'',	NULL,	NULL,	'',	NULL,	'',	0,	0.00000000,	2,	0.00000000,	2,	0.00000000,	4,	2,	2,	2,	0.00000000,	0.00000000,	'NING',	NULL,	'S',	'admin',	'2012-07-10 09:48:20',	'admin',	'2012-07-10 09:48:20'),
('R153',	'Spaguetti la nieve x 250g ',	'T',	'',	1,	NULL,	NULL,	20.00000000,	100.00000000,	30.00000000,	'Estándar',	0.00000000,	0.00000000,	0.00000000,	0.00000000,	'',	NULL,	NULL,	'',	NULL,	'',	0,	0.00000000,	2,	0.00000000,	2,	0.00000000,	4,	2,	2,	2,	0.00000000,	0.00000000,	'NING',	NULL,	'S',	'admin',	'2012-07-10 09:48:20',	'admin',	'2012-07-10 09:48:20'),
('R154',	'Spaguetti santali x 250g',	'T',	'',	1,	NULL,	NULL,	20.00000000,	100.00000000,	30.00000000,	'Estándar',	0.00000000,	0.00000000,	0.00000000,	0.00000000,	'',	NULL,	NULL,	'',	NULL,	'',	0,	0.00000000,	2,	0.00000000,	2,	0.00000000,	4,	2,	2,	2,	0.00000000,	0.00000000,	'NING',	NULL,	'S',	'admin',	'2012-07-10 09:48:20',	'admin',	'2012-07-10 09:48:20'),
('R155',	'Spaguetti coma rrico x 250g',	'T',	'',	1,	NULL,	NULL,	20.00000000,	100.00000000,	30.00000000,	'Estándar',	0.00000000,	0.00000000,	0.00000000,	0.00000000,	'',	NULL,	NULL,	'',	NULL,	'',	0,	0.00000000,	2,	0.00000000,	2,	0.00000000,	4,	2,	2,	2,	0.00000000,	0.00000000,	'NING',	NULL,	'S',	'admin',	'2012-07-10 09:48:20',	'admin',	'2012-07-10 09:48:20'),
('R156',	'Pasta para lasaña doria x 250g',	'T',	'',	1,	NULL,	NULL,	15.00000000,	30.00000000,	30.00000000,	'Estándar',	0.00000000,	0.00000000,	0.00000000,	0.00000000,	'',	NULL,	NULL,	'',	NULL,	'',	0,	0.00000000,	2,	0.00000000,	2,	0.00000000,	4,	2,	2,	2,	0.00000000,	0.00000000,	'NING',	NULL,	'S',	'admin',	'2012-07-10 09:48:20',	'admin',	'2012-07-10 09:48:20'),
('R157',	'La sopera caja x 83g',	'T',	'',	1,	NULL,	NULL,	15.00000000,	60.00000000,	30.00000000,	'Estándar',	0.00000000,	0.00000000,	0.00000000,	0.00000000,	'',	NULL,	NULL,	'',	NULL,	'',	0,	0.00000000,	2,	0.00000000,	2,	0.00000000,	4,	2,	2,	2,	0.00000000,	0.00000000,	'NING',	NULL,	'S',	'admin',	'2012-07-10 09:48:20',	'admin',	'2012-07-10 09:48:20'),
('R158',	'Sopas durena x 120g',	'T',	'',	1,	NULL,	NULL,	15.00000000,	70.00000000,	30.00000000,	'Estándar',	0.00000000,	0.00000000,	0.00000000,	0.00000000,	'',	NULL,	NULL,	'',	NULL,	'',	0,	0.00000000,	2,	0.00000000,	2,	0.00000000,	4,	2,	2,	2,	0.00000000,	0.00000000,	'NING',	NULL,	'S',	'admin',	'2012-07-10 09:48:20',	'admin',	'2012-07-10 09:48:20'),
('R159',	'Pollo hiervas del campo maggi x 30g',	'T',	'',	1,	NULL,	NULL,	15.00000000,	30.00000000,	30.00000000,	'Estándar',	0.00000000,	0.00000000,	0.00000000,	0.00000000,	'',	NULL,	NULL,	'',	NULL,	'',	0,	0.00000000,	2,	0.00000000,	2,	0.00000000,	4,	2,	2,	2,	0.00000000,	0.00000000,	'NING',	NULL,	'S',	'admin',	'2012-07-10 09:48:20',	'admin',	'2012-07-10 09:48:20'),
('R16',	'Leche colanta entera x 400',	'T',	'',	1,	NULL,	NULL,	6.00000000,	15.00000000,	10.00000000,	'Estándar',	0.00000000,	0.00000000,	0.00000000,	0.00000000,	'',	NULL,	NULL,	'',	NULL,	'',	0,	0.00000000,	2,	0.00000000,	2,	0.00000000,	4,	2,	2,	2,	0.00000000,	0.00000000,	'NING',	NULL,	'S',	'admin',	'2012-07-10 09:48:20',	'admin',	'2012-07-10 09:48:20'),
('R160',	'Pollo al pigmenton maggi x 32g',	'T',	'',	1,	NULL,	NULL,	15.00000000,	30.00000000,	30.00000000,	'Estándar',	0.00000000,	0.00000000,	0.00000000,	0.00000000,	'',	NULL,	NULL,	'',	NULL,	'',	0,	0.00000000,	2,	0.00000000,	2,	0.00000000,	4,	2,	2,	2,	0.00000000,	0.00000000,	'NING',	NULL,	'S',	'admin',	'2012-07-10 09:48:20',	'admin',	'2012-07-10 09:48:20'),
('R161',	'Cremas maggi  x 45g ',	'T',	'',	1,	NULL,	NULL,	15.00000000,	30.00000000,	30.00000000,	'Estándar',	0.00000000,	0.00000000,	0.00000000,	0.00000000,	'',	NULL,	NULL,	'',	NULL,	'',	0,	0.00000000,	2,	0.00000000,	2,	0.00000000,	4,	2,	2,	2,	0.00000000,	0.00000000,	'NING',	NULL,	'S',	'admin',	'2012-07-10 09:48:20',	'admin',	'2012-07-10 09:48:20'),
('R162',	'Manteca tarro x 1000g',	'T',	'',	1,	NULL,	NULL,	4.00000000,	12.00000000,	7.00000000,	'Estándar',	0.00000000,	0.00000000,	0.00000000,	0.00000000,	'',	NULL,	NULL,	'',	NULL,	'',	0,	0.00000000,	2,	0.00000000,	2,	0.00000000,	4,	2,	2,	2,	0.00000000,	0.00000000,	'NING',	NULL,	'S',	'admin',	'2012-07-10 09:48:20',	'admin',	'2012-07-10 09:48:20'),
('R163',	'Manteca frida x 125g ',	'T',	'',	1,	NULL,	NULL,	20.00000000,	100.00000000,	30.00000000,	'Estándar',	0.00000000,	0.00000000,	0.00000000,	0.00000000,	'',	NULL,	NULL,	'',	NULL,	'',	0,	0.00000000,	2,	0.00000000,	2,	0.00000000,	4,	2,	2,	2,	0.00000000,	0.00000000,	'NING',	NULL,	'S',	'admin',	'2012-07-10 09:48:20',	'admin',	'2012-07-10 09:48:20'),
('R164',	'Manteca frida x 250g',	'T',	'',	1,	NULL,	NULL,	20.00000000,	100.00000000,	30.00000000,	'Estándar',	0.00000000,	0.00000000,	0.00000000,	0.00000000,	'',	NULL,	NULL,	'',	NULL,	'',	0,	0.00000000,	2,	0.00000000,	2,	0.00000000,	4,	2,	2,	2,	0.00000000,	0.00000000,	'NING',	NULL,	'S',	'admin',	'2012-07-10 09:48:20',	'admin',	'2012-07-10 09:48:20'),
('R165',	'Manteca frida x 500g',	'T',	'',	1,	NULL,	NULL,	20.00000000,	100.00000000,	30.00000000,	'Estándar',	0.00000000,	0.00000000,	0.00000000,	0.00000000,	'',	NULL,	NULL,	'',	NULL,	'',	0,	0.00000000,	2,	0.00000000,	2,	0.00000000,	4,	2,	2,	2,	0.00000000,	0.00000000,	'NING',	NULL,	'S',	'admin',	'2012-07-10 09:48:20',	'admin',	'2012-07-10 09:48:20'),
('R166',	'Mantequilla campi caja x 125g',	'T',	'',	1,	NULL,	NULL,	15.00000000,	40.00000000,	20.00000000,	'Estándar',	0.00000000,	0.00000000,	0.00000000,	0.00000000,	'',	NULL,	NULL,	'',	NULL,	'',	0,	0.00000000,	2,	0.00000000,	2,	0.00000000,	4,	2,	2,	2,	0.00000000,	0.00000000,	'NING',	NULL,	'S',	'admin',	'2012-07-10 09:48:20',	'admin',	'2012-07-10 09:48:20'),
('R167',	'Mantequilla campi x250g',	'T',	'',	1,	NULL,	NULL,	15.00000000,	40.00000000,	20.00000000,	'Estándar',	0.00000000,	0.00000000,	0.00000000,	0.00000000,	'',	NULL,	NULL,	'',	NULL,	'',	0,	0.00000000,	2,	0.00000000,	2,	0.00000000,	4,	2,	2,	2,	0.00000000,	0.00000000,	'NING',	NULL,	'S',	'admin',	'2012-07-10 09:48:20',	'admin',	'2012-07-10 09:48:20'),
('R168',	'Mantequilla x 125g',	'T',	'',	1,	NULL,	NULL,	20.00000000,	100.00000000,	30.00000000,	'Estándar',	0.00000000,	0.00000000,	0.00000000,	0.00000000,	'',	NULL,	NULL,	'',	NULL,	'',	0,	0.00000000,	2,	0.00000000,	2,	0.00000000,	4,	2,	2,	2,	0.00000000,	0.00000000,	'NING',	NULL,	'S',	'admin',	'2012-07-10 09:48:20',	'admin',	'2012-07-10 09:48:20'),
('R169',	'mantequilla la buena x 250g',	'T',	'',	1,	NULL,	NULL,	20.00000000,	100.00000000,	30.00000000,	'Estándar',	0.00000000,	0.00000000,	0.00000000,	0.00000000,	'',	NULL,	NULL,	'',	NULL,	'',	0,	0.00000000,	2,	0.00000000,	2,	0.00000000,	4,	2,	2,	2,	0.00000000,	0.00000000,	'NING',	NULL,	'S',	'admin',	'2012-07-10 09:48:20',	'admin',	'2012-07-10 09:48:20'),
('R17',	'Leche colanta entera x 200g',	'T',	'',	1,	NULL,	NULL,	20.00000000,	60.00000000,	30.00000000,	'Estándar',	0.00000000,	0.00000000,	0.00000000,	0.00000000,	'',	NULL,	NULL,	'',	NULL,	'',	0,	0.00000000,	2,	0.00000000,	2,	0.00000000,	4,	2,	2,	2,	0.00000000,	0.00000000,	'NING',	NULL,	'S',	'admin',	'2012-07-10 09:48:20',	'admin',	'2012-07-10 09:48:20'),
('R170',	'Galleta wafer 117g',	'T',	'',	1,	NULL,	NULL,	15.00000000,	60.00000000,	20.00000000,	'Estándar',	0.00000000,	0.00000000,	0.00000000,	0.00000000,	'',	NULL,	NULL,	'',	NULL,	'',	0,	0.00000000,	2,	0.00000000,	2,	0.00000000,	4,	2,	2,	2,	0.00000000,	0.00000000,	'NING',	NULL,	'S',	'admin',	'2012-07-10 09:48:20',	'admin',	'2012-07-10 09:48:20'),
('R171',	'Galleta  festival x 12',	'T',	'',	1,	NULL,	NULL,	15.00000000,	30.00000000,	20.00000000,	'Estándar',	0.00000000,	0.00000000,	0.00000000,	0.00000000,	'',	NULL,	NULL,	'',	NULL,	'',	0,	0.00000000,	2,	0.00000000,	2,	0.00000000,	4,	2,	2,	2,	0.00000000,	0.00000000,	'NING',	NULL,	'S',	'admin',	'2012-07-10 09:48:20',	'admin',	'2012-07-10 09:48:20'),
('R172',	'Galleta capri x 24',	'T',	'',	1,	NULL,	NULL,	10.00000000,	40.00000000,	20.00000000,	'Estándar',	0.00000000,	0.00000000,	0.00000000,	0.00000000,	'',	NULL,	NULL,	'',	NULL,	'',	0,	0.00000000,	2,	0.00000000,	2,	0.00000000,	4,	2,	2,	2,	0.00000000,	0.00000000,	'NING',	NULL,	'S',	'admin',	'2012-07-10 09:48:20',	'admin',	'2012-07-10 09:48:20'),
('R173',	'Galleta dux  x 9',	'T',	'',	1,	NULL,	NULL,	15.00000000,	30.00000000,	20.00000000,	'Estándar',	0.00000000,	0.00000000,	0.00000000,	0.00000000,	'',	NULL,	NULL,	'',	NULL,	'',	0,	0.00000000,	2,	0.00000000,	2,	0.00000000,	4,	2,	2,	2,	0.00000000,	0.00000000,	'NING',	NULL,	'S',	'admin',	'2012-07-10 09:48:20',	'admin',	'2012-07-10 09:48:20'),
('R174',	'Galletas saltiricas 5 tacos ',	'T',	'',	1,	NULL,	NULL,	20.00000000,	140.00000000,	30.00000000,	'Estándar',	0.00000000,	0.00000000,	0.00000000,	0.00000000,	'',	NULL,	NULL,	'',	NULL,	'',	0,	0.00000000,	2,	0.00000000,	2,	0.00000000,	4,	2,	2,	2,	0.00000000,	0.00000000,	'NING',	NULL,	'S',	'admin',	'2012-07-10 09:48:20',	'admin',	'2012-07-10 09:48:20'),
('R175',	'Galletas saltin noel 3 tacos ',	'T',	'',	1,	NULL,	NULL,	20.00000000,	140.00000000,	30.00000000,	'Estándar',	0.00000000,	0.00000000,	0.00000000,	0.00000000,	'',	NULL,	NULL,	'',	NULL,	'',	0,	0.00000000,	2,	0.00000000,	2,	0.00000000,	4,	2,	2,	2,	0.00000000,	0.00000000,	'NING',	NULL,	'S',	'admin',	'2012-07-10 09:48:20',	'admin',	'2012-07-10 09:48:20'),
('R176',	'Galletas ducales 3 tacos ',	'T',	'',	1,	NULL,	NULL,	20.00000000,	140.00000000,	30.00000000,	'Estándar',	0.00000000,	0.00000000,	0.00000000,	0.00000000,	'',	NULL,	NULL,	'',	NULL,	'',	0,	0.00000000,	2,	0.00000000,	2,	0.00000000,	4,	2,	2,	2,	0.00000000,	0.00000000,	'NING',	NULL,	'S',	'admin',	'2012-07-10 09:48:20',	'admin',	'2012-07-10 09:48:20'),
('R177',	'Galletas saltin noel 1 taco ',	'T',	'',	1,	NULL,	NULL,	20.00000000,	100.00000000,	30.00000000,	'Estándar',	0.00000000,	0.00000000,	0.00000000,	0.00000000,	'',	NULL,	NULL,	'',	NULL,	'',	0,	0.00000000,	2,	0.00000000,	2,	0.00000000,	4,	2,	2,	2,	0.00000000,	0.00000000,	'NING',	NULL,	'S',	'admin',	'2012-07-10 09:48:20',	'admin',	'2012-07-10 09:48:20'),
('R178',	'Galletas ducales 1 taco ',	'T',	'',	1,	NULL,	NULL,	20.00000000,	100.00000000,	30.00000000,	'Estándar',	0.00000000,	0.00000000,	0.00000000,	0.00000000,	'',	NULL,	NULL,	'',	NULL,	'',	0,	0.00000000,	2,	0.00000000,	2,	0.00000000,	4,	2,	2,	2,	0.00000000,	0.00000000,	'NING',	NULL,	'S',	'admin',	'2012-07-10 09:48:20',	'admin',	'2012-07-10 09:48:20'),
('R179',	'Galletas saltin queso mantequilla x 3 tacos ',	'T',	'',	1,	NULL,	NULL,	20.00000000,	100.00000000,	30.00000000,	'Estándar',	0.00000000,	0.00000000,	0.00000000,	0.00000000,	'',	NULL,	NULL,	'',	NULL,	'',	0,	0.00000000,	2,	0.00000000,	2,	0.00000000,	4,	2,	2,	2,	0.00000000,	0.00000000,	'NING',	NULL,	'S',	'admin',	'2012-07-10 09:48:20',	'admin',	'2012-07-10 09:48:20'),
('R18',	'Leche Proleche x 200g',	'T',	'',	1,	NULL,	NULL,	20.00000000,	60.00000000,	40.00000000,	'Estándar',	0.00000000,	0.00000000,	0.00000000,	0.00000000,	'',	NULL,	NULL,	'',	NULL,	'',	0,	0.00000000,	2,	0.00000000,	2,	0.00000000,	4,	2,	2,	2,	0.00000000,	0.00000000,	'NING',	NULL,	'S',	'admin',	'2012-07-10 09:48:20',	'admin',	'2012-07-10 09:48:20'),
('R180',	'Galletas saltin integrales x 3 tacos',	'T',	'',	1,	NULL,	NULL,	20.00000000,	100.00000000,	30.00000000,	'Estándar',	0.00000000,	0.00000000,	0.00000000,	0.00000000,	'',	NULL,	NULL,	'',	NULL,	'',	0,	0.00000000,	2,	0.00000000,	2,	0.00000000,	4,	2,	2,	2,	0.00000000,	0.00000000,	'NING',	NULL,	'S',	'admin',	'2012-07-10 09:48:20',	'admin',	'2012-07-10 09:48:20'),
('R181',	'Soya x500g',	'T',	'',	1,	NULL,	NULL,	20.00000000,	50.00000000,	30.00000000,	'Estándar',	0.00000000,	0.00000000,	0.00000000,	0.00000000,	'',	NULL,	NULL,	'',	NULL,	'',	0,	0.00000000,	2,	0.00000000,	2,	0.00000000,	4,	2,	2,	2,	0.00000000,	0.00000000,	'NING',	NULL,	'S',	'admin',	'2012-07-10 09:48:20',	'admin',	'2012-07-10 09:48:20'),
('R182',	'GARVANSO X 500g',	'T',	'',	1,	NULL,	NULL,	20.00000000,	50.00000000,	30.00000000,	'Estándar',	0.00000000,	0.00000000,	0.00000000,	0.00000000,	'',	NULL,	NULL,	'',	NULL,	'',	0,	0.00000000,	2,	0.00000000,	2,	0.00000000,	4,	2,	2,	2,	0.00000000,	0.00000000,	'NING',	NULL,	'S',	'admin',	'2012-07-10 09:48:20',	'admin',	'2012-07-10 09:48:20'),
('R182-B',	'Frijol x 500g',	'T',	'',	1,	NULL,	NULL,	25.00000000,	125.00000000,	30.00000000,	'Estándar',	0.00000000,	0.00000000,	0.00000000,	0.00000000,	'',	NULL,	NULL,	'',	NULL,	'',	0,	0.00000000,	2,	0.00000000,	2,	0.00000000,	4,	2,	2,	2,	0.00000000,	0.00000000,	'NING',	NULL,	'S',	'admin',	'2012-07-10 09:48:20',	'admin',	'2012-07-10 09:48:20'),
('R183',	'Lenteja x500g',	'T',	'',	1,	NULL,	NULL,	25.00000000,	125.00000000,	0.00000000,	'Estándar',	0.00000000,	0.00000000,	0.00000000,	0.00000000,	'',	NULL,	NULL,	'',	NULL,	'',	0,	0.00000000,	2,	0.00000000,	2,	0.00000000,	4,	2,	2,	2,	0.00000000,	0.00000000,	'NING',	NULL,	'S',	'admin',	'2012-07-10 09:48:20',	'admin',	'2012-07-10 09:48:20'),
('R184',	'Arveja x500g',	'T',	'',	1,	NULL,	NULL,	25.00000000,	125.00000000,	0.00000000,	'Estándar',	0.00000000,	0.00000000,	0.00000000,	0.00000000,	'',	NULL,	NULL,	'',	NULL,	'',	0,	0.00000000,	2,	0.00000000,	2,	0.00000000,	4,	2,	2,	2,	0.00000000,	0.00000000,	'NING',	NULL,	'S',	'admin',	'2012-07-10 09:48:20',	'admin',	'2012-07-10 09:48:20'),
('R185',	'Arroz roa x 3000g',	'T',	'',	1,	NULL,	NULL,	10.00000000,	30.00000000,	0.00000000,	'Estándar',	0.00000000,	0.00000000,	0.00000000,	0.00000000,	'',	NULL,	NULL,	'',	NULL,	'',	0,	0.00000000,	2,	0.00000000,	2,	0.00000000,	4,	2,	2,	2,	0.00000000,	0.00000000,	'NING',	NULL,	'S',	'admin',	'2012-07-10 09:48:20',	'admin',	'2012-07-10 09:48:20'),
('R186',	'Arroz roa x 5000g',	'T',	'',	1,	NULL,	NULL,	10.00000000,	30.00000000,	0.00000000,	'Estándar',	0.00000000,	0.00000000,	0.00000000,	0.00000000,	'',	NULL,	NULL,	'',	NULL,	'',	0,	0.00000000,	2,	0.00000000,	2,	0.00000000,	4,	2,	2,	2,	0.00000000,	0.00000000,	'NING',	NULL,	'S',	'admin',	'2012-07-10 09:48:20',	'admin',	'2012-07-10 09:48:20'),
('R187',	'Arroz supremo x 5000g',	'T',	'',	1,	NULL,	NULL,	10.00000000,	30.00000000,	0.00000000,	'Estándar',	0.00000000,	0.00000000,	0.00000000,	0.00000000,	'',	NULL,	NULL,	'',	NULL,	'',	0,	0.00000000,	2,	0.00000000,	2,	0.00000000,	4,	2,	2,	2,	0.00000000,	0.00000000,	'NING',	NULL,	'S',	'admin',	'2012-07-10 09:48:20',	'admin',	'2012-07-10 09:48:20'),
('R188',	'Arroz roa x500g',	'T',	'',	1,	NULL,	NULL,	50.00000000,	300.00000000,	0.00000000,	'Estándar',	0.00000000,	0.00000000,	0.00000000,	0.00000000,	'',	NULL,	NULL,	'',	NULL,	'',	0,	0.00000000,	2,	0.00000000,	2,	0.00000000,	4,	2,	2,	2,	0.00000000,	0.00000000,	'NING',	NULL,	'S',	'admin',	'2012-07-10 09:48:20',	'admin',	'2012-07-10 09:48:20'),
('R189',	'Arroz supremo x 500g',	'T',	'',	1,	NULL,	NULL,	50.00000000,	300.00000000,	0.00000000,	'Estándar',	0.00000000,	0.00000000,	0.00000000,	0.00000000,	'',	NULL,	NULL,	'',	NULL,	'',	0,	0.00000000,	2,	0.00000000,	2,	0.00000000,	4,	2,	2,	2,	0.00000000,	0.00000000,	'NING',	NULL,	'S',	'admin',	'2012-07-10 09:48:20',	'admin',	'2012-07-10 09:48:20'),
('R19',	'Leche klim tarro x 1700g',	'T',	'',	1,	NULL,	NULL,	4.00000000,	6.00000000,	5.00000000,	'Estándar',	0.00000000,	0.00000000,	0.00000000,	0.00000000,	'',	NULL,	NULL,	'',	NULL,	'',	0,	0.00000000,	2,	0.00000000,	2,	0.00000000,	4,	2,	2,	2,	0.00000000,	0.00000000,	'NING',	NULL,	'S',	'admin',	'2012-07-10 09:48:20',	'admin',	'2012-07-10 09:48:20'),
('R190',	'Arroz guaira x 500g',	'T',	'',	1,	NULL,	NULL,	50.00000000,	300.00000000,	0.00000000,	'Estándar',	0.00000000,	0.00000000,	0.00000000,	0.00000000,	'',	NULL,	NULL,	'',	NULL,	'',	0,	0.00000000,	2,	0.00000000,	2,	0.00000000,	4,	2,	2,	2,	0.00000000,	0.00000000,	'NING',	NULL,	'S',	'admin',	'2012-07-10 09:48:20',	'admin',	'2012-07-10 09:48:20'),
('R191',	'Arroz guaira x 454g',	'T',	'',	1,	NULL,	NULL,	50.00000000,	350.00000000,	0.00000000,	'Estándar',	0.00000000,	0.00000000,	0.00000000,	0.00000000,	'',	NULL,	NULL,	'',	NULL,	'',	0,	0.00000000,	2,	0.00000000,	2,	0.00000000,	4,	2,	2,	2,	0.00000000,	0.00000000,	'NING',	NULL,	'S',	'admin',	'2012-07-10 09:48:20',	'admin',	'2012-07-10 09:48:20'),
('R192',	'Galletas tosh x9',	'T',	'',	1,	NULL,	NULL,	6.00000000,	12.00000000,	0.00000000,	'Estándar',	0.00000000,	0.00000000,	0.00000000,	0.00000000,	'',	NULL,	NULL,	'',	NULL,	'',	0,	0.00000000,	2,	0.00000000,	2,	0.00000000,	4,	2,	2,	2,	0.00000000,	0.00000000,	'NING',	NULL,	'S',	'admin',	'2012-07-10 09:48:20',	'admin',	'2012-07-10 09:48:20'),
('R193',	'Limpido clorox x2000cm',	'T',	'',	1,	NULL,	NULL,	6.00000000,	15.00000000,	0.00000000,	'Estándar',	0.00000000,	0.00000000,	0.00000000,	0.00000000,	'',	NULL,	NULL,	'',	NULL,	'',	0,	0.00000000,	2,	0.00000000,	2,	0.00000000,	4,	2,	2,	2,	0.00000000,	0.00000000,	'NING',	NULL,	'S',	'admin',	'2012-07-10 09:48:20',	'admin',	'2012-07-10 09:48:20'),
('R194',	'Limpido x1000cm',	'T',	'',	1,	NULL,	NULL,	20.00000000,	50.00000000,	0.00000000,	'Estándar',	0.00000000,	0.00000000,	0.00000000,	0.00000000,	'',	NULL,	NULL,	'',	NULL,	'',	0,	0.00000000,	2,	0.00000000,	2,	0.00000000,	4,	2,	2,	2,	0.00000000,	0.00000000,	'NING',	NULL,	'S',	'admin',	'2012-07-10 09:48:20',	'admin',	'2012-07-10 09:48:20'),
('R195',	'Limpido x 500 ml',	'T',	'',	1,	NULL,	NULL,	50.00000000,	100.00000000,	0.00000000,	'Estándar',	0.00000000,	0.00000000,	0.00000000,	0.00000000,	'',	NULL,	NULL,	'',	NULL,	'',	0,	0.00000000,	2,	0.00000000,	2,	0.00000000,	4,	2,	2,	2,	0.00000000,	0.00000000,	'NING',	NULL,	'S',	'admin',	'2012-07-10 09:48:20',	'admin',	'2012-07-10 09:48:20'),
('R196',	'Limpido ropa a color x 1000ml',	'T',	'',	1,	NULL,	NULL,	15.00000000,	40.00000000,	0.00000000,	'Estándar',	0.00000000,	0.00000000,	0.00000000,	0.00000000,	'',	NULL,	NULL,	'',	NULL,	'',	0,	0.00000000,	2,	0.00000000,	2,	0.00000000,	4,	2,	2,	2,	0.00000000,	0.00000000,	'NING',	NULL,	'S',	'admin',	'2012-07-10 09:48:20',	'admin',	'2012-07-10 09:48:20'),
('R197',	'Limpido ropa acolor x 500ml',	'T',	'',	1,	NULL,	NULL,	20.00000000,	50.00000000,	0.00000000,	'Estándar',	0.00000000,	0.00000000,	0.00000000,	0.00000000,	'',	NULL,	NULL,	'',	NULL,	'',	0,	0.00000000,	2,	0.00000000,	2,	0.00000000,	4,	2,	2,	2,	0.00000000,	0.00000000,	'NING',	NULL,	'S',	'admin',	'2012-07-10 09:48:20',	'admin',	'2012-07-10 09:48:20'),
('R198',	'Pañal adulto mediano',	'T',	'',	1,	NULL,	NULL,	8.00000000,	15.00000000,	0.00000000,	'Estándar',	0.00000000,	0.00000000,	0.00000000,	0.00000000,	'',	NULL,	NULL,	'',	NULL,	'',	0,	0.00000000,	2,	0.00000000,	2,	0.00000000,	4,	2,	2,	2,	0.00000000,	0.00000000,	'NING',	NULL,	'S',	'admin',	'2012-07-10 09:48:20',	'admin',	'2012-07-10 09:48:20'),
('R199',	'Pañal adulto grande ',	'T',	'',	1,	NULL,	NULL,	8.00000000,	15.00000000,	0.00000000,	'Estándar',	0.00000000,	0.00000000,	0.00000000,	0.00000000,	'',	NULL,	NULL,	'',	NULL,	'',	0,	0.00000000,	2,	0.00000000,	2,	0.00000000,	4,	2,	2,	2,	0.00000000,	0.00000000,	'NING',	NULL,	'S',	'admin',	'2012-07-10 09:48:20',	'admin',	'2012-07-10 09:48:20'),
('R20',	'Leche de soya x 250g',	'T',	'',	1,	NULL,	NULL,	6.00000000,	15.00000000,	10.00000000,	'Estándar',	0.00000000,	0.00000000,	0.00000000,	0.00000000,	'',	NULL,	NULL,	'',	NULL,	'',	0,	0.00000000,	2,	0.00000000,	2,	0.00000000,	4,	2,	2,	2,	0.00000000,	0.00000000,	'NING',	NULL,	'S',	'admin',	'2012-07-10 09:48:20',	'admin',	'2012-07-10 09:48:20'),
('R200',	'Pañal winni etapa 3',	'T',	'',	1,	NULL,	NULL,	10.00000000,	30.00000000,	0.00000000,	'Estándar',	0.00000000,	0.00000000,	0.00000000,	0.00000000,	'',	NULL,	NULL,	'',	NULL,	'',	0,	0.00000000,	2,	0.00000000,	2,	0.00000000,	4,	2,	2,	2,	0.00000000,	0.00000000,	'NING',	NULL,	'S',	'admin',	'2012-07-10 09:48:20',	'admin',	'2012-07-10 09:48:20'),
('R201',	'Pañal pequeñin etapa 2',	'T',	'',	1,	NULL,	NULL,	10.00000000,	24.00000000,	0.00000000,	'Estándar',	0.00000000,	0.00000000,	0.00000000,	0.00000000,	'',	NULL,	NULL,	'',	NULL,	'',	0,	0.00000000,	2,	0.00000000,	2,	0.00000000,	4,	2,	2,	2,	0.00000000,	0.00000000,	'NING',	NULL,	'S',	'admin',	'2012-07-10 09:48:20',	'admin',	'2012-07-10 09:48:20'),
('R202',	'Pañal pequeñin etapa 3',	'T',	'',	1,	NULL,	NULL,	10.00000000,	40.00000000,	0.00000000,	'Estándar',	0.00000000,	0.00000000,	0.00000000,	0.00000000,	'',	NULL,	NULL,	'',	NULL,	'',	0,	0.00000000,	2,	0.00000000,	2,	0.00000000,	4,	2,	2,	2,	0.00000000,	0.00000000,	'NING',	NULL,	'S',	'admin',	'2012-07-10 09:48:20',	'admin',	'2012-07-10 09:48:20'),
('R203',	'Pañal pequeñin etapa4',	'T',	'',	1,	NULL,	NULL,	10.00000000,	20.00000000,	0.00000000,	'Estándar',	0.00000000,	0.00000000,	0.00000000,	0.00000000,	'',	NULL,	NULL,	'',	NULL,	'',	0,	0.00000000,	2,	0.00000000,	2,	0.00000000,	4,	2,	2,	2,	0.00000000,	0.00000000,	'NING',	NULL,	'S',	'admin',	'2012-07-10 09:48:20',	'admin',	'2012-07-10 09:48:20'),
('R204',	'Pañal  pequeñin etapa 5',	'T',	'',	1,	NULL,	NULL,	5.00000000,	15.00000000,	0.00000000,	'Estándar',	0.00000000,	0.00000000,	0.00000000,	0.00000000,	'',	NULL,	NULL,	'',	NULL,	'',	0,	0.00000000,	2,	0.00000000,	2,	0.00000000,	4,	2,	2,	2,	0.00000000,	0.00000000,	'NING',	NULL,	'S',	'admin',	'2012-07-10 09:48:20',	'admin',	'2012-07-10 09:48:20'),
('R205',	'Pañal huggis etapa2',	'T',	'',	1,	NULL,	NULL,	8.00000000,	20.00000000,	0.00000000,	'Estándar',	0.00000000,	0.00000000,	0.00000000,	0.00000000,	'',	NULL,	NULL,	'',	NULL,	'',	0,	0.00000000,	2,	0.00000000,	2,	0.00000000,	4,	2,	2,	2,	0.00000000,	0.00000000,	'NING',	NULL,	'S',	'admin',	'2012-07-10 09:48:20',	'admin',	'2012-07-10 09:48:20'),
('R206',	'Pañal huggis etapa 3',	'T',	'',	1,	NULL,	NULL,	10.00000000,	30.00000000,	0.00000000,	'Estándar',	0.00000000,	0.00000000,	0.00000000,	0.00000000,	'',	NULL,	NULL,	'',	NULL,	'',	0,	0.00000000,	2,	0.00000000,	2,	0.00000000,	4,	2,	2,	2,	0.00000000,	0.00000000,	'NING',	NULL,	'S',	'admin',	'2012-07-10 09:48:20',	'admin',	'2012-07-10 09:48:20'),
('R207',	'Pañal huggis etapa5',	'T',	'',	1,	NULL,	NULL,	8.00000000,	15.00000000,	0.00000000,	'Estándar',	0.00000000,	0.00000000,	0.00000000,	0.00000000,	'',	NULL,	NULL,	'',	NULL,	'',	0,	0.00000000,	2,	0.00000000,	2,	0.00000000,	4,	2,	2,	2,	0.00000000,	0.00000000,	'NING',	NULL,	'S',	'admin',	'2012-07-10 09:48:20',	'admin',	'2012-07-10 09:48:20'),
('R208',	'Toallitas pequeñin ',	'T',	'',	1,	NULL,	NULL,	10.00000000,	30.00000000,	0.00000000,	'Estándar',	0.00000000,	0.00000000,	0.00000000,	0.00000000,	'',	NULL,	NULL,	'',	NULL,	'',	0,	0.00000000,	2,	0.00000000,	2,	0.00000000,	4,	2,	2,	2,	0.00000000,	0.00000000,	'NING',	NULL,	'S',	'admin',	'2012-07-10 09:48:20',	'admin',	'2012-07-10 09:48:20'),
('R209',	'Pañitos pequeñiñ pequeños ',	'T',	'',	1,	NULL,	NULL,	10.00000000,	50.00000000,	0.00000000,	'Estándar',	0.00000000,	0.00000000,	0.00000000,	0.00000000,	'',	NULL,	NULL,	'',	NULL,	'',	0,	0.00000000,	2,	0.00000000,	2,	0.00000000,	4,	2,	2,	2,	0.00000000,	0.00000000,	'NING',	NULL,	'S',	'admin',	'2012-07-10 09:48:20',	'admin',	'2012-07-10 09:48:20'),
('R21',	'La Lechera Tarro x 400 g',	'T',	'',	1,	NULL,	NULL,	6.00000000,	15.00000000,	10.00000000,	'Estándar',	0.00000000,	0.00000000,	0.00000000,	0.00000000,	'',	NULL,	NULL,	'',	NULL,	'',	0,	0.00000000,	2,	0.00000000,	2,	0.00000000,	4,	2,	2,	2,	0.00000000,	0.00000000,	'NING',	NULL,	'S',	'admin',	'2012-07-10 09:48:20',	'admin',	'2012-07-10 09:48:20'),
('R210',	'Pañitos pequeñin grandes',	'T',	'',	1,	NULL,	NULL,	10.00000000,	50.00000000,	0.00000000,	'Estándar',	0.00000000,	0.00000000,	0.00000000,	0.00000000,	'',	NULL,	NULL,	'',	NULL,	'',	0,	0.00000000,	2,	0.00000000,	2,	0.00000000,	4,	2,	2,	2,	0.00000000,	0.00000000,	'NING',	NULL,	'S',	'admin',	'2012-07-10 09:48:20',	'admin',	'2012-07-10 09:48:20'),
('R211',	'Protectores carefree caja ',	'T',	'',	1,	NULL,	NULL,	5.00000000,	12.00000000,	0.00000000,	'Estándar',	0.00000000,	0.00000000,	0.00000000,	0.00000000,	'',	NULL,	NULL,	'',	NULL,	'',	0,	0.00000000,	2,	0.00000000,	2,	0.00000000,	4,	2,	2,	2,	0.00000000,	0.00000000,	'NING',	NULL,	'S',	'admin',	'2012-07-10 09:48:20',	'admin',	'2012-07-10 09:48:20'),
('R212',	'PROTECTORES NOSOTRAS DIARIOS CAJA',	'T',	'',	1,	NULL,	NULL,	5.00000000,	12.00000000,	0.00000000,	'Estándar',	0.00000000,	0.00000000,	0.00000000,	0.00000000,	'',	NULL,	NULL,	'',	NULL,	'',	0,	0.00000000,	2,	0.00000000,	2,	0.00000000,	4,	2,	2,	2,	0.00000000,	0.00000000,	'NING',	NULL,	'S',	'admin',	'2012-07-10 09:48:20',	'admin',	'2012-07-10 09:48:20'),
('R213',	' Protectores nosotras x 15',	'T',	'',	1,	NULL,	NULL,	10.00000000,	40.00000000,	0.00000000,	'Estándar',	0.00000000,	0.00000000,	0.00000000,	0.00000000,	'',	NULL,	NULL,	'',	NULL,	'',	0,	0.00000000,	2,	0.00000000,	2,	0.00000000,	4,	2,	2,	2,	0.00000000,	0.00000000,	'NING',	NULL,	'S',	'admin',	'2012-07-10 09:48:20',	'admin',	'2012-07-10 09:48:20'),
('R214',	'Toallas kotex ultrafina',	'T',	'',	1,	NULL,	NULL,	15.00000000,	50.00000000,	0.00000000,	'Estándar',	0.00000000,	0.00000000,	0.00000000,	0.00000000,	'',	NULL,	NULL,	'',	NULL,	'',	0,	0.00000000,	2,	0.00000000,	2,	0.00000000,	4,	2,	2,	2,	0.00000000,	0.00000000,	'NING',	NULL,	'S',	'admin',	'2012-07-10 09:48:20',	'admin',	'2012-07-10 09:48:20'),
('R215',	'Toallas kotex normal ',	'T',	'',	1,	NULL,	NULL,	15.00000000,	50.00000000,	0.00000000,	'Estándar',	0.00000000,	0.00000000,	0.00000000,	0.00000000,	'',	NULL,	NULL,	'',	NULL,	'',	0,	0.00000000,	2,	0.00000000,	2,	0.00000000,	4,	2,	2,	2,	0.00000000,	0.00000000,	'NING',	NULL,	'S',	'admin',	'2012-07-10 09:48:20',	'admin',	'2012-07-10 09:48:20'),
('R216',	'Toallas nosotra invisible clasica tela',	'T',	'',	1,	NULL,	NULL,	15.00000000,	50.00000000,	0.00000000,	'Estándar',	0.00000000,	0.00000000,	0.00000000,	0.00000000,	'',	NULL,	NULL,	'',	NULL,	'',	0,	0.00000000,	2,	0.00000000,	2,	0.00000000,	4,	2,	2,	2,	0.00000000,	0.00000000,	'NING',	NULL,	'S',	'admin',	'2012-07-10 09:48:20',	'admin',	'2012-07-10 09:48:20'),
('R217',	'Toallas nosotras tangA',	'T',	'',	1,	NULL,	NULL,	15.00000000,	40.00000000,	0.00000000,	'Estándar',	0.00000000,	0.00000000,	0.00000000,	0.00000000,	'',	NULL,	NULL,	'',	NULL,	'',	0,	0.00000000,	2,	0.00000000,	2,	0.00000000,	4,	2,	2,	2,	0.00000000,	0.00000000,	'NING',	NULL,	'S',	'admin',	'2012-07-10 09:48:20',	'admin',	'2012-07-10 09:48:20'),
('R218',	'Toallas nosotras noche ',	'T',	'',	1,	NULL,	NULL,	15.00000000,	30.00000000,	0.00000000,	'Estándar',	0.00000000,	0.00000000,	0.00000000,	0.00000000,	'',	NULL,	NULL,	'',	NULL,	'',	0,	0.00000000,	2,	0.00000000,	2,	0.00000000,	4,	2,	2,	2,	0.00000000,	0.00000000,	'NING',	NULL,	'S',	'admin',	'2012-07-10 09:48:20',	'admin',	'2012-07-10 09:48:20'),
('R219',	'Toallas nosotras invisible rapigel ',	'T',	'',	1,	NULL,	NULL,	15.00000000,	50.00000000,	0.00000000,	'Estándar',	0.00000000,	0.00000000,	0.00000000,	0.00000000,	'',	NULL,	NULL,	'',	NULL,	'',	0,	0.00000000,	2,	0.00000000,	2,	0.00000000,	4,	2,	2,	2,	0.00000000,	0.00000000,	'NING',	NULL,	'S',	'admin',	'2012-07-10 09:48:20',	'admin',	'2012-07-10 09:48:20'),
('R22',	'La lechera x 100 g',	'T',	'',	1,	NULL,	NULL,	40.00000000,	180.00000000,	50.00000000,	'Estándar',	0.00000000,	0.00000000,	0.00000000,	0.00000000,	'',	NULL,	NULL,	'',	NULL,	'',	0,	0.00000000,	2,	0.00000000,	2,	0.00000000,	4,	2,	2,	2,	0.00000000,	0.00000000,	'NING',	NULL,	'S',	'admin',	'2012-07-10 09:48:20',	'admin',	'2012-07-10 09:48:20'),
('R220',	'Toallas nosotras canal gel ',	'T',	'',	1,	NULL,	NULL,	15.00000000,	50.00000000,	0.00000000,	'Estándar',	0.00000000,	0.00000000,	0.00000000,	0.00000000,	'',	NULL,	NULL,	'',	NULL,	'',	0,	0.00000000,	2,	0.00000000,	2,	0.00000000,	4,	2,	2,	2,	0.00000000,	0.00000000,	'NING',	NULL,	'S',	'admin',	'2012-07-10 09:48:20',	'admin',	'2012-07-10 09:48:20'),
('R221',	'Toallas nosotras normal tela ',	'T',	'',	1,	NULL,	NULL,	15.00000000,	50.00000000,	0.00000000,	'Estándar',	0.00000000,	0.00000000,	0.00000000,	0.00000000,	'',	NULL,	NULL,	'',	NULL,	'',	0,	0.00000000,	2,	0.00000000,	2,	0.00000000,	4,	2,	2,	2,	0.00000000,	0.00000000,	'NING',	NULL,	'S',	'admin',	'2012-07-10 09:48:20',	'admin',	'2012-07-10 09:48:20'),
('R222',	'Toallas divas ',	'T',	'',	1,	NULL,	NULL,	15.00000000,	60.00000000,	0.00000000,	'Estándar',	0.00000000,	0.00000000,	0.00000000,	0.00000000,	'',	NULL,	NULL,	'',	NULL,	'',	0,	0.00000000,	2,	0.00000000,	2,	0.00000000,	4,	2,	2,	2,	0.00000000,	0.00000000,	'NING',	NULL,	'S',	'admin',	'2012-07-10 09:48:20',	'admin',	'2012-07-10 09:48:20'),
('R223',	'Cera mansion blanca x1000ml',	'T',	'',	1,	NULL,	NULL,	6.00000000,	15.00000000,	0.00000000,	'Estándar',	0.00000000,	0.00000000,	0.00000000,	0.00000000,	'',	NULL,	NULL,	'',	NULL,	'',	0,	0.00000000,	2,	0.00000000,	2,	0.00000000,	4,	2,	2,	2,	0.00000000,	0.00000000,	'NING',	NULL,	'S',	'admin',	'2012-07-10 09:48:20',	'admin',	'2012-07-10 09:48:20'),
('R224',	'Cera mansion roja x1000ml',	'T',	'',	1,	NULL,	NULL,	6.00000000,	15.00000000,	0.00000000,	'Estándar',	0.00000000,	0.00000000,	0.00000000,	0.00000000,	'',	NULL,	NULL,	'',	NULL,	'',	0,	0.00000000,	2,	0.00000000,	2,	0.00000000,	4,	2,	2,	2,	0.00000000,	0.00000000,	'NING',	NULL,	'S',	'admin',	'2012-07-10 09:48:20',	'admin',	'2012-07-10 09:48:20'),
('R225',	'Cera mansion blanca x500ml',	'T',	'',	1,	NULL,	NULL,	6.00000000,	20.00000000,	0.00000000,	'Estándar',	0.00000000,	0.00000000,	0.00000000,	0.00000000,	'',	NULL,	NULL,	'',	NULL,	'',	0,	0.00000000,	2,	0.00000000,	2,	0.00000000,	4,	2,	2,	2,	0.00000000,	0.00000000,	'NING',	NULL,	'S',	'admin',	'2012-07-10 09:48:20',	'admin',	'2012-07-10 09:48:20'),
('R226',	'Cera mansion roja x 5000ml',	'T',	'',	1,	NULL,	NULL,	6.00000000,	20.00000000,	0.00000000,	'Estándar',	0.00000000,	0.00000000,	0.00000000,	0.00000000,	'',	NULL,	NULL,	'',	NULL,	'',	0,	0.00000000,	2,	0.00000000,	2,	0.00000000,	4,	2,	2,	2,	0.00000000,	0.00000000,	'NING',	NULL,	'S',	'admin',	'2012-07-10 09:48:20',	'admin',	'2012-07-10 09:48:20'),
('R227',	'Cera furor blanca x 800cm',	'T',	'',	1,	NULL,	NULL,	6.00000000,	15.00000000,	0.00000000,	'Estándar',	0.00000000,	0.00000000,	0.00000000,	0.00000000,	'',	NULL,	NULL,	'',	NULL,	'',	0,	0.00000000,	2,	0.00000000,	2,	0.00000000,	4,	2,	2,	2,	0.00000000,	0.00000000,	'NING',	NULL,	'S',	'admin',	'2012-07-10 09:48:20',	'admin',	'2012-07-10 09:48:20'),
('R228',	'Cera furor blanca x400cm ',	'T',	'',	1,	NULL,	NULL,	6.00000000,	20.00000000,	0.00000000,	'Estándar',	0.00000000,	0.00000000,	0.00000000,	0.00000000,	'',	NULL,	NULL,	'',	NULL,	'',	0,	0.00000000,	2,	0.00000000,	2,	0.00000000,	4,	2,	2,	2,	0.00000000,	0.00000000,	'NING',	NULL,	'S',	'admin',	'2012-07-10 09:48:20',	'admin',	'2012-07-10 09:48:20'),
('R229',	'Lustra muebles x 200ml',	'T',	'',	1,	NULL,	NULL,	6.00000000,	12.00000000,	0.00000000,	'Estándar',	0.00000000,	0.00000000,	0.00000000,	0.00000000,	'',	NULL,	NULL,	'',	NULL,	'',	0,	0.00000000,	2,	0.00000000,	2,	0.00000000,	4,	2,	2,	2,	0.00000000,	0.00000000,	'NING',	NULL,	'S',	'admin',	'2012-07-10 09:48:20',	'admin',	'2012-07-10 09:48:20'),
('R23',	'Crema de leche x 295',	'T',	'',	1,	NULL,	NULL,	6.00000000,	15.00000000,	10.00000000,	'Estándar',	0.00000000,	0.00000000,	0.00000000,	0.00000000,	'',	NULL,	NULL,	'',	NULL,	'',	0,	0.00000000,	2,	0.00000000,	2,	0.00000000,	4,	2,	2,	2,	0.00000000,	0.00000000,	'NING',	NULL,	'S',	'admin',	'2012-07-10 09:48:20',	'admin',	'2012-07-10 09:48:20'),
('R230',	'Cubre rasguños x 200ml',	'T',	'',	1,	NULL,	NULL,	6.00000000,	12.00000000,	0.00000000,	'Estándar',	0.00000000,	0.00000000,	0.00000000,	0.00000000,	'',	NULL,	NULL,	'',	NULL,	'',	0,	0.00000000,	2,	0.00000000,	2,	0.00000000,	4,	2,	2,	2,	0.00000000,	0.00000000,	'NING',	NULL,	'S',	'admin',	'2012-07-10 09:48:20',	'admin',	'2012-07-10 09:48:20'),
('R231',	'Shampoo de muebles x 750cm',	'T',	'',	1,	NULL,	NULL,	6.00000000,	12.00000000,	0.00000000,	'Estándar',	0.00000000,	0.00000000,	0.00000000,	0.00000000,	'',	NULL,	NULL,	'',	NULL,	'',	0,	0.00000000,	2,	0.00000000,	2,	0.00000000,	4,	2,	2,	2,	0.00000000,	0.00000000,	'NING',	NULL,	'S',	'admin',	'2012-07-10 09:48:20',	'admin',	'2012-07-10 09:48:20'),
('R232',	'DOWNY x 2 litros ',	'T',	'',	1,	NULL,	NULL,	6.00000000,	15.00000000,	0.00000000,	'Estándar',	0.00000000,	0.00000000,	0.00000000,	0.00000000,	'',	NULL,	NULL,	'',	NULL,	'',	0,	0.00000000,	2,	0.00000000,	2,	0.00000000,	4,	2,	2,	2,	0.00000000,	0.00000000,	'NING',	NULL,	'S',	'admin',	'2012-07-10 09:48:20',	'admin',	'2012-07-10 09:48:20'),
('R233',	'Soflan suavitel x 3 lt',	'T',	'',	1,	NULL,	NULL,	6.00000000,	15.00000000,	0.00000000,	'Estándar',	0.00000000,	0.00000000,	0.00000000,	0.00000000,	'',	NULL,	NULL,	'',	NULL,	'',	0,	0.00000000,	2,	0.00000000,	2,	0.00000000,	4,	2,	2,	2,	0.00000000,	0.00000000,	'NING',	NULL,	'S',	'admin',	'2012-07-10 09:48:20',	'admin',	'2012-07-10 09:48:20'),
('R234',	'Soflan suavitel x 1900ml',	'T',	'',	1,	NULL,	NULL,	6.00000000,	15.00000000,	0.00000000,	'Estándar',	0.00000000,	0.00000000,	0.00000000,	0.00000000,	'',	NULL,	NULL,	'',	NULL,	'',	0,	0.00000000,	2,	0.00000000,	2,	0.00000000,	4,	2,	2,	2,	0.00000000,	0.00000000,	'NING',	NULL,	'S',	'admin',	'2012-07-10 09:48:20',	'admin',	'2012-07-10 09:48:20'),
('R235',	'Soflan suavitel x 1 lt',	'T',	'',	1,	NULL,	NULL,	6.00000000,	15.00000000,	0.00000000,	'Estándar',	0.00000000,	0.00000000,	0.00000000,	0.00000000,	'',	NULL,	NULL,	'',	NULL,	'',	0,	0.00000000,	2,	0.00000000,	2,	0.00000000,	4,	2,	2,	2,	0.00000000,	0.00000000,	'NING',	NULL,	'S',	'admin',	'2012-07-10 09:48:20',	'admin',	'2012-07-10 09:48:20'),
('R236',	'Javon ariel liquido x 1 lt',	'T',	'',	1,	NULL,	NULL,	6.00000000,	15.00000000,	0.00000000,	'Estándar',	0.00000000,	0.00000000,	0.00000000,	0.00000000,	'',	NULL,	NULL,	'',	NULL,	'',	0,	0.00000000,	2,	0.00000000,	2,	0.00000000,	4,	2,	2,	2,	0.00000000,	0.00000000,	'NING',	NULL,	'S',	'admin',	'2012-07-10 09:48:20',	'admin',	'2012-07-10 09:48:20'),
('R237',	'Javon liquido ace x 1 lt',	'T',	'',	1,	NULL,	NULL,	6.00000000,	15.00000000,	0.00000000,	'Estándar',	0.00000000,	0.00000000,	0.00000000,	0.00000000,	'',	NULL,	NULL,	'',	NULL,	'',	0,	0.00000000,	2,	0.00000000,	2,	0.00000000,	4,	2,	2,	2,	0.00000000,	0.00000000,	'NING',	NULL,	'S',	'admin',	'2012-07-10 09:48:20',	'admin',	'2012-07-10 09:48:20'),
('R238',	'Javon liquido fab x 1 lt ',	'T',	'',	1,	NULL,	NULL,	6.00000000,	15.00000000,	0.00000000,	'Estándar',	0.00000000,	0.00000000,	0.00000000,	0.00000000,	'',	NULL,	NULL,	'',	NULL,	'',	0,	0.00000000,	2,	0.00000000,	2,	0.00000000,	4,	2,	2,	2,	0.00000000,	0.00000000,	'NING',	NULL,	'S',	'admin',	'2012-07-10 09:48:20',	'admin',	'2012-07-10 09:48:20'),
('R239',	'Downy  x 850ml',	'T',	'',	1,	NULL,	NULL,	10.00000000,	30.00000000,	0.00000000,	'Estándar',	0.00000000,	0.00000000,	0.00000000,	0.00000000,	'',	NULL,	NULL,	'',	NULL,	'',	0,	0.00000000,	2,	0.00000000,	2,	0.00000000,	4,	2,	2,	2,	0.00000000,	0.00000000,	'NING',	NULL,	'S',	'admin',	'2012-07-10 09:48:20',	'admin',	'2012-07-10 09:48:20'),
('R24',	'Crema de leche  x 150',	'T',	'',	1,	NULL,	NULL,	6.00000000,	15.00000000,	10.00000000,	'Estándar',	0.00000000,	0.00000000,	0.00000000,	0.00000000,	'',	NULL,	NULL,	'',	NULL,	'',	0,	0.00000000,	2,	0.00000000,	2,	0.00000000,	4,	2,	2,	2,	0.00000000,	0.00000000,	'NING',	NULL,	'S',	'admin',	'2012-07-10 09:48:20',	'admin',	'2012-07-10 09:48:20'),
('R240',	'Soft klean x800cm',	'T',	'',	1,	NULL,	NULL,	10.00000000,	30.00000000,	0.00000000,	'Estándar',	0.00000000,	0.00000000,	0.00000000,	0.00000000,	'',	NULL,	NULL,	'',	NULL,	'',	0,	0.00000000,	2,	0.00000000,	2,	0.00000000,	4,	2,	2,	2,	0.00000000,	0.00000000,	'NING',	NULL,	'S',	'admin',	'2012-07-10 09:48:20',	'admin',	'2012-07-10 09:48:20'),
('R241',	'Vanish liquido x 450ml',	'T',	'',	1,	NULL,	NULL,	10.00000000,	30.00000000,	0.00000000,	'Estándar',	0.00000000,	0.00000000,	0.00000000,	0.00000000,	'',	NULL,	NULL,	'',	NULL,	'',	0,	0.00000000,	2,	0.00000000,	2,	0.00000000,	4,	2,	2,	2,	0.00000000,	0.00000000,	'NING',	NULL,	'S',	'admin',	'2012-07-10 09:48:20',	'admin',	'2012-07-10 09:48:20'),
('R242',	'Vanish liquido blanco total x 450ml',	'T',	'',	1,	NULL,	NULL,	10.00000000,	30.00000000,	0.00000000,	'Estándar',	0.00000000,	0.00000000,	0.00000000,	0.00000000,	'',	NULL,	NULL,	'',	NULL,	'',	0,	0.00000000,	2,	0.00000000,	2,	0.00000000,	4,	2,	2,	2,	0.00000000,	0.00000000,	'NING',	NULL,	'S',	'admin',	'2012-07-10 09:48:20',	'admin',	'2012-07-10 09:48:20'),
('R243',	'Vanish polvo blanco total  x 30g',	'T',	'',	1,	NULL,	NULL,	10.00000000,	40.00000000,	0.00000000,	'Estándar',	0.00000000,	0.00000000,	0.00000000,	0.00000000,	'',	NULL,	NULL,	'',	NULL,	'',	0,	0.00000000,	2,	0.00000000,	2,	0.00000000,	4,	2,	2,	2,	0.00000000,	0.00000000,	'NING',	NULL,	'S',	'admin',	'2012-07-10 09:48:20',	'admin',	'2012-07-10 09:48:20'),
('R244',	'Vanish polvo x 30g',	'T',	'',	1,	NULL,	NULL,	10.00000000,	40.00000000,	0.00000000,	'Estándar',	0.00000000,	0.00000000,	0.00000000,	0.00000000,	'',	NULL,	NULL,	'',	NULL,	'',	0,	0.00000000,	2,	0.00000000,	2,	0.00000000,	4,	2,	2,	2,	0.00000000,	0.00000000,	'NING',	NULL,	'S',	'admin',	'2012-07-10 09:48:20',	'admin',	'2012-07-10 09:48:20'),
('R245',	'Javon liquido losa losa crem x 850ml',	'T',	'',	1,	NULL,	NULL,	5.00000000,	12.00000000,	0.00000000,	'Estándar',	0.00000000,	0.00000000,	0.00000000,	0.00000000,	'',	NULL,	NULL,	'',	NULL,	'',	0,	0.00000000,	2,	0.00000000,	2,	0.00000000,	4,	2,	2,	2,	0.00000000,	0.00000000,	'NING',	NULL,	'S',	'admin',	'2012-07-10 09:48:20',	'admin',	'2012-07-10 09:48:20'),
('R246',	'Limpia vidrios x 500 cm ',	'T',	'',	1,	NULL,	NULL,	5.00000000,	15.00000000,	0.00000000,	'Estándar',	0.00000000,	0.00000000,	0.00000000,	0.00000000,	'',	NULL,	NULL,	'',	NULL,	'',	0,	0.00000000,	2,	0.00000000,	2,	0.00000000,	4,	2,	2,	2,	0.00000000,	0.00000000,	'NING',	NULL,	'S',	'admin',	'2012-07-10 09:48:20',	'admin',	'2012-07-10 09:48:20'),
('R247',	'Limpido color ak 1  x 450ml',	'T',	'',	1,	NULL,	NULL,	6.00000000,	12.00000000,	0.00000000,	'Estándar',	0.00000000,	0.00000000,	0.00000000,	0.00000000,	'',	NULL,	NULL,	'',	NULL,	'',	0,	0.00000000,	2,	0.00000000,	2,	0.00000000,	4,	2,	2,	2,	0.00000000,	0.00000000,	'NING',	NULL,	'S',	'admin',	'2012-07-10 09:48:20',	'admin',	'2012-07-10 09:48:20'),
('R248',	'DAWNY X 450ML ',	'T',	'',	1,	NULL,	NULL,	6.00000000,	15.00000000,	0.00000000,	'Estándar',	0.00000000,	0.00000000,	0.00000000,	0.00000000,	'',	NULL,	NULL,	'',	NULL,	'',	0,	0.00000000,	2,	0.00000000,	2,	0.00000000,	4,	2,	2,	2,	0.00000000,	0.00000000,	'NING',	NULL,	'S',	'admin',	'2012-07-10 09:48:20',	'admin',	'2012-07-10 09:48:20'),
('R249',	'Acido muriatico x 500cm',	'T',	'',	1,	NULL,	NULL,	6.00000000,	15.00000000,	0.00000000,	'Estándar',	0.00000000,	0.00000000,	0.00000000,	0.00000000,	'',	NULL,	NULL,	'',	NULL,	'',	0,	0.00000000,	2,	0.00000000,	2,	0.00000000,	4,	2,	2,	2,	0.00000000,	0.00000000,	'NING',	NULL,	'S',	'admin',	'2012-07-10 09:48:20',	'admin',	'2012-07-10 09:48:20'),
('R25',	'Crema de leche  bolsa x 20ml ',	'T',	'',	1,	NULL,	NULL,	12.00000000,	30.00000000,	20.00000000,	'Estándar',	0.00000000,	0.00000000,	0.00000000,	0.00000000,	'',	NULL,	NULL,	'',	NULL,	'',	0,	0.00000000,	2,	0.00000000,	2,	0.00000000,	4,	2,	2,	2,	0.00000000,	0.00000000,	'NING',	NULL,	'S',	'admin',	'2012-07-10 09:48:20',	'admin',	'2012-07-10 09:48:20'),
('R250',	'Alcohol x 700 ml ',	'T',	'',	1,	NULL,	NULL,	10.00000000,	40.00000000,	0.00000000,	'Estándar',	0.00000000,	0.00000000,	0.00000000,	0.00000000,	'',	NULL,	NULL,	'',	NULL,	'',	0,	0.00000000,	2,	0.00000000,	2,	0.00000000,	4,	2,	2,	2,	0.00000000,	0.00000000,	'NING',	NULL,	'S',	'admin',	'2012-07-10 09:48:20',	'admin',	'2012-07-10 09:48:20'),
('R251',	'Alcohol x 350ml',	'T',	'',	1,	NULL,	NULL,	10.00000000,	40.00000000,	0.00000000,	'Estándar',	0.00000000,	0.00000000,	0.00000000,	0.00000000,	'',	NULL,	NULL,	'',	NULL,	'',	0,	0.00000000,	2,	0.00000000,	2,	0.00000000,	4,	2,	2,	2,	0.00000000,	0.00000000,	'NING',	NULL,	'S',	'admin',	'2012-07-10 09:48:20',	'admin',	'2012-07-10 09:48:20'),
('R252',	'Azul klean x 2000cm',	'T',	'',	1,	NULL,	NULL,	6.00000000,	12.00000000,	0.00000000,	'Estándar',	0.00000000,	0.00000000,	0.00000000,	0.00000000,	'',	NULL,	NULL,	'',	NULL,	'',	0,	0.00000000,	2,	0.00000000,	2,	0.00000000,	4,	2,	2,	2,	0.00000000,	0.00000000,	'NING',	NULL,	'S',	'admin',	'2012-07-10 09:48:20',	'admin',	'2012-07-10 09:48:20'),
('R253',	'Azul klean x 1000cm',	'T',	'',	1,	NULL,	NULL,	12.00000000,	30.00000000,	0.00000000,	'Estándar',	0.00000000,	0.00000000,	0.00000000,	0.00000000,	'',	NULL,	NULL,	'',	NULL,	'',	0,	0.00000000,	2,	0.00000000,	2,	0.00000000,	4,	2,	2,	2,	0.00000000,	0.00000000,	'NING',	NULL,	'S',	'admin',	'2012-07-10 09:48:20',	'admin',	'2012-07-10 09:48:20'),
('R254',	'Azul klean x 500cm ',	'T',	'',	1,	NULL,	NULL,	12.00000000,	50.00000000,	0.00000000,	'Estándar',	0.00000000,	0.00000000,	0.00000000,	0.00000000,	'',	NULL,	NULL,	'',	NULL,	'',	0,	0.00000000,	2,	0.00000000,	2,	0.00000000,	4,	2,	2,	2,	0.00000000,	0.00000000,	'NING',	NULL,	'S',	'admin',	'2012-07-10 09:48:20',	'admin',	'2012-07-10 09:48:20'),
('R255',	'Fabuloso x 500cm',	'T',	'',	1,	NULL,	NULL,	12.00000000,	30.00000000,	0.00000000,	'Estándar',	0.00000000,	0.00000000,	0.00000000,	0.00000000,	'',	NULL,	NULL,	'',	NULL,	'',	0,	0.00000000,	2,	0.00000000,	2,	0.00000000,	4,	2,	2,	2,	0.00000000,	0.00000000,	'NING',	NULL,	'S',	'admin',	'2012-07-10 09:48:20',	'admin',	'2012-07-10 09:48:20'),
('R256',	'Soft klean doipat x 500cm',	'T',	'',	1,	NULL,	NULL,	10.00000000,	24.00000000,	0.00000000,	'Estándar',	0.00000000,	0.00000000,	0.00000000,	0.00000000,	'',	NULL,	NULL,	'',	NULL,	'',	0,	0.00000000,	2,	0.00000000,	2,	0.00000000,	4,	2,	2,	2,	0.00000000,	0.00000000,	'NING',	NULL,	'S',	'admin',	'2012-07-10 09:48:20',	'admin',	'2012-07-10 09:48:20'),
('R257',	'Suavisante dersa doipa x 500ml',	'T',	'',	1,	NULL,	NULL,	10.00000000,	24.00000000,	0.00000000,	'Estándar',	0.00000000,	0.00000000,	0.00000000,	0.00000000,	'',	NULL,	NULL,	'',	NULL,	'',	0,	0.00000000,	2,	0.00000000,	2,	0.00000000,	4,	2,	2,	2,	0.00000000,	0.00000000,	'NING',	NULL,	'S',	'admin',	'2012-07-10 09:48:20',	'admin',	'2012-07-10 09:48:20'),
('R258',	'Soflan suavitel doipat x 500ml',	'T',	'',	1,	NULL,	NULL,	10.00000000,	24.00000000,	0.00000000,	'Estándar',	0.00000000,	0.00000000,	0.00000000,	0.00000000,	'',	NULL,	NULL,	'',	NULL,	'',	0,	0.00000000,	2,	0.00000000,	2,	0.00000000,	4,	2,	2,	2,	0.00000000,	0.00000000,	'NING',	NULL,	'S',	'admin',	'2012-07-10 09:48:20',	'admin',	'2012-07-10 09:48:20'),
('R259',	'Azul klean doipat x 500cm',	'T',	'',	1,	NULL,	NULL,	10.00000000,	20.00000000,	0.00000000,	'Estándar',	0.00000000,	0.00000000,	0.00000000,	0.00000000,	'',	NULL,	NULL,	'',	NULL,	'',	0,	0.00000000,	2,	0.00000000,	2,	0.00000000,	4,	2,	2,	2,	0.00000000,	0.00000000,	'NING',	NULL,	'S',	'admin',	'2012-07-10 09:48:20',	'admin',	'2012-07-10 09:48:20'),
('R26',	'Leche  Klim 1 + x500 g',	'T',	'',	1,	NULL,	NULL,	6.00000000,	30.00000000,	20.00000000,	'Estándar',	0.00000000,	0.00000000,	0.00000000,	0.00000000,	'',	NULL,	NULL,	'',	NULL,	'',	0,	0.00000000,	2,	0.00000000,	2,	0.00000000,	4,	2,	2,	2,	0.00000000,	0.00000000,	'NING',	NULL,	'S',	'admin',	'2012-07-10 09:48:20',	'admin',	'2012-07-10 09:48:20'),
('R260',	'Fabuloso doipat x 200ml',	'T',	'',	1,	NULL,	NULL,	10.00000000,	50.00000000,	0.00000000,	'Estándar',	0.00000000,	0.00000000,	0.00000000,	0.00000000,	'',	NULL,	NULL,	'',	NULL,	'',	0,	0.00000000,	2,	0.00000000,	2,	0.00000000,	4,	2,	2,	2,	0.00000000,	0.00000000,	'NING',	NULL,	'S',	'admin',	'2012-07-10 09:48:20',	'admin',	'2012-07-10 09:48:20'),
('R261',	'Soflan suavitel doipat x180cm',	'T',	'',	1,	NULL,	NULL,	10.00000000,	40.00000000,	0.00000000,	'Estándar',	0.00000000,	0.00000000,	0.00000000,	0.00000000,	'',	NULL,	NULL,	'',	NULL,	'',	0,	0.00000000,	2,	0.00000000,	2,	0.00000000,	4,	2,	2,	2,	0.00000000,	0.00000000,	'NING',	NULL,	'S',	'admin',	'2012-07-10 09:48:20',	'admin',	'2012-07-10 09:48:20'),
('R262',	'Suavisante dersa doipat x 200ml',	'T',	'',	1,	NULL,	NULL,	10.00000000,	40.00000000,	0.00000000,	'Estándar',	0.00000000,	0.00000000,	0.00000000,	0.00000000,	'',	NULL,	NULL,	'',	NULL,	'',	0,	0.00000000,	2,	0.00000000,	2,	0.00000000,	4,	2,	2,	2,	0.00000000,	0.00000000,	'NING',	NULL,	'S',	'admin',	'2012-07-10 09:48:20',	'admin',	'2012-07-10 09:48:20'),
('R263',	'Soflan papeleta x80cm',	'T',	'',	1,	NULL,	NULL,	10.00000000,	80.00000000,	0.00000000,	'Estándar',	0.00000000,	0.00000000,	0.00000000,	0.00000000,	'',	NULL,	NULL,	'',	NULL,	'',	0,	0.00000000,	2,	0.00000000,	2,	0.00000000,	4,	2,	2,	2,	0.00000000,	0.00000000,	'NING',	NULL,	'S',	'admin',	'2012-07-10 09:48:20',	'admin',	'2012-07-10 09:48:20'),
('R264',	'Downi papeleta x 90ml',	'T',	'',	1,	NULL,	NULL,	10.00000000,	80.00000000,	0.00000000,	'Estándar',	0.00000000,	0.00000000,	0.00000000,	0.00000000,	'',	NULL,	NULL,	'',	NULL,	'',	0,	0.00000000,	2,	0.00000000,	2,	0.00000000,	4,	2,	2,	2,	0.00000000,	0.00000000,	'NING',	NULL,	'S',	'admin',	'2012-07-10 09:48:20',	'admin',	'2012-07-10 09:48:20'),
('R265',	'Maiz partido',	'T',	'',	1,	NULL,	NULL,	15.00000000,	100.00000000,	0.00000000,	'Estándar',	0.00000000,	0.00000000,	0.00000000,	0.00000000,	'',	NULL,	NULL,	'',	NULL,	'',	0,	0.00000000,	2,	0.00000000,	2,	0.00000000,	4,	2,	2,	2,	0.00000000,	0.00000000,	'NING',	NULL,	'S',	'admin',	'2012-07-10 09:48:20',	'admin',	'2012-07-10 09:48:20'),
('R266',	'Maiz amarillo',	'T',	'',	1,	NULL,	NULL,	15.00000000,	100.00000000,	0.00000000,	'Estándar',	0.00000000,	0.00000000,	0.00000000,	0.00000000,	'',	NULL,	NULL,	'',	NULL,	'',	0,	0.00000000,	2,	0.00000000,	2,	0.00000000,	4,	2,	2,	2,	0.00000000,	0.00000000,	'NING',	NULL,	'S',	'admin',	'2012-07-10 09:48:20',	'admin',	'2012-07-10 09:48:20'),
('R267',	'Maiz trillado',	'T',	'',	1,	NULL,	NULL,	15.00000000,	200.00000000,	0.00000000,	'Estándar',	0.00000000,	0.00000000,	0.00000000,	0.00000000,	'',	NULL,	NULL,	'',	NULL,	'',	0,	0.00000000,	2,	0.00000000,	2,	0.00000000,	4,	2,	2,	2,	0.00000000,	0.00000000,	'NING',	NULL,	'S',	'admin',	'2012-07-10 09:48:20',	'admin',	'2012-07-10 09:48:20'),
('R268',	'Purina fiel kilo',	'T',	'',	1,	NULL,	NULL,	15.00000000,	100.00000000,	0.00000000,	'Estándar',	0.00000000,	0.00000000,	0.00000000,	0.00000000,	'',	NULL,	NULL,	'',	NULL,	'',	0,	0.00000000,	2,	0.00000000,	2,	0.00000000,	4,	2,	2,	2,	0.00000000,	0.00000000,	'NING',	NULL,	'S',	'admin',	'2012-07-10 09:48:20',	'admin',	'2012-07-10 09:48:20'),
('R269',	'Purina fiel libra',	'T',	'',	1,	NULL,	NULL,	15.00000000,	100.00000000,	0.00000000,	'Estándar',	0.00000000,	0.00000000,	0.00000000,	0.00000000,	'',	NULL,	NULL,	'',	NULL,	'',	0,	0.00000000,	2,	0.00000000,	2,	0.00000000,	4,	2,	2,	2,	0.00000000,	0.00000000,	'NING',	NULL,	'S',	'admin',	'2012-07-10 09:48:20',	'admin',	'2012-07-10 09:48:20'),
('R27',	'Leche klim 3+    x 500g',	'T',	'',	1,	NULL,	NULL,	6.00000000,	30.00000000,	20.00000000,	'Estándar',	0.00000000,	0.00000000,	0.00000000,	0.00000000,	'',	NULL,	NULL,	'',	NULL,	'',	0,	0.00000000,	2,	0.00000000,	2,	0.00000000,	4,	2,	2,	2,	0.00000000,	0.00000000,	'NING',	NULL,	'S',	'admin',	'2012-07-10 09:48:20',	'admin',	'2012-07-10 09:48:20'),
('R270',	'Purina engorde  kilo',	'T',	'',	1,	NULL,	NULL,	20.00000000,	60.00000000,	0.00000000,	'Estándar',	0.00000000,	0.00000000,	0.00000000,	0.00000000,	'',	NULL,	NULL,	'',	NULL,	'',	0,	0.00000000,	2,	0.00000000,	2,	0.00000000,	4,	2,	2,	2,	0.00000000,	0.00000000,	'NING',	NULL,	'S',	'admin',	'2012-07-10 09:48:20',	'admin',	'2012-07-10 09:48:20'),
('R271',	'Purina  levante kilo ',	'T',	'',	1,	NULL,	NULL,	20.00000000,	60.00000000,	0.00000000,	'Estándar',	0.00000000,	0.00000000,	0.00000000,	0.00000000,	'',	NULL,	NULL,	'',	NULL,	'',	0,	0.00000000,	2,	0.00000000,	2,	0.00000000,	4,	2,	2,	2,	0.00000000,	0.00000000,	'NING',	NULL,	'S',	'admin',	'2012-07-10 09:48:20',	'admin',	'2012-07-10 09:48:20'),
('R272',	'Purina ponedora kilo ',	'T',	'',	1,	NULL,	NULL,	20.00000000,	60.00000000,	0.00000000,	'Estándar',	0.00000000,	0.00000000,	0.00000000,	0.00000000,	'',	NULL,	NULL,	'',	NULL,	'',	0,	0.00000000,	2,	0.00000000,	2,	0.00000000,	4,	2,	2,	2,	0.00000000,	0.00000000,	'NING',	NULL,	'S',	'admin',	'2012-07-10 09:48:20',	'admin',	'2012-07-10 09:48:20'),
('R273',	'Purina conejos kilo',	'T',	'',	1,	NULL,	NULL,	20.00000000,	60.00000000,	0.00000000,	'Estándar',	0.00000000,	0.00000000,	0.00000000,	0.00000000,	'',	NULL,	NULL,	'',	NULL,	'',	0,	0.00000000,	2,	0.00000000,	2,	0.00000000,	4,	2,	2,	2,	0.00000000,	0.00000000,	'NING',	NULL,	'S',	'admin',	'2012-07-10 09:48:20',	'admin',	'2012-07-10 09:48:20'),
('R274',	'Papel higienico sedamax',	'T',	'',	1,	NULL,	NULL,	20.00000000,	200.00000000,	0.00000000,	'Estándar',	0.00000000,	0.00000000,	0.00000000,	0.00000000,	'',	NULL,	NULL,	'',	NULL,	'',	0,	0.00000000,	2,	0.00000000,	2,	0.00000000,	4,	2,	2,	2,	0.00000000,	0.00000000,	'NING',	NULL,	'S',	'admin',	'2012-07-10 09:48:20',	'admin',	'2012-07-10 09:48:20'),
('R275',	'Papel higienico scott2 en 1',	'T',	'',	1,	NULL,	NULL,	20.00000000,	200.00000000,	0.00000000,	'Estándar',	0.00000000,	0.00000000,	0.00000000,	0.00000000,	'',	NULL,	NULL,	'',	NULL,	'',	0,	0.00000000,	2,	0.00000000,	2,	0.00000000,	4,	2,	2,	2,	0.00000000,	0.00000000,	'NING',	NULL,	'S',	'admin',	'2012-07-10 09:48:20',	'admin',	'2012-07-10 09:48:20'),
('R276',	'Papel higienici familia 2 en 1',	'T',	'',	1,	NULL,	NULL,	20.00000000,	200.00000000,	0.00000000,	'Estándar',	0.00000000,	0.00000000,	0.00000000,	0.00000000,	'',	NULL,	NULL,	'',	NULL,	'',	0,	0.00000000,	2,	0.00000000,	2,	0.00000000,	4,	2,	2,	2,	0.00000000,	0.00000000,	'NING',	NULL,	'S',	'admin',	'2012-07-10 09:48:20',	'admin',	'2012-07-10 09:48:20'),
('R277',	'Papel higienicio familia megarrollo',	'T',	'',	1,	NULL,	NULL,	20.00000000,	200.00000000,	0.00000000,	'Estándar',	0.00000000,	0.00000000,	0.00000000,	0.00000000,	'',	NULL,	NULL,	'',	NULL,	'',	0,	0.00000000,	2,	0.00000000,	2,	0.00000000,	4,	2,	2,	2,	0.00000000,	0.00000000,	'NING',	NULL,	'S',	'admin',	'2012-07-10 09:48:20',	'admin',	'2012-07-10 09:48:20'),
('R278',	'Papel scoot  maxirollo',	'T',	'',	1,	NULL,	NULL,	20.00000000,	200.00000000,	0.00000000,	'Estándar',	0.00000000,	0.00000000,	0.00000000,	0.00000000,	'',	NULL,	NULL,	'',	NULL,	'',	0,	0.00000000,	2,	0.00000000,	2,	0.00000000,	4,	2,	2,	2,	0.00000000,	0.00000000,	'NING',	NULL,	'S',	'admin',	'2012-07-10 09:48:20',	'admin',	'2012-07-10 09:48:20'),
('R279',	'Papel elite x6',	'T',	'',	1,	NULL,	NULL,	20.00000000,	100.00000000,	0.00000000,	'Estándar',	0.00000000,	0.00000000,	0.00000000,	0.00000000,	'',	NULL,	NULL,	'',	NULL,	'',	0,	0.00000000,	2,	0.00000000,	2,	0.00000000,	4,	2,	2,	2,	0.00000000,	0.00000000,	'NING',	NULL,	'S',	'admin',	'2012-07-10 09:48:20',	'admin',	'2012-07-10 09:48:20'),
('R28',	'Leche Rodeo x 900g',	'T',	'',	1,	NULL,	NULL,	6.00000000,	20.00000000,	15.00000000,	'Estándar',	0.00000000,	0.00000000,	0.00000000,	0.00000000,	'',	NULL,	NULL,	'',	NULL,	'',	0,	0.00000000,	2,	0.00000000,	2,	0.00000000,	4,	2,	2,	2,	0.00000000,	0.00000000,	'NING',	NULL,	'S',	'admin',	'2012-07-10 09:48:20',	'admin',	'2012-07-10 09:48:20'),
('R280',	'Papel familia  acolchado x4',	'T',	'',	1,	NULL,	NULL,	20.00000000,	100.00000000,	0.00000000,	'Estándar',	0.00000000,	0.00000000,	0.00000000,	0.00000000,	'',	NULL,	NULL,	'',	NULL,	'',	0,	0.00000000,	2,	0.00000000,	2,	0.00000000,	4,	2,	2,	2,	0.00000000,	0.00000000,	'NING',	NULL,	'S',	'admin',	'2012-07-10 09:48:20',	'admin',	'2012-07-10 09:48:20'),
('R281',	'Papel familia megarrollo x 4',	'T',	'',	1,	NULL,	NULL,	20.00000000,	100.00000000,	0.00000000,	'Estándar',	0.00000000,	0.00000000,	0.00000000,	0.00000000,	'',	NULL,	NULL,	'',	NULL,	'',	0,	0.00000000,	2,	0.00000000,	2,	0.00000000,	4,	2,	2,	2,	0.00000000,	0.00000000,	'NING',	NULL,	'S',	'admin',	'2012-07-10 09:48:20',	'admin',	'2012-07-10 09:48:20'),
('R282',	'Papel nube x 12',	'T',	'',	1,	NULL,	NULL,	10.00000000,	20.00000000,	0.00000000,	'Estándar',	0.00000000,	0.00000000,	0.00000000,	0.00000000,	'',	NULL,	NULL,	'',	NULL,	'',	0,	0.00000000,	2,	0.00000000,	2,	0.00000000,	4,	2,	2,	2,	0.00000000,	0.00000000,	'NING',	NULL,	'S',	'admin',	'2012-07-10 09:48:20',	'admin',	'2012-07-10 09:48:20'),
('R283',	'Papel elite megarollo  x 18',	'T',	'',	1,	NULL,	NULL,	10.00000000,	50.00000000,	0.00000000,	'Estándar',	0.00000000,	0.00000000,	0.00000000,	0.00000000,	'',	NULL,	NULL,	'',	NULL,	'',	0,	0.00000000,	2,	0.00000000,	2,	0.00000000,	4,	2,	2,	2,	0.00000000,	0.00000000,	'NING',	NULL,	'S',	'admin',	'2012-07-10 09:48:20',	'admin',	'2012-07-10 09:48:20'),
('R284',	'Veladora No 3',	'T',	'',	1,	NULL,	NULL,	30.00000000,	120.00000000,	0.00000000,	'Estándar',	0.00000000,	0.00000000,	0.00000000,	0.00000000,	'',	NULL,	NULL,	'',	NULL,	'',	0,	0.00000000,	2,	0.00000000,	2,	0.00000000,	4,	2,	2,	2,	0.00000000,	0.00000000,	'NING',	NULL,	'S',	'admin',	'2012-07-10 09:48:20',	'admin',	'2012-07-10 09:48:20'),
('R285',	'Velon No 4',	'T',	'',	1,	NULL,	NULL,	20.00000000,	100.00000000,	0.00000000,	'Estándar',	0.00000000,	0.00000000,	0.00000000,	0.00000000,	'',	NULL,	NULL,	'',	NULL,	'',	0,	0.00000000,	2,	0.00000000,	2,	0.00000000,	4,	2,	2,	2,	0.00000000,	0.00000000,	'NING',	NULL,	'S',	'admin',	'2012-07-10 09:48:20',	'admin',	'2012-07-10 09:48:20'),
('R286',	'Velon No 5',	'T',	'',	1,	NULL,	NULL,	20.00000000,	60.00000000,	0.00000000,	'Estándar',	0.00000000,	0.00000000,	0.00000000,	0.00000000,	'',	NULL,	NULL,	'',	NULL,	'',	0,	0.00000000,	2,	0.00000000,	2,	0.00000000,	4,	2,	2,	2,	0.00000000,	0.00000000,	'NING',	NULL,	'S',	'admin',	'2012-07-10 09:48:20',	'admin',	'2012-07-10 09:48:20'),
('R287',	'Velon  No6',	'T',	'',	1,	NULL,	NULL,	10.00000000,	50.00000000,	0.00000000,	'Estándar',	0.00000000,	0.00000000,	0.00000000,	0.00000000,	'',	NULL,	NULL,	'',	NULL,	'',	0,	0.00000000,	2,	0.00000000,	2,	0.00000000,	4,	2,	2,	2,	0.00000000,	0.00000000,	'NING',	NULL,	'S',	'admin',	'2012-07-10 09:48:20',	'admin',	'2012-07-10 09:48:20'),
('R288',	'Velon No 7',	'T',	'',	1,	NULL,	NULL,	10.00000000,	40.00000000,	0.00000000,	'Estándar',	0.00000000,	0.00000000,	0.00000000,	0.00000000,	'',	NULL,	NULL,	'',	NULL,	'',	0,	0.00000000,	2,	0.00000000,	2,	0.00000000,	4,	2,	2,	2,	0.00000000,	0.00000000,	'NING',	NULL,	'S',	'admin',	'2012-07-10 09:48:20',	'admin',	'2012-07-10 09:48:20'),
('R288-B',	'Velon No 8',	'T',	'',	1,	NULL,	NULL,	10.00000000,	30.00000000,	0.00000000,	'Estándar',	0.00000000,	0.00000000,	0.00000000,	0.00000000,	'',	NULL,	NULL,	'',	NULL,	'',	0,	0.00000000,	2,	0.00000000,	2,	0.00000000,	4,	2,	2,	2,	0.00000000,	0.00000000,	'NING',	NULL,	'S',	'admin',	'2012-07-10 09:48:20',	'admin',	'2012-07-10 09:48:20'),
('R289',	'Velon No 9',	'T',	'',	1,	NULL,	NULL,	10.00000000,	20.00000000,	0.00000000,	'Estándar',	0.00000000,	0.00000000,	0.00000000,	0.00000000,	'',	NULL,	NULL,	'',	NULL,	'',	0,	0.00000000,	2,	0.00000000,	2,	0.00000000,	4,	2,	2,	2,	0.00000000,	0.00000000,	'NING',	NULL,	'S',	'admin',	'2012-07-10 09:48:20',	'admin',	'2012-07-10 09:48:20'),
('R29',	'Leche Rodeo x380g',	'T',	'',	1,	NULL,	NULL,	10.00000000,	40.00000000,	20.00000000,	'Estándar',	0.00000000,	0.00000000,	0.00000000,	0.00000000,	'',	NULL,	NULL,	'',	NULL,	'',	0,	0.00000000,	2,	0.00000000,	2,	0.00000000,	4,	2,	2,	2,	0.00000000,	0.00000000,	'NING',	NULL,	'S',	'admin',	'2012-07-10 09:48:20',	'admin',	'2012-07-10 09:48:20'),
('R290',	'Velas blancas x 10',	'T',	'',	1,	NULL,	NULL,	10.00000000,	30.00000000,	0.00000000,	'Estándar',	0.00000000,	0.00000000,	0.00000000,	0.00000000,	'',	NULL,	NULL,	'',	NULL,	'',	0,	0.00000000,	2,	0.00000000,	2,	0.00000000,	4,	2,	2,	2,	0.00000000,	0.00000000,	'NING',	NULL,	'S',	'admin',	'2012-07-10 09:48:20',	'admin',	'2012-07-10 09:48:20'),
('R30',	'Milo tarro x400g',	'T',	'',	1,	NULL,	NULL,	6.00000000,	12.00000000,	10.00000000,	'Estándar',	0.00000000,	0.00000000,	0.00000000,	0.00000000,	'',	NULL,	NULL,	'',	NULL,	'',	0,	0.00000000,	2,	0.00000000,	2,	0.00000000,	4,	2,	2,	2,	0.00000000,	0.00000000,	'NING',	NULL,	'S',	'admin',	'2012-07-10 09:48:20',	'admin',	'2012-07-10 09:48:20'),
('R300',	'Velas de colores x 10',	'T',	'',	1,	NULL,	NULL,	10.00000000,	20.00000000,	0.00000000,	'Estándar',	0.00000000,	0.00000000,	0.00000000,	0.00000000,	'',	NULL,	NULL,	'',	NULL,	'',	0,	0.00000000,	2,	0.00000000,	2,	0.00000000,	4,	2,	2,	2,	0.00000000,	0.00000000,	'NING',	NULL,	'S',	'admin',	'2012-07-10 09:48:20',	'admin',	'2012-07-10 09:48:20'),
('R302',	'Destapador de cañeria x 250g',	'T',	'',	1,	NULL,	NULL,	4.00000000,	10.00000000,	0.00000000,	'Estándar',	0.00000000,	0.00000000,	0.00000000,	0.00000000,	'',	NULL,	NULL,	'',	NULL,	'',	0,	0.00000000,	2,	0.00000000,	2,	0.00000000,	4,	2,	2,	2,	0.00000000,	0.00000000,	'NING',	NULL,	'S',	'admin',	'2012-07-10 09:48:20',	'admin',	'2012-07-10 09:48:20'),
('R303',	'Destapador de cañeria x 500g',	'T',	'',	1,	NULL,	NULL,	4.00000000,	10.00000000,	0.00000000,	'Estándar',	0.00000000,	0.00000000,	0.00000000,	0.00000000,	'',	NULL,	NULL,	'',	NULL,	'',	0,	0.00000000,	2,	0.00000000,	2,	0.00000000,	4,	2,	2,	2,	0.00000000,	0.00000000,	'NING',	NULL,	'S',	'admin',	'2012-07-10 09:48:20',	'admin',	'2012-07-10 09:48:20'),
('R304',	'Creolina  x240c.c',	'T',	'',	1,	NULL,	NULL,	10.00000000,	50.00000000,	0.00000000,	'Estándar',	0.00000000,	0.00000000,	0.00000000,	0.00000000,	'',	NULL,	NULL,	'',	NULL,	'',	0,	0.00000000,	2,	0.00000000,	2,	0.00000000,	4,	2,	2,	2,	0.00000000,	0.00000000,	'NING',	NULL,	'S',	'admin',	'2012-07-10 09:48:20',	'admin',	'2012-07-10 09:48:20'),
('R305',	'Creolina x120c.c',	'T',	'',	1,	NULL,	NULL,	10.00000000,	50.00000000,	0.00000000,	'Estándar',	0.00000000,	0.00000000,	0.00000000,	0.00000000,	'',	NULL,	NULL,	'',	NULL,	'',	0,	0.00000000,	2,	0.00000000,	2,	0.00000000,	4,	2,	2,	2,	0.00000000,	0.00000000,	'NING',	NULL,	'S',	'admin',	'2012-07-10 09:48:20',	'admin',	'2012-07-10 09:48:20'),
('R306',	'Glade aerosol x360cm',	'T',	'',	1,	NULL,	NULL,	6.00000000,	12.00000000,	0.00000000,	'Estándar',	0.00000000,	0.00000000,	0.00000000,	0.00000000,	'',	NULL,	NULL,	'',	NULL,	'',	0,	0.00000000,	2,	0.00000000,	2,	0.00000000,	4,	2,	2,	2,	0.00000000,	0.00000000,	'NING',	NULL,	'S',	'admin',	'2012-07-10 09:48:20',	'admin',	'2012-07-10 09:48:20'),
('R307',	'Baigon aerosol x 360cm',	'T',	'',	1,	NULL,	NULL,	10.00000000,	50.00000000,	0.00000000,	'Estándar',	0.00000000,	0.00000000,	0.00000000,	0.00000000,	'',	NULL,	NULL,	'',	NULL,	'',	0,	0.00000000,	2,	0.00000000,	2,	0.00000000,	4,	2,	2,	2,	0.00000000,	0.00000000,	'NING',	NULL,	'S',	'admin',	'2012-07-10 09:48:20',	'admin',	'2012-07-10 09:48:20'),
('R308',	'Baigon aerosol x 235 cm',	'T',	'',	1,	NULL,	NULL,	10.00000000,	50.00000000,	0.00000000,	'Estándar',	0.00000000,	0.00000000,	0.00000000,	0.00000000,	'',	NULL,	NULL,	'',	NULL,	'',	0,	0.00000000,	2,	0.00000000,	2,	0.00000000,	4,	2,	2,	2,	0.00000000,	0.00000000,	'NING',	NULL,	'S',	'admin',	'2012-07-10 09:48:20',	'admin',	'2012-07-10 09:48:20'),
('R309',	'Raid aerosol x 360cm',	'T',	'',	1,	NULL,	NULL,	10.00000000,	50.00000000,	0.00000000,	'Estándar',	0.00000000,	0.00000000,	0.00000000,	0.00000000,	'',	NULL,	NULL,	'',	NULL,	'',	0,	0.00000000,	2,	0.00000000,	2,	0.00000000,	4,	2,	2,	2,	0.00000000,	0.00000000,	'NING',	NULL,	'S',	'admin',	'2012-07-10 09:48:20',	'admin',	'2012-07-10 09:48:20'),
('R31',	'Milo tarro x 200g',	'T',	'',	1,	NULL,	NULL,	6.00000000,	12.00000000,	10.00000000,	'Estándar',	0.00000000,	0.00000000,	0.00000000,	0.00000000,	'',	NULL,	NULL,	'',	NULL,	'',	0,	0.00000000,	2,	0.00000000,	2,	0.00000000,	4,	2,	2,	2,	0.00000000,	0.00000000,	'NING',	NULL,	'S',	'admin',	'2012-07-10 09:48:20',	'admin',	'2012-07-10 09:48:20'),
('R310',	'Raid aerosol x 235cm',	'T',	'',	1,	NULL,	NULL,	10.00000000,	50.00000000,	0.00000000,	'Estándar',	0.00000000,	0.00000000,	0.00000000,	0.00000000,	'',	NULL,	NULL,	'',	NULL,	'',	0,	0.00000000,	2,	0.00000000,	2,	0.00000000,	4,	2,	2,	2,	0.00000000,	0.00000000,	'NING',	NULL,	'S',	'admin',	'2012-07-10 09:48:20',	'admin',	'2012-07-10 09:48:20'),
('R311',	'Cupex x 470cm',	'T',	'',	1,	NULL,	NULL,	10.00000000,	50.00000000,	0.00000000,	'Estándar',	0.00000000,	0.00000000,	0.00000000,	0.00000000,	'',	NULL,	NULL,	'',	NULL,	'',	0,	0.00000000,	2,	0.00000000,	2,	0.00000000,	4,	2,	2,	2,	0.00000000,	0.00000000,	'NING',	NULL,	'S',	'admin',	'2012-07-10 09:48:20',	'admin',	'2012-07-10 09:48:20'),
('R312',	'Baigon liquido x230ml',	'T',	'',	1,	NULL,	NULL,	10.00000000,	50.00000000,	0.00000000,	'Estándar',	0.00000000,	0.00000000,	0.00000000,	0.00000000,	'',	NULL,	NULL,	'',	NULL,	'',	0,	0.00000000,	2,	0.00000000,	2,	0.00000000,	4,	2,	2,	2,	0.00000000,	0.00000000,	'NING',	NULL,	'S',	'admin',	'2012-07-10 09:48:20',	'admin',	'2012-07-10 09:48:20'),
('R313',	'Axion x 900g',	'T',	'',	1,	NULL,	NULL,	8.00000000,	15.00000000,	0.00000000,	'Estándar',	0.00000000,	0.00000000,	0.00000000,	0.00000000,	'',	NULL,	NULL,	'',	NULL,	'',	0,	0.00000000,	2,	0.00000000,	2,	0.00000000,	4,	2,	2,	2,	0.00000000,	0.00000000,	'NING',	NULL,	'S',	'admin',	'2012-07-10 09:48:20',	'admin',	'2012-07-10 09:48:20'),
('R314',	'AXION X500g',	'T',	'',	1,	NULL,	NULL,	8.00000000,	50.00000000,	0.00000000,	'Estándar',	0.00000000,	0.00000000,	0.00000000,	0.00000000,	'',	NULL,	NULL,	'',	NULL,	'',	0,	0.00000000,	2,	0.00000000,	2,	0.00000000,	4,	2,	2,	2,	0.00000000,	0.00000000,	'NING',	NULL,	'S',	'admin',	'2012-07-10 09:48:20',	'admin',	'2012-07-10 09:48:20'),
('R315',	'Axion  x235 g',	'T',	'',	1,	NULL,	NULL,	15.00000000,	80.00000000,	0.00000000,	'Estándar',	0.00000000,	0.00000000,	0.00000000,	0.00000000,	'',	NULL,	NULL,	'',	NULL,	'',	0,	0.00000000,	2,	0.00000000,	2,	0.00000000,	4,	2,	2,	2,	0.00000000,	0.00000000,	'NING',	NULL,	'S',	'admin',	'2012-07-10 09:48:20',	'admin',	'2012-07-10 09:48:20'),
('R316',	'AK lavalosa x500g',	'T',	'',	1,	NULL,	NULL,	20.00000000,	50.00000000,	0.00000000,	'Estándar',	0.00000000,	0.00000000,	0.00000000,	0.00000000,	'',	NULL,	NULL,	'',	NULL,	'',	0,	0.00000000,	2,	0.00000000,	2,	0.00000000,	4,	2,	2,	2,	0.00000000,	0.00000000,	'NING',	NULL,	'S',	'admin',	'2012-07-10 09:48:20',	'admin',	'2012-07-10 09:48:20'),
('R317',	'Fassi x 450g',	'T',	'',	1,	NULL,	NULL,	20.00000000,	50.00000000,	0.00000000,	'Estándar',	0.00000000,	0.00000000,	0.00000000,	0.00000000,	'',	NULL,	NULL,	'',	NULL,	'',	0,	0.00000000,	2,	0.00000000,	2,	0.00000000,	4,	2,	2,	2,	0.00000000,	0.00000000,	'NING',	NULL,	'S',	'admin',	'2012-07-10 09:48:20',	'admin',	'2012-07-10 09:48:20'),
('R317-B',	'Loza crem x 450g',	'T',	'',	1,	NULL,	NULL,	10.00000000,	30.00000000,	0.00000000,	'Estándar',	0.00000000,	0.00000000,	0.00000000,	0.00000000,	'',	NULL,	NULL,	'',	NULL,	'',	0,	0.00000000,	2,	0.00000000,	2,	0.00000000,	4,	2,	2,	2,	0.00000000,	0.00000000,	'NING',	NULL,	'S',	'admin',	'2012-07-10 09:48:20',	'admin',	'2012-07-10 09:48:20'),
('R318',	'Loza crem x 250g',	'T',	'',	1,	NULL,	NULL,	20.00000000,	50.00000000,	0.00000000,	'Estándar',	0.00000000,	0.00000000,	0.00000000,	0.00000000,	'',	NULL,	NULL,	'',	NULL,	'',	0,	0.00000000,	2,	0.00000000,	2,	0.00000000,	4,	2,	2,	2,	0.00000000,	0.00000000,	'NING',	NULL,	'S',	'admin',	'2012-07-10 09:48:20',	'admin',	'2012-07-10 09:48:20'),
('R319',	'SALVO X 235 G ',	'T',	'',	1,	NULL,	NULL,	10.00000000,	20.00000000,	0.00000000,	'Estándar',	0.00000000,	0.00000000,	0.00000000,	0.00000000,	'',	NULL,	NULL,	'',	NULL,	'',	0,	0.00000000,	2,	0.00000000,	2,	0.00000000,	4,	2,	2,	2,	0.00000000,	0.00000000,	'NING',	NULL,	'S',	'admin',	'2012-07-10 09:48:20',	'admin',	'2012-07-10 09:48:20'),
('R32',	'Colcafe con leche x170',	'T',	'',	1,	NULL,	NULL,	4.00000000,	12.00000000,	10.00000000,	'Estándar',	0.00000000,	0.00000000,	0.00000000,	0.00000000,	'',	NULL,	NULL,	'',	NULL,	'',	0,	0.00000000,	2,	0.00000000,	2,	0.00000000,	4,	2,	2,	2,	0.00000000,	0.00000000,	'NING',	NULL,	'S',	'admin',	'2012-07-10 09:48:20',	'admin',	'2012-07-10 09:48:20'),
('R320',	'Javon tigre bola x100g',	'T',	'',	1,	NULL,	NULL,	10.00000000,	80.00000000,	0.00000000,	'Estándar',	0.00000000,	0.00000000,	0.00000000,	0.00000000,	'',	NULL,	NULL,	'',	NULL,	'',	0,	0.00000000,	2,	0.00000000,	2,	0.00000000,	4,	2,	2,	2,	0.00000000,	0.00000000,	'NING',	NULL,	'S',	'admin',	'2012-07-10 09:48:20',	'admin',	'2012-07-10 09:48:20'),
('R321',	'Javon super riel x 450g',	'T',	'',	1,	NULL,	NULL,	25.00000000,	150.00000000,	0.00000000,	'Estándar',	0.00000000,	0.00000000,	0.00000000,	0.00000000,	'',	NULL,	NULL,	'',	NULL,	'',	0,	0.00000000,	2,	0.00000000,	2,	0.00000000,	4,	2,	2,	2,	0.00000000,	0.00000000,	'NING',	NULL,	'S',	'admin',	'2012-07-10 09:48:20',	'admin',	'2012-07-10 09:48:20'),
('R322',	'Javon blanco azul k x 450g',	'T',	'',	1,	NULL,	NULL,	25.00000000,	150.00000000,	0.00000000,	'Estándar',	0.00000000,	0.00000000,	0.00000000,	0.00000000,	'',	NULL,	NULL,	'',	NULL,	'',	0,	0.00000000,	2,	0.00000000,	2,	0.00000000,	4,	2,	2,	2,	0.00000000,	0.00000000,	'NING',	NULL,	'S',	'admin',	'2012-07-10 09:48:20',	'admin',	'2012-07-10 09:48:20'),
('R323',	'Javon rey x 300g',	'T',	'',	1,	NULL,	NULL,	25.00000000,	200.00000000,	0.00000000,	'Estándar',	0.00000000,	0.00000000,	0.00000000,	0.00000000,	'',	NULL,	NULL,	'',	NULL,	'',	0,	0.00000000,	2,	0.00000000,	2,	0.00000000,	4,	2,	2,	2,	0.00000000,	0.00000000,	'NING',	NULL,	'S',	'admin',	'2012-07-10 09:48:20',	'admin',	'2012-07-10 09:48:20'),
('R324',	'Javon coco x 250 g',	'T',	'',	1,	NULL,	NULL,	20.00000000,	60.00000000,	0.00000000,	'Estándar',	0.00000000,	0.00000000,	0.00000000,	0.00000000,	'',	NULL,	NULL,	'',	NULL,	'',	0,	0.00000000,	2,	0.00000000,	2,	0.00000000,	4,	2,	2,	2,	0.00000000,	0.00000000,	'NING',	NULL,	'S',	'admin',	'2012-07-10 09:48:20',	'admin',	'2012-07-10 09:48:20'),
('R325',	'Javon azul k x 250g',	'T',	'',	1,	NULL,	NULL,	20.00000000,	60.00000000,	0.00000000,	'Estándar',	0.00000000,	0.00000000,	0.00000000,	0.00000000,	'',	NULL,	NULL,	'',	NULL,	'',	0,	0.00000000,	2,	0.00000000,	2,	0.00000000,	4,	2,	2,	2,	0.00000000,	0.00000000,	'NING',	NULL,	'S',	'admin',	'2012-07-10 09:48:20',	'admin',	'2012-07-10 09:48:20'),
('R326',	'Javo vel rosita x280g',	'T',	'',	1,	NULL,	NULL,	20.00000000,	60.00000000,	0.00000000,	'Estándar',	0.00000000,	0.00000000,	0.00000000,	0.00000000,	'',	NULL,	NULL,	'',	NULL,	'',	0,	0.00000000,	2,	0.00000000,	2,	0.00000000,	4,	2,	2,	2,	0.00000000,	0.00000000,	'NING',	NULL,	'S',	'admin',	'2012-07-10 09:48:20',	'admin',	'2012-07-10 09:48:20'),
('R327',	'Javon puro x 250g',	'T',	'',	1,	NULL,	NULL,	20.00000000,	60.00000000,	0.00000000,	'Estándar',	0.00000000,	0.00000000,	0.00000000,	0.00000000,	'',	NULL,	NULL,	'',	NULL,	'',	0,	0.00000000,	2,	0.00000000,	2,	0.00000000,	4,	2,	2,	2,	0.00000000,	0.00000000,	'NING',	NULL,	'S',	'admin',	'2012-07-10 09:48:20',	'admin',	'2012-07-10 09:48:20'),
('R328',	'Javon supremo x 340g',	'T',	'',	1,	NULL,	NULL,	20.00000000,	60.00000000,	0.00000000,	'Estándar',	0.00000000,	0.00000000,	0.00000000,	0.00000000,	'',	NULL,	NULL,	'',	NULL,	'',	0,	0.00000000,	2,	0.00000000,	2,	0.00000000,	4,	2,	2,	2,	0.00000000,	0.00000000,	'NING',	NULL,	'S',	'admin',	'2012-07-10 09:48:20',	'admin',	'2012-07-10 09:48:20'),
('R329',	'Javon rindex x270g',	'T',	'',	1,	NULL,	NULL,	20.00000000,	60.00000000,	0.00000000,	'Estándar',	0.00000000,	0.00000000,	0.00000000,	0.00000000,	'',	NULL,	NULL,	'',	NULL,	'',	0,	0.00000000,	2,	0.00000000,	2,	0.00000000,	4,	2,	2,	2,	0.00000000,	0.00000000,	'NING',	NULL,	'S',	'admin',	'2012-07-10 09:48:20',	'admin',	'2012-07-10 09:48:20'),
('R33',	'Colcafe  x170',	'T',	'',	1,	NULL,	NULL,	4.00000000,	12.00000000,	10.00000000,	'Estándar',	0.00000000,	0.00000000,	0.00000000,	0.00000000,	'',	NULL,	NULL,	'',	NULL,	'',	0,	0.00000000,	2,	0.00000000,	2,	0.00000000,	4,	2,	2,	2,	0.00000000,	0.00000000,	'NING',	NULL,	'S',	'admin',	'2012-07-10 09:48:20',	'admin',	'2012-07-10 09:48:20'),
('R330',	'Javon fab barra x 340g',	'T',	'',	1,	NULL,	NULL,	20.00000000,	60.00000000,	0.00000000,	'Estándar',	0.00000000,	0.00000000,	0.00000000,	0.00000000,	'',	NULL,	NULL,	'',	NULL,	'',	0,	0.00000000,	2,	0.00000000,	2,	0.00000000,	4,	2,	2,	2,	0.00000000,	0.00000000,	'NING',	NULL,	'S',	'admin',	'2012-07-10 09:48:20',	'admin',	'2012-07-10 09:48:20'),
('R331',	'Javon tras x 400g',	'T',	'',	1,	NULL,	NULL,	20.00000000,	60.00000000,	0.00000000,	'Estándar',	0.00000000,	0.00000000,	0.00000000,	0.00000000,	'',	NULL,	NULL,	'',	NULL,	'',	0,	0.00000000,	2,	0.00000000,	2,	0.00000000,	4,	2,	2,	2,	0.00000000,	0.00000000,	'NING',	NULL,	'S',	'admin',	'2012-07-10 09:48:20',	'admin',	'2012-07-10 09:48:20'),
('R332',	'Javon dersa barra x 350g',	'T',	'',	1,	NULL,	NULL,	20.00000000,	60.00000000,	0.00000000,	'Estándar',	0.00000000,	0.00000000,	0.00000000,	0.00000000,	'',	NULL,	NULL,	'',	NULL,	'',	0,	0.00000000,	2,	0.00000000,	2,	0.00000000,	4,	2,	2,	2,	0.00000000,	0.00000000,	'NING',	NULL,	'S',	'admin',	'2012-07-10 09:48:20',	'admin',	'2012-07-10 09:48:20'),
('R333',	'Javon dersa barra x 250g',	'T',	'',	1,	NULL,	NULL,	20.00000000,	60.00000000,	0.00000000,	'Estándar',	0.00000000,	0.00000000,	0.00000000,	0.00000000,	'',	NULL,	NULL,	'',	NULL,	'',	0,	0.00000000,	2,	0.00000000,	2,	0.00000000,	4,	2,	2,	2,	0.00000000,	0.00000000,	'NING',	NULL,	'S',	'admin',	'2012-07-10 09:48:20',	'admin',	'2012-07-10 09:48:20'),
('R334',	'AXION DISCO X 150G',	'T',	'',	1,	NULL,	NULL,	30.00000000,	200.00000000,	0.00000000,	'Estándar',	0.00000000,	0.00000000,	0.00000000,	0.00000000,	'',	NULL,	NULL,	'',	NULL,	'',	0,	0.00000000,	2,	0.00000000,	2,	0.00000000,	4,	2,	2,	2,	0.00000000,	0.00000000,	'NING',	NULL,	'S',	'admin',	'2012-07-10 09:48:20',	'admin',	'2012-07-10 09:48:20'),
('R335',	'Ak discox 150g',	'T',	'',	1,	NULL,	NULL,	30.00000000,	200.00000000,	0.00000000,	'Estándar',	0.00000000,	0.00000000,	0.00000000,	0.00000000,	'',	NULL,	NULL,	'',	NULL,	'',	0,	0.00000000,	2,	0.00000000,	2,	0.00000000,	4,	2,	2,	2,	0.00000000,	0.00000000,	'NING',	NULL,	'S',	'admin',	'2012-07-10 09:48:20',	'admin',	'2012-07-10 09:48:20'),
('R336',	'Cera cojin furor roja',	'T',	'',	1,	NULL,	NULL,	20.00000000,	100.00000000,	0.00000000,	'Estándar',	0.00000000,	0.00000000,	0.00000000,	0.00000000,	'',	NULL,	NULL,	'',	NULL,	'',	0,	0.00000000,	2,	0.00000000,	2,	0.00000000,	4,	2,	2,	2,	0.00000000,	0.00000000,	'NING',	NULL,	'S',	'admin',	'2012-07-10 09:48:20',	'admin',	'2012-07-10 09:48:20'),
('R337',	'Cera cojin furor roja cojin',	'T',	'',	1,	NULL,	NULL,	20.00000000,	100.00000000,	0.00000000,	'Estándar',	0.00000000,	0.00000000,	0.00000000,	0.00000000,	'',	NULL,	NULL,	'',	NULL,	'',	0,	0.00000000,	2,	0.00000000,	2,	0.00000000,	4,	2,	2,	2,	0.00000000,	0.00000000,	'NING',	NULL,	'S',	'admin',	'2012-07-10 09:48:20',	'admin',	'2012-07-10 09:48:20'),
('R338',	'Guantes  ',	'T',	'',	1,	NULL,	NULL,	24.00000000,	100.00000000,	0.00000000,	'Estándar',	0.00000000,	0.00000000,	0.00000000,	0.00000000,	'',	NULL,	NULL,	'',	NULL,	'',	0,	0.00000000,	2,	0.00000000,	2,	0.00000000,	4,	2,	2,	2,	0.00000000,	0.00000000,	'NING',	NULL,	'S',	'admin',	'2012-07-10 09:48:20',	'admin',	'2012-07-10 09:48:20'),
('R339',	'Espojilla de brillo',	'T',	'',	1,	NULL,	NULL,	20.00000000,	80.00000000,	0.00000000,	'Estándar',	0.00000000,	0.00000000,	0.00000000,	0.00000000,	'',	NULL,	NULL,	'',	NULL,	'',	0,	0.00000000,	2,	0.00000000,	2,	0.00000000,	4,	2,	2,	2,	0.00000000,	0.00000000,	'NING',	NULL,	'S',	'admin',	'2012-07-10 09:48:20',	'admin',	'2012-07-10 09:48:20'),
('R34',	'Colcafe x 85g',	'T',	'',	1,	NULL,	NULL,	6.00000000,	12.00000000,	10.00000000,	'Estándar',	0.00000000,	0.00000000,	0.00000000,	0.00000000,	'',	NULL,	NULL,	'',	NULL,	'',	0,	0.00000000,	2,	0.00000000,	2,	0.00000000,	4,	2,	2,	2,	0.00000000,	0.00000000,	'NING',	NULL,	'S',	'admin',	'2012-07-10 09:48:20',	'admin',	'2012-07-10 09:48:20'),
('R340',	'Esponja de alambre matrix',	'T',	'',	1,	NULL,	NULL,	20.00000000,	60.00000000,	0.00000000,	'Estándar',	0.00000000,	0.00000000,	0.00000000,	0.00000000,	'',	NULL,	NULL,	'',	NULL,	'',	0,	0.00000000,	2,	0.00000000,	2,	0.00000000,	4,	2,	2,	2,	0.00000000,	0.00000000,	'NING',	NULL,	'S',	'admin',	'2012-07-10 09:48:20',	'admin',	'2012-07-10 09:48:20'),
('R341',	'Sabra la maquina',	'T',	'',	1,	NULL,	NULL,	20.00000000,	60.00000000,	0.00000000,	'Estándar',	0.00000000,	0.00000000,	0.00000000,	0.00000000,	'',	NULL,	NULL,	'',	NULL,	'',	0,	0.00000000,	2,	0.00000000,	2,	0.00000000,	4,	2,	2,	2,	0.00000000,	0.00000000,	'NING',	NULL,	'S',	'admin',	'2012-07-10 09:48:20',	'admin',	'2012-07-10 09:48:20'),
('R342',	'Sabra verde ',	'T',	'',	1,	NULL,	NULL,	40.00000000,	150.00000000,	0.00000000,	'Estándar',	0.00000000,	0.00000000,	0.00000000,	0.00000000,	'',	NULL,	NULL,	'',	NULL,	'',	0,	0.00000000,	2,	0.00000000,	2,	0.00000000,	4,	2,	2,	2,	0.00000000,	0.00000000,	'NING',	NULL,	'S',	'admin',	'2012-07-10 09:48:20',	'admin',	'2012-07-10 09:48:20'),
('R343',	'Leche klim deslactosada x 360g',	'T',	'',	1,	NULL,	NULL,	12.00000000,	30.00000000,	0.00000000,	'Estándar',	0.00000000,	0.00000000,	0.00000000,	0.00000000,	'',	NULL,	NULL,	'',	NULL,	'',	0,	0.00000000,	2,	0.00000000,	2,	0.00000000,	4,	2,	2,	2,	0.00000000,	0.00000000,	'NING',	NULL,	'S',	'admin',	'2012-07-10 09:48:20',	'admin',	'2012-07-10 09:48:20'),
('R344',	'Leche klim nutri rinde x 104',	'T',	'',	1,	NULL,	NULL,	20.00000000,	50.00000000,	0.00000000,	'Estándar',	0.00000000,	0.00000000,	0.00000000,	0.00000000,	'',	NULL,	NULL,	'',	NULL,	'',	0,	0.00000000,	2,	0.00000000,	2,	0.00000000,	4,	2,	2,	2,	0.00000000,	0.00000000,	'NING',	NULL,	'S',	'admin',	'2012-07-10 09:48:20',	'admin',	'2012-07-10 09:48:20'),
('R345',	'Cera cojin grande roja ',	'T',	'',	1,	NULL,	NULL,	20.00000000,	60.00000000,	0.00000000,	'Estándar',	0.00000000,	0.00000000,	0.00000000,	0.00000000,	'',	NULL,	NULL,	'',	NULL,	'',	0,	0.00000000,	2,	0.00000000,	2,	0.00000000,	4,	2,	2,	2,	0.00000000,	0.00000000,	'NING',	NULL,	'S',	'admin',	'2012-07-10 09:48:20',	'admin',	'2012-07-10 09:48:20'),
('R346',	'Dog chaow cachorro x kilo',	'T',	'',	1,	NULL,	NULL,	10.00000000,	20.00000000,	0.00000000,	'Estándar',	0.00000000,	0.00000000,	0.00000000,	0.00000000,	'',	NULL,	NULL,	'',	NULL,	'',	0,	0.00000000,	2,	0.00000000,	2,	0.00000000,	4,	2,	2,	2,	0.00000000,	0.00000000,	'NING',	NULL,	'S',	'admin',	'2012-07-10 09:48:20',	'admin',	'2012-07-10 09:48:20'),
('R347',	'Mirringo x 500g',	'T',	'',	1,	NULL,	NULL,	20.00000000,	60.00000000,	0.00000000,	'Estándar',	0.00000000,	0.00000000,	0.00000000,	0.00000000,	'',	NULL,	NULL,	'',	NULL,	'',	0,	0.00000000,	2,	0.00000000,	2,	0.00000000,	4,	2,	2,	2,	0.00000000,	0.00000000,	'NING',	NULL,	'S',	'admin',	'2012-07-10 09:48:20',	'admin',	'2012-07-10 09:48:20'),
('R348',	'Ladrina cachorro x kilo',	'T',	'',	1,	NULL,	NULL,	10.00000000,	20.00000000,	0.00000000,	'Estándar',	0.00000000,	0.00000000,	0.00000000,	0.00000000,	'',	NULL,	NULL,	'',	NULL,	'',	0,	0.00000000,	2,	0.00000000,	2,	0.00000000,	4,	2,	2,	2,	0.00000000,	0.00000000,	'NING',	NULL,	'S',	'admin',	'2012-07-10 09:48:20',	'admin',	'2012-07-10 09:48:20'),
('R349',	'Pedigri x500g',	'T',	'',	1,	NULL,	NULL,	10.00000000,	40.00000000,	0.00000000,	'Estándar',	0.00000000,	0.00000000,	0.00000000,	0.00000000,	'',	NULL,	NULL,	'',	NULL,	'',	0,	0.00000000,	2,	0.00000000,	2,	0.00000000,	4,	2,	2,	2,	0.00000000,	0.00000000,	'NING',	NULL,	'S',	'admin',	'2012-07-10 09:48:20',	'admin',	'2012-07-10 09:48:20'),
('R35',	'Colcafe descafeinado x 100g',	'T',	'',	1,	NULL,	NULL,	6.00000000,	12.00000000,	10.00000000,	'Estándar',	0.00000000,	0.00000000,	0.00000000,	0.00000000,	'',	NULL,	NULL,	'',	NULL,	'',	0,	0.00000000,	2,	0.00000000,	2,	0.00000000,	4,	2,	2,	2,	0.00000000,	0.00000000,	'NING',	NULL,	'S',	'admin',	'2012-07-10 09:48:20',	'admin',	'2012-07-10 09:48:20'),
('R350',	'Ruffo cachorro xkilo',	'T',	'',	1,	NULL,	NULL,	10.00000000,	20.00000000,	0.00000000,	'Estándar',	0.00000000,	0.00000000,	0.00000000,	0.00000000,	'',	NULL,	NULL,	'',	NULL,	'',	0,	0.00000000,	2,	0.00000000,	2,	0.00000000,	4,	2,	2,	2,	0.00000000,	0.00000000,	'NING',	NULL,	'S',	'admin',	'2012-07-10 09:48:20',	'admin',	'2012-07-10 09:48:20'),
('R351',	'Ringo cachorro x kilo',	'T',	'',	1,	NULL,	NULL,	20.00000000,	80.00000000,	0.00000000,	'Estándar',	0.00000000,	0.00000000,	0.00000000,	0.00000000,	'',	NULL,	NULL,	'',	NULL,	'',	0,	0.00000000,	2,	0.00000000,	2,	0.00000000,	4,	2,	2,	2,	0.00000000,	0.00000000,	'NING',	NULL,	'S',	'admin',	'2012-07-10 09:48:20',	'admin',	'2012-07-10 09:48:20'),
('R352',	'Ringo adulto x kilo ',	'T',	'',	1,	NULL,	NULL,	20.00000000,	80.00000000,	0.00000000,	'Estándar',	0.00000000,	0.00000000,	0.00000000,	0.00000000,	'',	NULL,	NULL,	'',	NULL,	'',	0,	0.00000000,	2,	0.00000000,	2,	0.00000000,	4,	2,	2,	2,	0.00000000,	0.00000000,	'NING',	NULL,	'S',	'admin',	'2012-07-10 09:48:20',	'admin',	'2012-07-10 09:48:20'),
('R353',	'Deter k x 200g',	'T',	'',	1,	NULL,	NULL,	20.00000000,	100.00000000,	0.00000000,	'Estándar',	0.00000000,	0.00000000,	0.00000000,	0.00000000,	'',	NULL,	NULL,	'',	NULL,	'',	0,	0.00000000,	2,	0.00000000,	2,	0.00000000,	4,	2,	2,	2,	0.00000000,	0.00000000,	'NING',	NULL,	'S',	'admin',	'2012-07-10 09:48:20',	'admin',	'2012-07-10 09:48:20'),
('R354',	'Ace x 250g',	'T',	'',	1,	NULL,	NULL,	20.00000000,	100.00000000,	0.00000000,	'Estándar',	0.00000000,	0.00000000,	0.00000000,	0.00000000,	'',	NULL,	NULL,	'',	NULL,	'',	0,	0.00000000,	2,	0.00000000,	2,	0.00000000,	4,	2,	2,	2,	0.00000000,	0.00000000,	'NING',	NULL,	'S',	'admin',	'2012-07-10 09:48:20',	'admin',	'2012-07-10 09:48:20'),
('R355',	'AK1  x225 g',	'T',	'',	1,	NULL,	NULL,	20.00000000,	100.00000000,	0.00000000,	'Estándar',	0.00000000,	0.00000000,	0.00000000,	0.00000000,	'',	NULL,	NULL,	'',	NULL,	'',	0,	0.00000000,	2,	0.00000000,	2,	0.00000000,	4,	2,	2,	2,	0.00000000,	0.00000000,	'NING',	NULL,	'S',	'admin',	'2012-07-10 09:48:20',	'admin',	'2012-07-10 09:48:20'),
('R356',	'FAB x 225 g',	'T',	'',	1,	NULL,	NULL,	20.00000000,	100.00000000,	0.00000000,	'Estándar',	0.00000000,	0.00000000,	0.00000000,	0.00000000,	'',	NULL,	NULL,	'',	NULL,	'',	0,	0.00000000,	2,	0.00000000,	2,	0.00000000,	4,	2,	2,	2,	0.00000000,	0.00000000,	'NING',	NULL,	'S',	'admin',	'2012-07-10 09:48:20',	'admin',	'2012-07-10 09:48:20'),
('R357',	'ARIEL x 225g ',	'T',	'',	1,	NULL,	NULL,	20.00000000,	100.00000000,	0.00000000,	'Estándar',	0.00000000,	0.00000000,	0.00000000,	0.00000000,	'',	NULL,	NULL,	'',	NULL,	'',	0,	0.00000000,	2,	0.00000000,	2,	0.00000000,	4,	2,	2,	2,	0.00000000,	0.00000000,	'NING',	NULL,	'S',	'admin',	'2012-07-10 09:48:20',	'admin',	'2012-07-10 09:48:20'),
('R358',	'Dersa x 250 g ',	'T',	'',	1,	NULL,	NULL,	20.00000000,	150.00000000,	0.00000000,	'Estándar',	0.00000000,	0.00000000,	0.00000000,	0.00000000,	'',	NULL,	NULL,	'',	NULL,	'',	0,	0.00000000,	2,	0.00000000,	2,	0.00000000,	4,	2,	2,	2,	0.00000000,	0.00000000,	'NING',	NULL,	'S',	'admin',	'2012-07-10 09:48:20',	'admin',	'2012-07-10 09:48:20'),
('R359',	'Dersa  x 500 g',	'T',	'',	1,	NULL,	NULL,	20.00000000,	180.00000000,	0.00000000,	'Estándar',	0.00000000,	0.00000000,	0.00000000,	0.00000000,	'',	NULL,	NULL,	'',	NULL,	'',	0,	0.00000000,	2,	0.00000000,	2,	0.00000000,	4,	2,	2,	2,	0.00000000,	0.00000000,	'NING',	NULL,	'S',	'admin',	'2012-07-10 09:48:20',	'admin',	'2012-07-10 09:48:20'),
('R36',	'Colcafe x 50g     ',	'T',	'',	1,	NULL,	NULL,	6.00000000,	15.00000000,	10.00000000,	'Estándar',	0.00000000,	0.00000000,	0.00000000,	0.00000000,	'',	NULL,	NULL,	'',	NULL,	'',	0,	0.00000000,	2,	0.00000000,	2,	0.00000000,	4,	2,	2,	2,	0.00000000,	0.00000000,	'NING',	NULL,	'S',	'admin',	'2012-07-10 09:48:20',	'admin',	'2012-07-10 09:48:20'),
('R360',	'Deter k  x400g',	'T',	'',	1,	NULL,	NULL,	20.00000000,	80.00000000,	0.00000000,	'Estándar',	0.00000000,	0.00000000,	0.00000000,	0.00000000,	'',	NULL,	NULL,	'',	NULL,	'',	0,	0.00000000,	2,	0.00000000,	2,	0.00000000,	4,	2,	2,	2,	0.00000000,	0.00000000,	'NING',	NULL,	'S',	'admin',	'2012-07-10 09:48:20',	'admin',	'2012-07-10 09:48:20'),
('R361',	'AK 1x 500 g',	'T',	'',	1,	NULL,	NULL,	20.00000000,	80.00000000,	0.00000000,	'Estándar',	0.00000000,	0.00000000,	0.00000000,	0.00000000,	'',	NULL,	NULL,	'',	NULL,	'',	0,	0.00000000,	2,	0.00000000,	2,	0.00000000,	4,	2,	2,	2,	0.00000000,	0.00000000,	'NING',	NULL,	'S',	'admin',	'2012-07-10 09:48:20',	'admin',	'2012-07-10 09:48:20'),
('R362',	'Detergente 123 x 500g',	'T',	'',	1,	NULL,	NULL,	20.00000000,	80.00000000,	0.00000000,	'Estándar',	0.00000000,	0.00000000,	0.00000000,	0.00000000,	'',	NULL,	NULL,	'',	NULL,	'',	0,	0.00000000,	2,	0.00000000,	2,	0.00000000,	4,	2,	2,	2,	0.00000000,	0.00000000,	'NING',	NULL,	'S',	'admin',	'2012-07-10 09:48:20',	'admin',	'2012-07-10 09:48:20'),
('R363',	'Deter k x 900g',	'T',	'',	1,	NULL,	NULL,	20.00000000,	80.00000000,	0.00000000,	'Estándar',	0.00000000,	0.00000000,	0.00000000,	0.00000000,	'',	NULL,	NULL,	'',	NULL,	'',	0,	0.00000000,	2,	0.00000000,	2,	0.00000000,	4,	2,	2,	2,	0.00000000,	0.00000000,	'NING',	NULL,	'S',	'admin',	'2012-07-10 09:48:20',	'admin',	'2012-07-10 09:48:20'),
('R364',	'Grandioso x 400 g',	'T',	'',	1,	NULL,	NULL,	20.00000000,	80.00000000,	0.00000000,	'Estándar',	0.00000000,	0.00000000,	0.00000000,	0.00000000,	'',	NULL,	NULL,	'',	NULL,	'',	0,	0.00000000,	2,	0.00000000,	2,	0.00000000,	4,	2,	2,	2,	0.00000000,	0.00000000,	'NING',	NULL,	'S',	'admin',	'2012-07-10 09:48:20',	'admin',	'2012-07-10 09:48:20'),
('R365',	'FAB x 500 g',	'T',	'',	1,	NULL,	NULL,	20.00000000,	60.00000000,	0.00000000,	'Estándar',	0.00000000,	0.00000000,	0.00000000,	0.00000000,	'',	NULL,	NULL,	'',	NULL,	'',	0,	0.00000000,	2,	0.00000000,	2,	0.00000000,	4,	2,	2,	2,	0.00000000,	0.00000000,	'NING',	NULL,	'S',	'admin',	'2012-07-10 09:48:20',	'admin',	'2012-07-10 09:48:20'),
('R366',	'Lavo matic x500g',	'T',	'',	1,	NULL,	NULL,	20.00000000,	60.00000000,	0.00000000,	'Estándar',	0.00000000,	0.00000000,	0.00000000,	0.00000000,	'',	NULL,	NULL,	'',	NULL,	'',	0,	0.00000000,	2,	0.00000000,	2,	0.00000000,	4,	2,	2,	2,	0.00000000,	0.00000000,	'NING',	NULL,	'S',	'admin',	'2012-07-10 09:48:20',	'admin',	'2012-07-10 09:48:20'),
('R367',	'Rindex x 500g',	'T',	'',	1,	NULL,	NULL,	20.00000000,	60.00000000,	0.00000000,	'Estándar',	0.00000000,	0.00000000,	0.00000000,	0.00000000,	'',	NULL,	NULL,	'',	NULL,	'',	0,	0.00000000,	2,	0.00000000,	2,	0.00000000,	4,	2,	2,	2,	0.00000000,	0.00000000,	'NING',	NULL,	'S',	'admin',	'2012-07-10 09:48:20',	'admin',	'2012-07-10 09:48:20'),
('R368',	'ARIEL x 450g',	'T',	'',	1,	NULL,	NULL,	20.00000000,	60.00000000,	0.00000000,	'Estándar',	0.00000000,	0.00000000,	0.00000000,	0.00000000,	'',	NULL,	NULL,	'',	NULL,	'',	0,	0.00000000,	2,	0.00000000,	2,	0.00000000,	4,	2,	2,	2,	0.00000000,	0.00000000,	'NING',	NULL,	'S',	'admin',	'2012-07-10 09:48:20',	'admin',	'2012-07-10 09:48:20'),
('R369',	'ACE x 450g',	'T',	'',	1,	NULL,	NULL,	20.00000000,	60.00000000,	0.00000000,	'Estándar',	0.00000000,	0.00000000,	0.00000000,	0.00000000,	'',	NULL,	NULL,	'',	NULL,	'',	0,	0.00000000,	2,	0.00000000,	2,	0.00000000,	4,	2,	2,	2,	0.00000000,	0.00000000,	'NING',	NULL,	'S',	'admin',	'2012-07-10 09:48:20',	'admin',	'2012-07-10 09:48:20'),
('R37',	'Colcafe descafeinado x50g',	'T',	'',	1,	NULL,	NULL,	6.00000000,	15.00000000,	10.00000000,	'Estándar',	0.00000000,	0.00000000,	0.00000000,	0.00000000,	'',	NULL,	NULL,	'',	NULL,	'',	0,	0.00000000,	2,	0.00000000,	2,	0.00000000,	4,	2,	2,	2,	0.00000000,	0.00000000,	'NING',	NULL,	'S',	'admin',	'2012-07-10 09:48:20',	'admin',	'2012-07-10 09:48:20'),
('R370',	'Lavo matic x 900 g ',	'T',	'',	1,	NULL,	NULL,	20.00000000,	60.00000000,	0.00000000,	'Estándar',	0.00000000,	0.00000000,	0.00000000,	0.00000000,	'',	NULL,	NULL,	'',	NULL,	'',	0,	0.00000000,	2,	0.00000000,	2,	0.00000000,	4,	2,	2,	2,	0.00000000,	0.00000000,	'NING',	NULL,	'S',	'admin',	'2012-07-10 09:48:20',	'admin',	'2012-07-10 09:48:20'),
('R371',	'ARIEL X KILO ',	'T',	'',	1,	NULL,	NULL,	20.00000000,	40.00000000,	0.00000000,	'Estándar',	0.00000000,	0.00000000,	0.00000000,	0.00000000,	'',	NULL,	NULL,	'',	NULL,	'',	0,	0.00000000,	2,	0.00000000,	2,	0.00000000,	4,	2,	2,	2,	0.00000000,	0.00000000,	'NING',	NULL,	'S',	'admin',	'2012-07-10 09:48:20',	'admin',	'2012-07-10 09:48:20'),
('R372',	'FAB  x kilo ',	'T',	'',	1,	NULL,	NULL,	20.00000000,	40.00000000,	0.00000000,	'Estándar',	0.00000000,	0.00000000,	0.00000000,	0.00000000,	'',	NULL,	NULL,	'',	NULL,	'',	0,	0.00000000,	2,	0.00000000,	2,	0.00000000,	4,	2,	2,	2,	0.00000000,	0.00000000,	'NING',	NULL,	'S',	'admin',	'2012-07-10 09:48:20',	'admin',	'2012-07-10 09:48:20'),
('R373',	'GRANDIOSO x kilo ',	'T',	'',	1,	NULL,	NULL,	20.00000000,	40.00000000,	0.00000000,	'Estándar',	0.00000000,	0.00000000,	0.00000000,	0.00000000,	'',	NULL,	NULL,	'',	NULL,	'',	0,	0.00000000,	2,	0.00000000,	2,	0.00000000,	4,	2,	2,	2,	0.00000000,	0.00000000,	'NING',	NULL,	'S',	'admin',	'2012-07-10 09:48:20',	'admin',	'2012-07-10 09:48:20'),
('R374',	'ACE  x kilo',	'T',	'',	1,	NULL,	NULL,	20.00000000,	40.00000000,	0.00000000,	'Estándar',	0.00000000,	0.00000000,	0.00000000,	0.00000000,	'',	NULL,	NULL,	'',	NULL,	'',	0,	0.00000000,	2,	0.00000000,	2,	0.00000000,	4,	2,	2,	2,	0.00000000,	0.00000000,	'NING',	NULL,	'S',	'admin',	'2012-07-10 09:48:20',	'admin',	'2012-07-10 09:48:20'),
('R375',	'RINDEX  x kilo',	'T',	'',	1,	NULL,	NULL,	20.00000000,	60.00000000,	0.00000000,	'Estándar',	0.00000000,	0.00000000,	0.00000000,	0.00000000,	'',	NULL,	NULL,	'',	NULL,	'',	0,	0.00000000,	2,	0.00000000,	2,	0.00000000,	4,	2,	2,	2,	0.00000000,	0.00000000,	'NING',	NULL,	'S',	'admin',	'2012-07-10 09:48:20',	'admin',	'2012-07-10 09:48:20'),
('R376',	'AK 1 x 900 g',	'T',	'',	1,	NULL,	NULL,	20.00000000,	60.00000000,	0.00000000,	'Estándar',	0.00000000,	0.00000000,	0.00000000,	0.00000000,	'',	NULL,	NULL,	'',	NULL,	'',	0,	0.00000000,	2,	0.00000000,	2,	0.00000000,	4,	2,	2,	2,	0.00000000,	0.00000000,	'NING',	NULL,	'S',	'admin',	'2012-07-10 09:48:20',	'admin',	'2012-07-10 09:48:20'),
('R377',	'DERSA  x kilo',	'T',	'',	1,	NULL,	NULL,	20.00000000,	60.00000000,	0.00000000,	'Estándar',	0.00000000,	0.00000000,	0.00000000,	0.00000000,	'',	NULL,	NULL,	'',	NULL,	'',	0,	0.00000000,	2,	0.00000000,	2,	0.00000000,	4,	2,	2,	2,	0.00000000,	0.00000000,	'NING',	NULL,	'S',	'admin',	'2012-07-10 09:48:20',	'admin',	'2012-07-10 09:48:20'),
('R378',	'DETER k x 2800 g',	'T',	'',	1,	NULL,	NULL,	5.00000000,	12.00000000,	0.00000000,	'Estándar',	0.00000000,	0.00000000,	0.00000000,	0.00000000,	'',	NULL,	NULL,	'',	NULL,	'',	0,	0.00000000,	2,	0.00000000,	2,	0.00000000,	4,	2,	2,	2,	0.00000000,	0.00000000,	'NING',	NULL,	'S',	'admin',	'2012-07-10 09:48:20',	'admin',	'2012-07-10 09:48:20'),
('R379',	'AK 1 x 3000g ',	'T',	'',	1,	NULL,	NULL,	5.00000000,	12.00000000,	0.00000000,	'Estándar',	0.00000000,	0.00000000,	0.00000000,	0.00000000,	'',	NULL,	NULL,	'',	NULL,	'',	0,	0.00000000,	2,	0.00000000,	2,	0.00000000,	4,	2,	2,	2,	0.00000000,	0.00000000,	'NING',	NULL,	'S',	'admin',	'2012-07-10 09:48:20',	'admin',	'2012-07-10 09:48:20'),
('R38',	'Café Aroma x50g',	'T',	'',	1,	NULL,	NULL,	6.00000000,	24.00000000,	15.00000000,	'Estándar',	0.00000000,	0.00000000,	0.00000000,	0.00000000,	'',	NULL,	NULL,	'',	NULL,	'',	0,	0.00000000,	2,	0.00000000,	2,	0.00000000,	4,	2,	2,	2,	0.00000000,	0.00000000,	'NING',	NULL,	'S',	'admin',	'2012-07-10 09:48:20',	'admin',	'2012-07-10 09:48:20'),
('R380',	'RINDEX  x3000 g',	'T',	'',	1,	NULL,	NULL,	5.00000000,	12.00000000,	0.00000000,	'Estándar',	0.00000000,	0.00000000,	0.00000000,	0.00000000,	'',	NULL,	NULL,	'',	NULL,	'',	0,	0.00000000,	2,	0.00000000,	2,	0.00000000,	4,	2,	2,	2,	0.00000000,	0.00000000,	'NING',	NULL,	'S',	'admin',	'2012-07-10 09:48:20',	'admin',	'2012-07-10 09:48:20'),
('R381',	'Servilletas familia ',	'T',	'',	1,	NULL,	NULL,	30.00000000,	80.00000000,	0.00000000,	'Estándar',	0.00000000,	0.00000000,	0.00000000,	0.00000000,	'',	NULL,	NULL,	'',	NULL,	'',	0,	0.00000000,	2,	0.00000000,	2,	0.00000000,	4,	2,	2,	2,	0.00000000,	0.00000000,	'NING',	NULL,	'S',	'admin',	'2012-07-10 09:48:20',	'admin',	'2012-07-10 09:48:20'),
('R382',	'Toallas de cocina grande ',	'T',	'',	1,	NULL,	NULL,	6.00000000,	15.00000000,	0.00000000,	'Estándar',	0.00000000,	0.00000000,	0.00000000,	0.00000000,	'',	NULL,	NULL,	'',	NULL,	'',	0,	0.00000000,	2,	0.00000000,	2,	0.00000000,	4,	2,	2,	2,	0.00000000,	0.00000000,	'NING',	NULL,	'S',	'admin',	'2012-07-10 09:48:20',	'admin',	'2012-07-10 09:48:20'),
('R383',	'Papel aluminio 8 metros',	'T',	'',	1,	NULL,	NULL,	20.00000000,	70.00000000,	0.00000000,	'Estándar',	0.00000000,	0.00000000,	0.00000000,	0.00000000,	'',	NULL,	NULL,	'',	NULL,	'',	0,	0.00000000,	2,	0.00000000,	2,	0.00000000,	4,	2,	2,	2,	0.00000000,	0.00000000,	'NING',	NULL,	'S',	'admin',	'2012-07-10 09:48:20',	'admin',	'2012-07-10 09:48:20'),
('R384',	'Bombillo ahorradores ',	'T',	'',	1,	NULL,	NULL,	15.00000000,	40.00000000,	0.00000000,	'Estándar',	0.00000000,	0.00000000,	0.00000000,	0.00000000,	'',	NULL,	NULL,	'',	NULL,	'',	0,	0.00000000,	2,	0.00000000,	2,	0.00000000,	4,	2,	2,	2,	0.00000000,	0.00000000,	'NING',	NULL,	'S',	'admin',	'2012-07-10 09:48:20',	'admin',	'2012-07-10 09:48:20'),
('R385',	'Bombillos ',	'T',	'',	1,	NULL,	NULL,	30.00000000,	150.00000000,	0.00000000,	'Estándar',	0.00000000,	0.00000000,	0.00000000,	0.00000000,	'',	NULL,	NULL,	'',	NULL,	'',	0,	0.00000000,	2,	0.00000000,	2,	0.00000000,	4,	2,	2,	2,	0.00000000,	0.00000000,	'NING',	NULL,	'S',	'admin',	'2012-07-10 09:48:20',	'admin',	'2012-07-10 09:48:20'),
('R386',	'Papel viniples ',	'T',	'',	1,	NULL,	NULL,	20.00000000,	60.00000000,	0.00000000,	'Estándar',	0.00000000,	0.00000000,	0.00000000,	0.00000000,	'',	NULL,	NULL,	'',	NULL,	'',	0,	0.00000000,	2,	0.00000000,	2,	0.00000000,	4,	2,	2,	2,	0.00000000,	0.00000000,	'NING',	NULL,	'S',	'admin',	'2012-07-10 09:48:20',	'admin',	'2012-07-10 09:48:20'),
('R387',	'Nestum caja x 200g',	'T',	'',	1,	NULL,	NULL,	10.00000000,	40.00000000,	0.00000000,	'Estándar',	0.00000000,	0.00000000,	0.00000000,	0.00000000,	'',	NULL,	NULL,	'',	NULL,	'',	0,	0.00000000,	2,	0.00000000,	2,	0.00000000,	4,	2,	2,	2,	0.00000000,	0.00000000,	'NING',	NULL,	'S',	'admin',	'2012-07-10 09:48:20',	'admin',	'2012-07-10 09:48:20'),
('R388',	'Fecula de maiz x 360 g',	'T',	'',	1,	NULL,	NULL,	6.00000000,	20.00000000,	0.00000000,	'Estándar',	0.00000000,	0.00000000,	0.00000000,	0.00000000,	'',	NULL,	NULL,	'',	NULL,	'',	0,	0.00000000,	2,	0.00000000,	2,	0.00000000,	4,	2,	2,	2,	0.00000000,	0.00000000,	'NING',	NULL,	'S',	'admin',	'2012-07-10 09:48:20',	'admin',	'2012-07-10 09:48:20'),
('R389',	'Maizena x 380 g',	'T',	'',	1,	NULL,	NULL,	6.00000000,	20.00000000,	0.00000000,	'Estándar',	0.00000000,	0.00000000,	0.00000000,	0.00000000,	'',	NULL,	NULL,	'',	NULL,	'',	0,	0.00000000,	2,	0.00000000,	2,	0.00000000,	4,	2,	2,	2,	0.00000000,	0.00000000,	'NING',	NULL,	'S',	'admin',	'2012-07-10 09:48:20',	'admin',	'2012-07-10 09:48:20'),
('R39',	'Café Aroma  x85g',	'T',	'',	1,	NULL,	NULL,	6.00000000,	24.00000000,	15.00000000,	'Estándar',	0.00000000,	0.00000000,	0.00000000,	0.00000000,	'',	NULL,	NULL,	'',	NULL,	'',	0,	0.00000000,	2,	0.00000000,	2,	0.00000000,	4,	2,	2,	2,	0.00000000,	0.00000000,	'NING',	NULL,	'S',	'admin',	'2012-07-10 09:48:20',	'admin',	'2012-07-10 09:48:20'),
('R390',	'Maizena x 90 g',	'T',	'',	1,	NULL,	NULL,	20.00000000,	50.00000000,	0.00000000,	'Estándar',	0.00000000,	0.00000000,	0.00000000,	0.00000000,	'',	NULL,	NULL,	'',	NULL,	'',	0,	0.00000000,	2,	0.00000000,	2,	0.00000000,	4,	2,	2,	2,	0.00000000,	0.00000000,	'NING',	NULL,	'S',	'admin',	'2012-07-10 09:48:20',	'admin',	'2012-07-10 09:48:20'),
('R391',	'Deli platano x 90 g',	'T',	'',	1,	NULL,	NULL,	15.00000000,	40.00000000,	0.00000000,	'Estándar',	0.00000000,	0.00000000,	0.00000000,	0.00000000,	'',	NULL,	NULL,	'',	NULL,	'',	0,	0.00000000,	2,	0.00000000,	2,	0.00000000,	4,	2,	2,	2,	0.00000000,	0.00000000,	'NING',	NULL,	'S',	'admin',	'2012-07-10 09:48:20',	'admin',	'2012-07-10 09:48:20'),
('R392',	'Farina x 100g ',	'T',	'',	1,	NULL,	NULL,	15.00000000,	60.00000000,	0.00000000,	'Estándar',	0.00000000,	0.00000000,	0.00000000,	0.00000000,	'',	NULL,	NULL,	'',	NULL,	'',	0,	0.00000000,	2,	0.00000000,	2,	0.00000000,	4,	2,	2,	2,	0.00000000,	0.00000000,	'NING',	NULL,	'S',	'admin',	'2012-07-10 09:48:20',	'admin',	'2012-07-10 09:48:20'),
('R393',	'Baby quaker x 125 g',	'T',	'',	1,	NULL,	NULL,	12.00000000,	30.00000000,	0.00000000,	'Estándar',	0.00000000,	0.00000000,	0.00000000,	0.00000000,	'',	NULL,	NULL,	'',	NULL,	'',	0,	0.00000000,	2,	0.00000000,	2,	0.00000000,	4,	2,	2,	2,	0.00000000,	0.00000000,	'NING',	NULL,	'S',	'admin',	'2012-07-10 09:48:20',	'admin',	'2012-07-10 09:48:20'),
('R394',	'Avena instantanea quaker ',	'T',	'',	1,	NULL,	NULL,	20.00000000,	50.00000000,	0.00000000,	'Estándar',	0.00000000,	0.00000000,	0.00000000,	0.00000000,	'',	NULL,	NULL,	'',	NULL,	'',	0,	0.00000000,	2,	0.00000000,	2,	0.00000000,	4,	2,	2,	2,	0.00000000,	0.00000000,	'NING',	NULL,	'S',	'admin',	'2012-07-10 09:48:20',	'admin',	'2012-07-10 09:48:20'),
('R395',	'Nutri platano x500 Gr395',	'T',	'',	1,	NULL,	NULL,	20.00000000,	50.00000000,	0.00000000,	'Estándar',	0.00000000,	0.00000000,	0.00000000,	0.00000000,	'',	NULL,	NULL,	'',	NULL,	'',	0,	0.00000000,	2,	0.00000000,	2,	0.00000000,	4,	2,	2,	2,	0.00000000,	0.00000000,	'NING',	NULL,	'S',	'admin',	'2012-07-10 09:48:20',	'admin',	'2012-07-10 09:48:20'),
('R396',	'Avena en hojuelas quaker x200 g',	'T',	'',	1,	NULL,	NULL,	20.00000000,	50.00000000,	0.00000000,	'Estándar',	0.00000000,	0.00000000,	0.00000000,	0.00000000,	'',	NULL,	NULL,	'',	NULL,	'',	0,	0.00000000,	2,	0.00000000,	2,	0.00000000,	4,	2,	2,	2,	0.00000000,	0.00000000,	'NING',	NULL,	'S',	'admin',	'2012-07-10 09:48:20',	'admin',	'2012-07-10 09:48:20'),
('R397',	'Avena molida x 200g',	'T',	'',	1,	NULL,	NULL,	20.00000000,	50.00000000,	0.00000000,	'Estándar',	0.00000000,	0.00000000,	0.00000000,	0.00000000,	'',	NULL,	NULL,	'',	NULL,	'',	0,	0.00000000,	2,	0.00000000,	2,	0.00000000,	4,	2,	2,	2,	0.00000000,	0.00000000,	'NING',	NULL,	'S',	'admin',	'2012-07-10 09:48:20',	'admin',	'2012-07-10 09:48:20'),
('R398',	'Fecula de maiz x 90 g',	'T',	'',	1,	NULL,	NULL,	10.00000000,	25.00000000,	0.00000000,	'Estándar',	0.00000000,	0.00000000,	0.00000000,	0.00000000,	'',	NULL,	NULL,	'',	NULL,	'',	0,	0.00000000,	2,	0.00000000,	2,	0.00000000,	4,	2,	2,	2,	0.00000000,	0.00000000,	'NING',	NULL,	'S',	'admin',	'2012-07-10 09:48:20',	'admin',	'2012-07-10 09:48:20'),
('R399',	'Pankakes doipat',	'T',	'',	1,	NULL,	NULL,	5.00000000,	12.00000000,	0.00000000,	'Estándar',	0.00000000,	0.00000000,	0.00000000,	0.00000000,	'',	NULL,	NULL,	'',	NULL,	'',	0,	0.00000000,	2,	0.00000000,	2,	0.00000000,	4,	2,	2,	2,	0.00000000,	0.00000000,	'NING',	NULL,	'S',	'admin',	'2012-07-10 09:48:20',	'admin',	'2012-07-10 09:48:20'),
('R40',	'café Aroma Granulado x170',	'T',	'',	1,	NULL,	NULL,	3.00000000,	6.00000000,	5.00000000,	'Estándar',	0.00000000,	0.00000000,	0.00000000,	0.00000000,	'',	NULL,	NULL,	'',	NULL,	'',	0,	0.00000000,	2,	0.00000000,	2,	0.00000000,	4,	2,	2,	2,	0.00000000,	0.00000000,	'NING',	NULL,	'S',	'admin',	'2012-07-10 09:48:20',	'admin',	'2012-07-10 09:48:20'),
('R400',	'Lonja de bocadillo ',	'T',	'',	1,	NULL,	NULL,	20.00000000,	50.00000000,	0.00000000,	'Estándar',	0.00000000,	0.00000000,	0.00000000,	0.00000000,	'',	NULL,	NULL,	'',	NULL,	'',	0,	0.00000000,	2,	0.00000000,	2,	0.00000000,	4,	2,	2,	2,	0.00000000,	0.00000000,	'NING',	NULL,	'S',	'admin',	'2012-07-10 09:48:20',	'admin',	'2012-07-10 09:48:20'),
('R401',	'Te indu cajita ',	'T',	'',	1,	NULL,	NULL,	10.00000000,	30.00000000,	0.00000000,	'Estándar',	0.00000000,	0.00000000,	0.00000000,	0.00000000,	'',	NULL,	NULL,	'',	NULL,	'',	0,	0.00000000,	2,	0.00000000,	2,	0.00000000,	4,	2,	2,	2,	0.00000000,	0.00000000,	'NING',	NULL,	'S',	'admin',	'2012-07-10 09:48:20',	'admin',	'2012-07-10 09:48:20'),
('R402',	'Aromatica cinera ',	'T',	'',	1,	NULL,	NULL,	12.00000000,	50.00000000,	0.00000000,	'Estándar',	0.00000000,	0.00000000,	0.00000000,	0.00000000,	'',	NULL,	NULL,	'',	NULL,	'',	0,	0.00000000,	2,	0.00000000,	2,	0.00000000,	4,	2,	2,	2,	0.00000000,	0.00000000,	'NING',	NULL,	'S',	'admin',	'2012-07-10 09:48:20',	'admin',	'2012-07-10 09:48:20'),
('R403',	'Aromatica jaibel caja',	'T',	'',	1,	NULL,	NULL,	12.00000000,	50.00000000,	0.00000000,	'Estándar',	0.00000000,	0.00000000,	0.00000000,	0.00000000,	'',	NULL,	NULL,	'',	NULL,	'',	0,	0.00000000,	2,	0.00000000,	2,	0.00000000,	4,	2,	2,	2,	0.00000000,	0.00000000,	'NING',	NULL,	'S',	'admin',	'2012-07-10 09:48:20',	'admin',	'2012-07-10 09:48:20'),
('R404',	'Miel de abejas la reina',	'T',	'',	1,	NULL,	NULL,	12.00000000,	30.00000000,	0.00000000,	'Estándar',	0.00000000,	0.00000000,	0.00000000,	0.00000000,	'',	NULL,	NULL,	'',	NULL,	'',	0,	0.00000000,	2,	0.00000000,	2,	0.00000000,	4,	2,	2,	2,	0.00000000,	0.00000000,	'NING',	NULL,	'S',	'admin',	'2012-07-10 09:48:20',	'admin',	'2012-07-10 09:48:20'),
('R405',	'Coffe delight x 100',	'T',	'',	1,	NULL,	NULL,	6.00000000,	15.00000000,	0.00000000,	'Estándar',	0.00000000,	0.00000000,	0.00000000,	0.00000000,	'',	NULL,	NULL,	'',	NULL,	'',	0,	0.00000000,	2,	0.00000000,	2,	0.00000000,	4,	2,	2,	2,	0.00000000,	0.00000000,	'NING',	NULL,	'S',	'admin',	'2012-07-10 09:48:20',	'admin',	'2012-07-10 09:48:20'),
('R406',	'Colombinas x 50',	'T',	'',	1,	NULL,	NULL,	10.00000000,	25.00000000,	0.00000000,	'Estándar',	0.00000000,	0.00000000,	0.00000000,	0.00000000,	'',	NULL,	NULL,	'',	NULL,	'',	0,	0.00000000,	2,	0.00000000,	2,	0.00000000,	4,	2,	2,	2,	0.00000000,	0.00000000,	'NING',	NULL,	'S',	'admin',	'2012-07-10 09:48:20',	'admin',	'2012-07-10 09:48:20'),
('R407',	'Choco break  x 30',	'T',	'',	1,	NULL,	NULL,	10.00000000,	20.00000000,	0.00000000,	'Estándar',	0.00000000,	0.00000000,	0.00000000,	0.00000000,	'',	NULL,	NULL,	'',	NULL,	'',	0,	0.00000000,	2,	0.00000000,	2,	0.00000000,	4,	2,	2,	2,	0.00000000,	0.00000000,	'NING',	NULL,	'S',	'admin',	'2012-07-10 09:48:20',	'admin',	'2012-07-10 09:48:20'),
('R408',	'Masmelos millows',	'T',	'',	1,	NULL,	NULL,	10.00000000,	50.00000000,	0.00000000,	'Estándar',	0.00000000,	0.00000000,	0.00000000,	0.00000000,	'',	NULL,	NULL,	'',	NULL,	'',	0,	0.00000000,	2,	0.00000000,	2,	0.00000000,	4,	2,	2,	2,	0.00000000,	0.00000000,	'NING',	NULL,	'S',	'admin',	'2012-07-10 09:48:20',	'admin',	'2012-07-10 09:48:20'),
('R409',	'Mentas x 100',	'T',	'',	1,	NULL,	NULL,	6.00000000,	15.00000000,	0.00000000,	'Estándar',	0.00000000,	0.00000000,	0.00000000,	0.00000000,	'',	NULL,	NULL,	'',	NULL,	'',	0,	0.00000000,	2,	0.00000000,	2,	0.00000000,	4,	2,	2,	2,	0.00000000,	0.00000000,	'NING',	NULL,	'S',	'admin',	'2012-07-10 09:48:20',	'admin',	'2012-07-10 09:48:20'),
('R41',	'Café Aroma x 170',	'T',	'',	1,	NULL,	NULL,	3.00000000,	6.00000000,	5.00000000,	'Estándar',	0.00000000,	0.00000000,	0.00000000,	0.00000000,	'',	NULL,	NULL,	'',	NULL,	'',	0,	0.00000000,	2,	0.00000000,	2,	0.00000000,	4,	2,	2,	2,	0.00000000,	0.00000000,	'NING',	NULL,	'S',	'admin',	'2012-07-10 09:48:20',	'admin',	'2012-07-10 09:48:20'),
('R410',	'Moritas x 100',	'T',	'',	1,	NULL,	NULL,	6.00000000,	15.00000000,	0.00000000,	'Estándar',	0.00000000,	0.00000000,	0.00000000,	0.00000000,	'',	NULL,	NULL,	'',	NULL,	'',	0,	0.00000000,	2,	0.00000000,	2,	0.00000000,	4,	2,	2,	2,	0.00000000,	0.00000000,	'NING',	NULL,	'S',	'admin',	'2012-07-10 09:48:20',	'admin',	'2012-07-10 09:48:20'),
('R415',	'FRUTICAS LOVE',	'T',	'',	1,	NULL,	NULL,	6.00000000,	12.00000000,	0.00000000,	'Estándar',	0.00000000,	0.00000000,	0.00000000,	0.00000000,	'',	NULL,	NULL,	'',	NULL,	'',	0,	0.00000000,	2,	0.00000000,	2,	0.00000000,	4,	2,	2,	2,	0.00000000,	0.00000000,	'NING',	NULL,	'S',	'admin',	'2012-07-10 09:48:20',	'admin',	'2012-07-10 09:48:20'),
('R416',	'Bon bon bum x 24',	'T',	'',	1,	NULL,	NULL,	6.00000000,	20.00000000,	0.00000000,	'Estándar',	0.00000000,	0.00000000,	0.00000000,	0.00000000,	'',	NULL,	NULL,	'',	NULL,	'',	0,	0.00000000,	2,	0.00000000,	2,	0.00000000,	4,	2,	2,	2,	0.00000000,	0.00000000,	'NING',	NULL,	'S',	'admin',	'2012-07-10 09:48:20',	'admin',	'2012-07-10 09:48:20'),
('R417',	'Moraditas x100',	'T',	'',	1,	NULL,	NULL,	6.00000000,	15.00000000,	0.00000000,	'Estándar',	0.00000000,	0.00000000,	0.00000000,	0.00000000,	'',	NULL,	NULL,	'',	NULL,	'',	0,	0.00000000,	2,	0.00000000,	2,	0.00000000,	4,	2,	2,	2,	0.00000000,	0.00000000,	'NING',	NULL,	'S',	'admin',	'2012-07-10 09:48:20',	'admin',	'2012-07-10 09:48:20'),
('R418',	'Dulce fruticandy x 100',	'T',	'',	1,	NULL,	NULL,	6.00000000,	50.00000000,	0.00000000,	'Estándar',	0.00000000,	0.00000000,	0.00000000,	0.00000000,	'',	NULL,	NULL,	'',	NULL,	'',	0,	0.00000000,	2,	0.00000000,	2,	0.00000000,	4,	2,	2,	2,	0.00000000,	0.00000000,	'NING',	NULL,	'S',	'admin',	'2012-07-10 09:48:20',	'admin',	'2012-07-10 09:48:20'),
('R419',	'Gomas trululu ',	'T',	'',	1,	NULL,	NULL,	6.00000000,	15.00000000,	0.00000000,	'Estándar',	0.00000000,	0.00000000,	0.00000000,	0.00000000,	'',	NULL,	NULL,	'',	NULL,	'',	0,	0.00000000,	2,	0.00000000,	2,	0.00000000,	4,	2,	2,	2,	0.00000000,	0.00000000,	'NING',	NULL,	'S',	'admin',	'2012-07-10 09:48:20',	'admin',	'2012-07-10 09:48:20'),
('R42',	'Nescafe x 50g',	'T',	'',	1,	NULL,	NULL,	6.00000000,	15.00000000,	10.00000000,	'Estándar',	0.00000000,	0.00000000,	0.00000000,	0.00000000,	'',	NULL,	NULL,	'',	NULL,	'',	0,	0.00000000,	2,	0.00000000,	2,	0.00000000,	4,	2,	2,	2,	0.00000000,	0.00000000,	'NING',	NULL,	'S',	'admin',	'2012-07-10 09:48:20',	'admin',	'2012-07-10 09:48:20'),
('R420',	'DULCES BIG BEN x 100',	'T',	'',	1,	NULL,	NULL,	3.00000000,	8.00000000,	0.00000000,	'Estándar',	0.00000000,	0.00000000,	0.00000000,	0.00000000,	'',	NULL,	NULL,	'',	NULL,	'',	0,	0.00000000,	2,	0.00000000,	2,	0.00000000,	4,	2,	2,	2,	0.00000000,	0.00000000,	'NING',	NULL,	'S',	'admin',	'2012-07-10 09:48:20',	'admin',	'2012-07-10 09:48:20'),
('R421',	'Linasa x250g',	'T',	'',	1,	NULL,	NULL,	10.00000000,	40.00000000,	0.00000000,	'Estándar',	0.00000000,	0.00000000,	0.00000000,	0.00000000,	'',	NULL,	NULL,	'',	NULL,	'',	0,	0.00000000,	2,	0.00000000,	2,	0.00000000,	4,	2,	2,	2,	0.00000000,	0.00000000,	'NING',	NULL,	'S',	'admin',	'2012-07-10 09:48:20',	'admin',	'2012-07-10 09:48:20'),
('R422',	'Salvado de trigo x 450 g',	'T',	'',	1,	NULL,	NULL,	8.00000000,	15.00000000,	0.00000000,	'Estándar',	0.00000000,	0.00000000,	0.00000000,	0.00000000,	'',	NULL,	NULL,	'',	NULL,	'',	0,	0.00000000,	2,	0.00000000,	2,	0.00000000,	4,	2,	2,	2,	0.00000000,	0.00000000,	'NING',	NULL,	'S',	'admin',	'2012-07-10 09:48:20',	'admin',	'2012-07-10 09:48:20'),
('R423',	'Granola x 500g',	'T',	'',	1,	NULL,	NULL,	8.00000000,	15.00000000,	0.00000000,	'Estándar',	0.00000000,	0.00000000,	0.00000000,	0.00000000,	'',	NULL,	NULL,	'',	NULL,	'',	0,	0.00000000,	2,	0.00000000,	2,	0.00000000,	4,	2,	2,	2,	0.00000000,	0.00000000,	'NING',	NULL,	'S',	'admin',	'2012-07-10 09:48:20',	'admin',	'2012-07-10 09:48:20'),
('R424',	'Cuhuco de maiz x500 g',	'T',	'',	1,	NULL,	NULL,	15.00000000,	40.00000000,	0.00000000,	'Estándar',	0.00000000,	0.00000000,	0.00000000,	0.00000000,	'',	NULL,	NULL,	'',	NULL,	'',	0,	0.00000000,	2,	0.00000000,	2,	0.00000000,	4,	2,	2,	2,	0.00000000,	0.00000000,	'NING',	NULL,	'S',	'admin',	'2012-07-10 09:48:20',	'admin',	'2012-07-10 09:48:20'),
('R425',	'Cuchuca de trigo x 500g',	'T',	'',	1,	NULL,	NULL,	15.00000000,	40.00000000,	0.00000000,	'Estándar',	0.00000000,	0.00000000,	0.00000000,	0.00000000,	'',	NULL,	NULL,	'',	NULL,	'',	0,	0.00000000,	2,	0.00000000,	2,	0.00000000,	4,	2,	2,	2,	0.00000000,	0.00000000,	'NING',	NULL,	'S',	'admin',	'2012-07-10 09:48:20',	'admin',	'2012-07-10 09:48:20'),
('R426',	'Cuchuco de cebada x 500g',	'T',	'',	1,	NULL,	NULL,	15.00000000,	40.00000000,	0.00000000,	'Estándar',	0.00000000,	0.00000000,	0.00000000,	0.00000000,	'',	NULL,	NULL,	'',	NULL,	'',	0,	0.00000000,	2,	0.00000000,	2,	0.00000000,	4,	2,	2,	2,	0.00000000,	0.00000000,	'NING',	NULL,	'S',	'admin',	'2012-07-10 09:48:20',	'admin',	'2012-07-10 09:48:20'),
('R427',	'Cebada perlada x 500g',	'T',	'',	1,	NULL,	NULL,	15.00000000,	40.00000000,	0.00000000,	'Estándar',	0.00000000,	0.00000000,	0.00000000,	0.00000000,	'',	NULL,	NULL,	'',	NULL,	'',	0,	0.00000000,	2,	0.00000000,	2,	0.00000000,	4,	2,	2,	2,	0.00000000,	0.00000000,	'NING',	NULL,	'S',	'admin',	'2012-07-10 09:48:20',	'admin',	'2012-07-10 09:48:20'),
('R428',	'Maiz pira x500g',	'T',	'',	1,	NULL,	NULL,	15.00000000,	40.00000000,	0.00000000,	'Estándar',	0.00000000,	0.00000000,	0.00000000,	0.00000000,	'',	NULL,	NULL,	'',	NULL,	'',	0,	0.00000000,	2,	0.00000000,	2,	0.00000000,	4,	2,	2,	2,	0.00000000,	0.00000000,	'NING',	NULL,	'S',	'admin',	'2012-07-10 09:48:20',	'admin',	'2012-07-10 09:48:20'),
('R429',	'Alpiste x 500g',	'T',	'',	1,	NULL,	NULL,	15.00000000,	40.00000000,	0.00000000,	'Estándar',	0.00000000,	0.00000000,	0.00000000,	0.00000000,	'',	NULL,	NULL,	'',	NULL,	'',	0,	0.00000000,	2,	0.00000000,	2,	0.00000000,	4,	2,	2,	2,	0.00000000,	0.00000000,	'NING',	NULL,	'S',	'admin',	'2012-07-10 09:48:20',	'admin',	'2012-07-10 09:48:20'),
('R43',	'Nescafe x85g',	'T',	'',	1,	NULL,	NULL,	6.00000000,	15.00000000,	10.00000000,	'Estándar',	0.00000000,	0.00000000,	0.00000000,	0.00000000,	'',	NULL,	NULL,	'',	NULL,	'',	0,	0.00000000,	2,	0.00000000,	2,	0.00000000,	4,	2,	2,	2,	0.00000000,	0.00000000,	'NING',	NULL,	'S',	'admin',	'2012-07-10 09:48:20',	'admin',	'2012-07-10 09:48:20'),
('R430',	'Chicharrones el sabroso',	'T',	'',	1,	NULL,	NULL,	15.00000000,	40.00000000,	0.00000000,	'Estándar',	0.00000000,	0.00000000,	0.00000000,	0.00000000,	'',	NULL,	NULL,	'',	NULL,	'',	0,	0.00000000,	2,	0.00000000,	2,	0.00000000,	4,	2,	2,	2,	0.00000000,	0.00000000,	'NING',	NULL,	'S',	'admin',	'2012-07-10 09:48:20',	'admin',	'2012-07-10 09:48:20'),
('R431',	'Fosforos cuarto x 20',	'T',	'',	1,	NULL,	NULL,	20.00000000,	60.00000000,	0.00000000,	'Estándar',	0.00000000,	0.00000000,	0.00000000,	0.00000000,	'',	NULL,	NULL,	'',	NULL,	'',	0,	0.00000000,	2,	0.00000000,	2,	0.00000000,	4,	2,	2,	2,	0.00000000,	0.00000000,	'NING',	NULL,	'S',	'admin',	'2012-07-10 09:48:20',	'admin',	'2012-07-10 09:48:20'),
('R431-B',	'FOSFOROS X 2 GRANDES ',	'T',	'',	1,	NULL,	NULL,	20.00000000,	60.00000000,	0.00000000,	'Estándar',	0.00000000,	0.00000000,	0.00000000,	0.00000000,	'',	NULL,	NULL,	'',	NULL,	'',	0,	0.00000000,	2,	0.00000000,	2,	0.00000000,	4,	2,	2,	2,	0.00000000,	0.00000000,	'NING',	NULL,	'S',	'admin',	'2012-07-10 09:48:20',	'admin',	'2012-07-10 09:48:20'),
('R432',	'Palillos el sol',	'T',	'',	1,	NULL,	NULL,	20.00000000,	60.00000000,	0.00000000,	'Estándar',	0.00000000,	0.00000000,	0.00000000,	0.00000000,	'',	NULL,	NULL,	'',	NULL,	'',	0,	0.00000000,	2,	0.00000000,	2,	0.00000000,	4,	2,	2,	2,	0.00000000,	0.00000000,	'NING',	NULL,	'S',	'admin',	'2012-07-10 09:48:20',	'admin',	'2012-07-10 09:48:20'),
('R433',	'Trapero media copa ',	'T',	'',	1,	NULL,	NULL,	20.00000000,	60.00000000,	0.00000000,	'Estándar',	0.00000000,	0.00000000,	0.00000000,	0.00000000,	'',	NULL,	NULL,	'',	NULL,	'',	0,	0.00000000,	2,	0.00000000,	2,	0.00000000,	4,	2,	2,	2,	0.00000000,	0.00000000,	'NING',	NULL,	'S',	'admin',	'2012-07-10 09:48:20',	'admin',	'2012-07-10 09:48:20'),
('R434',	'Trapero 3 cuartos copa ',	'T',	'',	1,	NULL,	NULL,	20.00000000,	60.00000000,	0.00000000,	'Estándar',	0.00000000,	0.00000000,	0.00000000,	0.00000000,	'',	NULL,	NULL,	'',	NULL,	'',	0,	0.00000000,	2,	0.00000000,	2,	0.00000000,	4,	2,	2,	2,	0.00000000,	0.00000000,	'NING',	NULL,	'S',	'admin',	'2012-07-10 09:48:20',	'admin',	'2012-07-10 09:48:20'),
('R435',	'Trapero de media gancho',	'T',	'',	1,	NULL,	NULL,	20.00000000,	60.00000000,	0.00000000,	'Estándar',	0.00000000,	0.00000000,	0.00000000,	0.00000000,	'',	NULL,	NULL,	'',	NULL,	'',	0,	0.00000000,	2,	0.00000000,	2,	0.00000000,	4,	2,	2,	2,	0.00000000,	0.00000000,	'NING',	NULL,	'S',	'admin',	'2012-07-10 09:48:20',	'admin',	'2012-07-10 09:48:20'),
('R436',	'Trapero 3 cuartos de gancho',	'T',	'',	1,	NULL,	NULL,	20.00000000,	60.00000000,	0.00000000,	'Estándar',	0.00000000,	0.00000000,	0.00000000,	0.00000000,	'',	NULL,	NULL,	'',	NULL,	'',	0,	0.00000000,	2,	0.00000000,	2,	0.00000000,	4,	2,	2,	2,	0.00000000,	0.00000000,	'NING',	NULL,	'S',	'admin',	'2012-07-10 09:48:20',	'admin',	'2012-07-10 09:48:20'),
('R437',	'Panela cuadro ',	'T',	'',	1,	NULL,	NULL,	20.00000000,	100.00000000,	0.00000000,	'Estándar',	0.00000000,	0.00000000,	0.00000000,	0.00000000,	'',	NULL,	NULL,	'',	NULL,	'',	0,	0.00000000,	2,	0.00000000,	2,	0.00000000,	4,	2,	2,	2,	0.00000000,	0.00000000,	'NING',	NULL,	'S',	'admin',	'2012-07-10 09:48:20',	'admin',	'2012-07-10 09:48:20'),
('R438',	'Panela redonda ',	'T',	'',	1,	NULL,	NULL,	20.00000000,	100.00000000,	0.00000000,	'Estándar',	0.00000000,	0.00000000,	0.00000000,	0.00000000,	'',	NULL,	NULL,	'',	NULL,	'',	0,	0.00000000,	2,	0.00000000,	2,	0.00000000,	4,	2,	2,	2,	0.00000000,	0.00000000,	'NING',	NULL,	'S',	'admin',	'2012-07-10 09:48:20',	'admin',	'2012-07-10 09:48:20'),
('R439',	'Azucar riopalma x 5 libras',	'T',	'',	1,	NULL,	NULL,	20.00000000,	30.00000000,	0.00000000,	'Estándar',	0.00000000,	0.00000000,	0.00000000,	0.00000000,	'',	NULL,	NULL,	'',	NULL,	'',	0,	0.00000000,	2,	0.00000000,	2,	0.00000000,	4,	2,	2,	2,	0.00000000,	0.00000000,	'NING',	NULL,	'S',	'admin',	'2012-07-10 09:48:20',	'admin',	'2012-07-10 09:48:20'),
('R44',	'Nescafe x 170g',	'T',	'',	1,	NULL,	NULL,	3.00000000,	6.00000000,	5.00000000,	'Estándar',	0.00000000,	0.00000000,	0.00000000,	0.00000000,	'',	NULL,	NULL,	'',	NULL,	'',	0,	0.00000000,	2,	0.00000000,	2,	0.00000000,	4,	2,	2,	2,	0.00000000,	0.00000000,	'NING',	NULL,	'S',	'admin',	'2012-07-10 09:48:20',	'admin',	'2012-07-10 09:48:20'),
('R440',	'Azucar rio palma x kilo',	'T',	'',	1,	NULL,	NULL,	20.00000000,	60.00000000,	0.00000000,	'Estándar',	0.00000000,	0.00000000,	0.00000000,	0.00000000,	'',	NULL,	NULL,	'',	NULL,	'',	0,	0.00000000,	2,	0.00000000,	2,	0.00000000,	4,	2,	2,	2,	0.00000000,	0.00000000,	'NING',	NULL,	'S',	'admin',	'2012-07-10 09:48:20',	'admin',	'2012-07-10 09:48:20'),
('R441',	'Azucar morena x 5 libras ',	'T',	'',	1,	NULL,	NULL,	15.00000000,	30.00000000,	0.00000000,	'Estándar',	0.00000000,	0.00000000,	0.00000000,	0.00000000,	'',	NULL,	NULL,	'',	NULL,	'',	0,	0.00000000,	2,	0.00000000,	2,	0.00000000,	4,	2,	2,	2,	0.00000000,	0.00000000,	'NING',	NULL,	'S',	'admin',	'2012-07-10 09:48:20',	'admin',	'2012-07-10 09:48:20'),
('R442',	'Azucar morena kilo ',	'T',	'',	1,	NULL,	NULL,	20.00000000,	60.00000000,	0.00000000,	'Estándar',	0.00000000,	0.00000000,	0.00000000,	0.00000000,	'',	NULL,	NULL,	'',	NULL,	'',	0,	0.00000000,	2,	0.00000000,	2,	0.00000000,	4,	2,	2,	2,	0.00000000,	0.00000000,	'NING',	NULL,	'S',	'admin',	'2012-07-10 09:48:20',	'admin',	'2012-07-10 09:48:20'),
('R443',	'Azucar corriente libra',	'T',	'',	1,	NULL,	NULL,	20.00000000,	100.00000000,	0.00000000,	'Estándar',	0.00000000,	0.00000000,	0.00000000,	0.00000000,	'',	NULL,	NULL,	'',	NULL,	'',	0,	0.00000000,	2,	0.00000000,	2,	0.00000000,	4,	2,	2,	2,	0.00000000,	0.00000000,	'NING',	NULL,	'S',	'admin',	'2012-07-10 09:48:20',	'admin',	'2012-07-10 09:48:20'),
('R444',	'Azucar corriente kilo',	'T',	'',	1,	NULL,	NULL,	20.00000000,	60.00000000,	0.00000000,	'Estándar',	0.00000000,	0.00000000,	0.00000000,	0.00000000,	'',	NULL,	NULL,	'',	NULL,	'',	0,	0.00000000,	2,	0.00000000,	2,	0.00000000,	4,	2,	2,	2,	0.00000000,	0.00000000,	'NING',	NULL,	'S',	'admin',	'2012-07-10 09:48:20',	'admin',	'2012-07-10 09:48:20'),
('R445',	'Azucar corriente media ',	'T',	'',	1,	NULL,	NULL,	20.00000000,	60.00000000,	0.00000000,	'Estándar',	0.00000000,	0.00000000,	0.00000000,	0.00000000,	'',	NULL,	NULL,	'',	NULL,	'',	0,	0.00000000,	2,	0.00000000,	2,	0.00000000,	4,	2,	2,	2,	0.00000000,	0.00000000,	'NING',	NULL,	'S',	'admin',	'2012-07-10 09:48:20',	'admin',	'2012-07-10 09:48:20'),
('R446',	'Café bsello rojo x125 g',	'T',	'',	1,	NULL,	NULL,	20.00000000,	80.00000000,	0.00000000,	'Estándar',	0.00000000,	0.00000000,	0.00000000,	0.00000000,	'',	NULL,	NULL,	'',	NULL,	'',	0,	0.00000000,	2,	0.00000000,	2,	0.00000000,	4,	2,	2,	2,	0.00000000,	0.00000000,	'NING',	NULL,	'S',	'admin',	'2012-07-10 09:48:20',	'admin',	'2012-07-10 09:48:20'),
('R447',	'Café sello rojo x 250g',	'T',	'',	1,	NULL,	NULL,	20.00000000,	60.00000000,	0.00000000,	'Estándar',	0.00000000,	0.00000000,	0.00000000,	0.00000000,	'',	NULL,	NULL,	'',	NULL,	'',	0,	0.00000000,	2,	0.00000000,	2,	0.00000000,	4,	2,	2,	2,	0.00000000,	0.00000000,	'NING',	NULL,	'S',	'admin',	'2012-07-10 09:48:20',	'admin',	'2012-07-10 09:48:20'),
('R448',	'Café sello rojo x 500 g',	'T',	'',	1,	NULL,	NULL,	20.00000000,	40.00000000,	0.00000000,	'Estándar',	0.00000000,	0.00000000,	0.00000000,	0.00000000,	'',	NULL,	NULL,	'',	NULL,	'',	0,	0.00000000,	2,	0.00000000,	2,	0.00000000,	4,	2,	2,	2,	0.00000000,	0.00000000,	'NING',	NULL,	'S',	'admin',	'2012-07-10 09:48:20',	'admin',	'2012-07-10 09:48:20'),
('R449',	'Café aguila roja x 125 g',	'T',	'',	1,	NULL,	NULL,	20.00000000,	80.00000000,	0.00000000,	'Estándar',	0.00000000,	0.00000000,	0.00000000,	0.00000000,	'',	NULL,	NULL,	'',	NULL,	'',	0,	0.00000000,	2,	0.00000000,	2,	0.00000000,	4,	2,	2,	2,	0.00000000,	0.00000000,	'NING',	NULL,	'S',	'admin',	'2012-07-10 09:48:20',	'admin',	'2012-07-10 09:48:20'),
('R45',	'Café Dolca x170g  ',	'T',	'',	1,	NULL,	NULL,	3.00000000,	6.00000000,	5.00000000,	'Estándar',	0.00000000,	0.00000000,	0.00000000,	0.00000000,	'',	NULL,	NULL,	'',	NULL,	'',	0,	0.00000000,	2,	0.00000000,	2,	0.00000000,	4,	2,	2,	2,	0.00000000,	0.00000000,	'NING',	NULL,	'S',	'admin',	'2012-07-10 09:48:20',	'admin',	'2012-07-10 09:48:20'),
('R450',	'Café aguila roja x 250 g',	'T',	'',	1,	NULL,	NULL,	20.00000000,	60.00000000,	0.00000000,	'Estándar',	0.00000000,	0.00000000,	0.00000000,	0.00000000,	'',	NULL,	NULL,	'',	NULL,	'',	0,	0.00000000,	2,	0.00000000,	2,	0.00000000,	4,	2,	2,	2,	0.00000000,	0.00000000,	'NING',	NULL,	'S',	'admin',	'2012-07-10 09:48:20',	'admin',	'2012-07-10 09:48:20'),
('R451',	'Café lukafe x 125g',	'T',	'',	1,	NULL,	NULL,	20.00000000,	80.00000000,	0.00000000,	'Estándar',	0.00000000,	0.00000000,	0.00000000,	0.00000000,	'',	NULL,	NULL,	'',	NULL,	'',	0,	0.00000000,	2,	0.00000000,	2,	0.00000000,	4,	2,	2,	2,	0.00000000,	0.00000000,	'NING',	NULL,	'S',	'admin',	'2012-07-10 09:48:20',	'admin',	'2012-07-10 09:48:20'),
('R452',	'Café lukafe x 250 g',	'T',	'',	1,	NULL,	NULL,	20.00000000,	60.00000000,	0.00000000,	'Estándar',	0.00000000,	0.00000000,	0.00000000,	0.00000000,	'',	NULL,	NULL,	'',	NULL,	'',	0,	0.00000000,	2,	0.00000000,	2,	0.00000000,	4,	2,	2,	2,	0.00000000,	0.00000000,	'NING',	NULL,	'S',	'admin',	'2012-07-10 09:48:20',	'admin',	'2012-07-10 09:48:20'),
('R453',	'SAL LIBRA',	'T',	'',	1,	NULL,	NULL,	20.00000000,	100.00000000,	0.00000000,	'Estándar',	0.00000000,	0.00000000,	0.00000000,	0.00000000,	'',	NULL,	NULL,	'',	NULL,	'',	0,	0.00000000,	2,	0.00000000,	2,	0.00000000,	4,	2,	2,	2,	0.00000000,	0.00000000,	'NING',	NULL,	'S',	'admin',	'2012-07-10 09:48:20',	'admin',	'2012-07-10 09:48:20'),
('R454',	'SAL KILO',	'T',	'',	1,	NULL,	NULL,	20.00000000,	80.00000000,	0.00000000,	'Estándar',	0.00000000,	0.00000000,	0.00000000,	0.00000000,	'',	NULL,	NULL,	'',	NULL,	'',	0,	0.00000000,	2,	0.00000000,	2,	0.00000000,	4,	2,	2,	2,	0.00000000,	0.00000000,	'NING',	NULL,	'S',	'admin',	'2012-07-10 09:48:20',	'admin',	'2012-07-10 09:48:20'),
('R455',	'Maizena sabores x 30g',	'T',	'',	1,	NULL,	NULL,	20.00000000,	60.00000000,	0.00000000,	'Estándar',	0.00000000,	0.00000000,	0.00000000,	0.00000000,	'',	NULL,	NULL,	'',	NULL,	'',	0,	0.00000000,	2,	0.00000000,	2,	0.00000000,	4,	2,	2,	2,	0.00000000,	0.00000000,	'NING',	NULL,	'S',	'admin',	'2012-07-10 09:48:20',	'admin',	'2012-07-10 09:48:20'),
('R456',	'Milo papeleta x 25 g',	'T',	'',	1,	NULL,	NULL,	20.00000000,	60.00000000,	0.00000000,	'Estándar',	0.00000000,	0.00000000,	0.00000000,	0.00000000,	'',	NULL,	NULL,	'',	NULL,	'',	0,	0.00000000,	2,	0.00000000,	2,	0.00000000,	4,	2,	2,	2,	0.00000000,	0.00000000,	'NING',	NULL,	'S',	'admin',	'2012-07-10 09:48:20',	'admin',	'2012-07-10 09:48:20'),
('R457',	'Choco listo papeleta  x20g',	'T',	'',	1,	NULL,	NULL,	20.00000000,	60.00000000,	0.00000000,	'Estándar',	0.00000000,	0.00000000,	0.00000000,	0.00000000,	'',	NULL,	NULL,	'',	NULL,	'',	0,	0.00000000,	2,	0.00000000,	2,	0.00000000,	4,	2,	2,	2,	0.00000000,	0.00000000,	'NING',	NULL,	'S',	'admin',	'2012-07-10 09:48:20',	'admin',	'2012-07-10 09:48:20'),
('R458',	'Nestum papeleta x 30g',	'T',	'',	1,	NULL,	NULL,	20.00000000,	60.00000000,	0.00000000,	'Estándar',	0.00000000,	0.00000000,	0.00000000,	0.00000000,	'',	NULL,	NULL,	'',	NULL,	'',	0,	0.00000000,	2,	0.00000000,	2,	0.00000000,	4,	2,	2,	2,	0.00000000,	0.00000000,	'NING',	NULL,	'S',	'admin',	'2012-07-10 09:48:20',	'admin',	'2012-07-10 09:48:20'),
('R459',	'Leche klim papeleta x 26 g',	'T',	'',	1,	NULL,	NULL,	20.00000000,	60.00000000,	0.00000000,	'Estándar',	0.00000000,	0.00000000,	0.00000000,	0.00000000,	'',	NULL,	NULL,	'',	NULL,	'',	0,	0.00000000,	2,	0.00000000,	2,	0.00000000,	4,	2,	2,	2,	0.00000000,	0.00000000,	'NING',	NULL,	'S',	'admin',	'2012-07-10 09:48:20',	'admin',	'2012-07-10 09:48:20'),
('R46',	'Café Dolca x 85g',	'T',	'',	1,	NULL,	NULL,	3.00000000,	6.00000000,	5.00000000,	'Estándar',	0.00000000,	0.00000000,	0.00000000,	0.00000000,	'',	NULL,	NULL,	'',	NULL,	'',	0,	0.00000000,	2,	0.00000000,	2,	0.00000000,	4,	2,	2,	2,	0.00000000,	0.00000000,	'NING',	NULL,	'S',	'admin',	'2012-07-10 09:48:20',	'admin',	'2012-07-10 09:48:20'),
('R460',	'Uvas pasas ',	'T',	'',	1,	NULL,	NULL,	20.00000000,	60.00000000,	0.00000000,	'Estándar',	0.00000000,	0.00000000,	0.00000000,	0.00000000,	'',	NULL,	NULL,	'',	NULL,	'',	0,	0.00000000,	2,	0.00000000,	2,	0.00000000,	4,	2,	2,	2,	0.00000000,	0.00000000,	'NING',	NULL,	'S',	'admin',	'2012-07-10 09:48:20',	'admin',	'2012-07-10 09:48:20'),
('R461',	'Coco rayado',	'T',	'',	1,	NULL,	NULL,	20.00000000,	60.00000000,	0.00000000,	'Estándar',	0.00000000,	0.00000000,	0.00000000,	0.00000000,	'',	NULL,	NULL,	'',	NULL,	'',	0,	0.00000000,	2,	0.00000000,	2,	0.00000000,	4,	2,	2,	2,	0.00000000,	0.00000000,	'NING',	NULL,	'S',	'admin',	'2012-07-10 09:48:20',	'admin',	'2012-07-10 09:48:20'),
('R462',	'Ponque tradicional ',	'T',	'',	1,	NULL,	NULL,	15.00000000,	30.00000000,	0.00000000,	'Estándar',	0.00000000,	0.00000000,	0.00000000,	0.00000000,	'',	NULL,	NULL,	'',	NULL,	'',	0,	0.00000000,	2,	0.00000000,	2,	0.00000000,	4,	2,	2,	2,	0.00000000,	0.00000000,	'NING',	NULL,	'S',	'admin',	'2012-07-10 09:48:20',	'admin',	'2012-07-10 09:48:20'),
('R463',	'Mini chocolitas x 12',	'T',	'',	1,	NULL,	NULL,	6.00000000,	12.00000000,	0.00000000,	'Estándar',	0.00000000,	0.00000000,	0.00000000,	0.00000000,	'',	NULL,	NULL,	'',	NULL,	'',	0,	0.00000000,	2,	0.00000000,	2,	0.00000000,	4,	2,	2,	2,	0.00000000,	0.00000000,	'NING',	NULL,	'S',	'admin',	'2012-07-10 09:48:20',	'admin',	'2012-07-10 09:48:20'),
('R464',	'Ponquesitos x 8',	'T',	'',	1,	NULL,	NULL,	6.00000000,	12.00000000,	0.00000000,	'Estándar',	0.00000000,	0.00000000,	0.00000000,	0.00000000,	'',	NULL,	NULL,	'',	NULL,	'',	0,	0.00000000,	2,	0.00000000,	2,	0.00000000,	4,	2,	2,	2,	0.00000000,	0.00000000,	'NING',	NULL,	'S',	'admin',	'2012-07-10 09:48:20',	'admin',	'2012-07-10 09:48:20'),
('R465',	'Ponquesitos x6',	'T',	'',	1,	NULL,	NULL,	6.00000000,	12.00000000,	0.00000000,	'Estándar',	0.00000000,	0.00000000,	0.00000000,	0.00000000,	'',	NULL,	NULL,	'',	NULL,	'',	0,	0.00000000,	2,	0.00000000,	2,	0.00000000,	4,	2,	2,	2,	0.00000000,	0.00000000,	'NING',	NULL,	'S',	'admin',	'2012-07-10 09:48:20',	'admin',	'2012-07-10 09:48:20'),
('R466',	'Ponque lolita x10',	'T',	'',	1,	NULL,	NULL,	6.00000000,	15.00000000,	0.00000000,	'Estándar',	0.00000000,	0.00000000,	0.00000000,	0.00000000,	'',	NULL,	NULL,	'',	NULL,	'',	0,	0.00000000,	2,	0.00000000,	2,	0.00000000,	4,	2,	2,	2,	0.00000000,	0.00000000,	'NING',	NULL,	'S',	'admin',	'2012-07-10 09:48:20',	'admin',	'2012-07-10 09:48:20'),
('R467',	'Ponque lolita x unidad',	'T',	'',	1,	NULL,	NULL,	20.00000000,	60.00000000,	0.00000000,	'Estándar',	0.00000000,	0.00000000,	0.00000000,	0.00000000,	'',	NULL,	NULL,	'',	NULL,	'',	0,	0.00000000,	2,	0.00000000,	2,	0.00000000,	4,	2,	2,	2,	0.00000000,	0.00000000,	'NING',	NULL,	'S',	'admin',	'2012-07-10 09:48:20',	'admin',	'2012-07-10 09:48:20'),
('R468',	'Chocorramo ',	'T',	'',	1,	NULL,	NULL,	20.00000000,	60.00000000,	0.00000000,	'Estándar',	0.00000000,	0.00000000,	0.00000000,	0.00000000,	'',	NULL,	NULL,	'',	NULL,	'',	0,	0.00000000,	2,	0.00000000,	2,	0.00000000,	4,	2,	2,	2,	0.00000000,	0.00000000,	'NING',	NULL,	'S',	'admin',	'2012-07-10 09:48:20',	'admin',	'2012-07-10 09:48:20'),
('R469',	'Browny chocolate ',	'T',	'',	1,	NULL,	NULL,	8.00000000,	15.00000000,	0.00000000,	'Estándar',	0.00000000,	0.00000000,	0.00000000,	0.00000000,	'',	NULL,	NULL,	'',	NULL,	'',	0,	0.00000000,	2,	0.00000000,	2,	0.00000000,	4,	2,	2,	2,	0.00000000,	0.00000000,	'NING',	NULL,	'S',	'admin',	'2012-07-10 09:48:20',	'admin',	'2012-07-10 09:48:20'),
('R47',	'Choco Listo tarro x300g',	'T',	'',	1,	NULL,	NULL,	6.00000000,	20.00000000,	10.00000000,	'Estándar',	0.00000000,	0.00000000,	0.00000000,	0.00000000,	'',	NULL,	NULL,	'',	NULL,	'',	0,	0.00000000,	2,	0.00000000,	2,	0.00000000,	4,	2,	2,	2,	0.00000000,	0.00000000,	'NING',	NULL,	'S',	'admin',	'2012-07-10 09:48:20',	'admin',	'2012-07-10 09:48:20'),
('R470',	'Brawny con batido',	'T',	'',	1,	NULL,	NULL,	8.00000000,	15.00000000,	0.00000000,	'Estándar',	0.00000000,	0.00000000,	0.00000000,	0.00000000,	'',	NULL,	NULL,	'',	NULL,	'',	0,	0.00000000,	2,	0.00000000,	2,	0.00000000,	4,	2,	2,	2,	0.00000000,	0.00000000,	'NING',	NULL,	'S',	'admin',	'2012-07-10 09:48:20',	'admin',	'2012-07-10 09:48:20'),
('R471',	'Mini calados comapan ',	'T',	'',	1,	NULL,	NULL,	5.00000000,	12.00000000,	0.00000000,	'Estándar',	0.00000000,	0.00000000,	0.00000000,	0.00000000,	'',	NULL,	NULL,	'',	NULL,	'',	0,	0.00000000,	2,	0.00000000,	2,	0.00000000,	4,	2,	2,	2,	0.00000000,	0.00000000,	'NING',	NULL,	'S',	'admin',	'2012-07-10 09:48:20',	'admin',	'2012-07-10 09:48:20'),
('R472',	'Tostadas guadalupe x10',	'T',	'',	1,	NULL,	NULL,	10.00000000,	30.00000000,	0.00000000,	'Estándar',	0.00000000,	0.00000000,	0.00000000,	0.00000000,	'',	NULL,	NULL,	'',	NULL,	'',	0,	0.00000000,	2,	0.00000000,	2,	0.00000000,	4,	2,	2,	2,	0.00000000,	0.00000000,	'NING',	NULL,	'S',	'admin',	'2012-07-10 09:48:20',	'admin',	'2012-07-10 09:48:20'),
('R473',	'Calados integrales x 24',	'T',	'',	1,	NULL,	NULL,	8.00000000,	15.00000000,	0.00000000,	'Estándar',	0.00000000,	0.00000000,	0.00000000,	0.00000000,	'',	NULL,	NULL,	'',	NULL,	'',	0,	0.00000000,	2,	0.00000000,	2,	0.00000000,	4,	2,	2,	2,	0.00000000,	0.00000000,	'NING',	NULL,	'S',	'admin',	'2012-07-10 09:48:20',	'admin',	'2012-07-10 09:48:20'),
('R474',	'Calados comapan x 24',	'T',	'',	1,	NULL,	NULL,	8.00000000,	15.00000000,	0.00000000,	'Estándar',	0.00000000,	0.00000000,	0.00000000,	0.00000000,	'',	NULL,	NULL,	'',	NULL,	'',	0,	0.00000000,	2,	0.00000000,	2,	0.00000000,	4,	2,	2,	2,	0.00000000,	0.00000000,	'NING',	NULL,	'S',	'admin',	'2012-07-10 09:48:20',	'admin',	'2012-07-10 09:48:20'),
('R475',	'Pan perro x 12',	'T',	'',	1,	NULL,	NULL,	5.00000000,	15.00000000,	0.00000000,	'Estándar',	0.00000000,	0.00000000,	0.00000000,	0.00000000,	'',	NULL,	NULL,	'',	NULL,	'',	0,	0.00000000,	2,	0.00000000,	2,	0.00000000,	4,	2,	2,	2,	0.00000000,	0.00000000,	'NING',	NULL,	'S',	'admin',	'2012-07-10 09:48:20',	'admin',	'2012-07-10 09:48:20'),
('R476',	'Pan hamburgesa x 6',	'T',	'',	1,	NULL,	NULL,	5.00000000,	15.00000000,	0.00000000,	'Estándar',	0.00000000,	0.00000000,	0.00000000,	0.00000000,	'',	NULL,	NULL,	'',	NULL,	'',	0,	0.00000000,	2,	0.00000000,	2,	0.00000000,	4,	2,	2,	2,	0.00000000,	0.00000000,	'NING',	NULL,	'S',	'admin',	'2012-07-10 09:48:20',	'admin',	'2012-07-10 09:48:20'),
('R477',	'Mogolla integrales ',	'T',	'',	1,	NULL,	NULL,	5.00000000,	15.00000000,	0.00000000,	'Estándar',	0.00000000,	0.00000000,	0.00000000,	0.00000000,	'',	NULL,	NULL,	'',	NULL,	'',	0,	0.00000000,	2,	0.00000000,	2,	0.00000000,	4,	2,	2,	2,	0.00000000,	0.00000000,	'NING',	NULL,	'S',	'admin',	'2012-07-10 09:48:20',	'admin',	'2012-07-10 09:48:20'),
('R478',	'Pan tajado mini pullma ',	'T',	'',	1,	NULL,	NULL,	5.00000000,	15.00000000,	0.00000000,	'Estándar',	0.00000000,	0.00000000,	0.00000000,	0.00000000,	'',	NULL,	NULL,	'',	NULL,	'',	0,	0.00000000,	2,	0.00000000,	2,	0.00000000,	4,	2,	2,	2,	0.00000000,	0.00000000,	'NING',	NULL,	'S',	'admin',	'2012-07-10 09:48:20',	'admin',	'2012-07-10 09:48:20'),
('R479',	'Pan tajado integral extra largo',	'T',	'',	1,	NULL,	NULL,	4.00000000,	8.00000000,	0.00000000,	'Estándar',	0.00000000,	0.00000000,	0.00000000,	0.00000000,	'',	NULL,	NULL,	'',	NULL,	'',	0,	0.00000000,	2,	0.00000000,	2,	0.00000000,	4,	2,	2,	2,	0.00000000,	0.00000000,	'NING',	NULL,	'S',	'admin',	'2012-07-10 09:48:20',	'admin',	'2012-07-10 09:48:20'),
('R48',	'Chocolisto doipa x180g',	'T',	'',	1,	NULL,	NULL,	10.00000000,	30.00000000,	15.00000000,	'Estándar',	0.00000000,	0.00000000,	0.00000000,	0.00000000,	'',	NULL,	NULL,	'',	NULL,	'',	0,	0.00000000,	2,	0.00000000,	2,	0.00000000,	4,	2,	2,	2,	0.00000000,	0.00000000,	'NING',	NULL,	'S',	'admin',	'2012-07-10 09:48:20',	'admin',	'2012-07-10 09:48:20'),
('R480',	'Pan tajado milenio',	'T',	'',	1,	NULL,	NULL,	8.00000000,	15.00000000,	0.00000000,	'Estándar',	0.00000000,	0.00000000,	0.00000000,	0.00000000,	'',	NULL,	NULL,	'',	NULL,	'',	0,	0.00000000,	2,	0.00000000,	2,	0.00000000,	4,	2,	2,	2,	0.00000000,	0.00000000,	'NING',	NULL,	'S',	'admin',	'2012-07-10 09:48:20',	'admin',	'2012-07-10 09:48:20'),
('R481',	'Pan tajado comapan pan extra largo',	'T',	'',	1,	NULL,	NULL,	8.00000000,	15.00000000,	0.00000000,	'Estándar',	0.00000000,	0.00000000,	0.00000000,	0.00000000,	'',	NULL,	NULL,	'',	NULL,	'',	0,	0.00000000,	2,	0.00000000,	2,	0.00000000,	4,	2,	2,	2,	0.00000000,	0.00000000,	'NING',	NULL,	'S',	'admin',	'2012-07-10 09:48:20',	'admin',	'2012-07-10 09:48:20'),
('R481-B',	'Pan tajado pullman ',	'T',	'',	1,	NULL,	NULL,	8.00000000,	15.00000000,	0.00000000,	'Estándar',	0.00000000,	0.00000000,	0.00000000,	0.00000000,	'',	NULL,	NULL,	'',	NULL,	'',	0,	0.00000000,	2,	0.00000000,	2,	0.00000000,	4,	2,	2,	2,	0.00000000,	0.00000000,	'NING',	NULL,	'S',	'admin',	'2012-07-10 09:48:20',	'admin',	'2012-07-10 09:48:20'),
('R482',	'Pan hamburgesa x12',	'T',	'',	1,	NULL,	NULL,	8.00000000,	15.00000000,	0.00000000,	'Estándar',	0.00000000,	0.00000000,	0.00000000,	0.00000000,	'',	NULL,	NULL,	'',	NULL,	'',	0,	0.00000000,	2,	0.00000000,	2,	0.00000000,	4,	2,	2,	2,	0.00000000,	0.00000000,	'NING',	NULL,	'S',	'admin',	'2012-07-10 09:48:20',	'admin',	'2012-07-10 09:48:20'),
('R483',	'Batilado x 82 g',	'T',	'',	1,	NULL,	NULL,	8.00000000,	40.00000000,	0.00000000,	'Estándar',	0.00000000,	0.00000000,	0.00000000,	0.00000000,	'',	NULL,	NULL,	'',	NULL,	'',	0,	0.00000000,	2,	0.00000000,	2,	0.00000000,	4,	2,	2,	2,	0.00000000,	0.00000000,	'NING',	NULL,	'S',	'admin',	'2012-07-10 09:48:20',	'admin',	'2012-07-10 09:48:20'),
('R484',	'Bati crema x 50 g',	'T',	'',	1,	NULL,	NULL,	8.00000000,	40.00000000,	0.00000000,	'Estándar',	0.00000000,	0.00000000,	0.00000000,	0.00000000,	'',	NULL,	NULL,	'',	NULL,	'',	0,	0.00000000,	2,	0.00000000,	2,	0.00000000,	4,	2,	2,	2,	0.00000000,	0.00000000,	'NING',	NULL,	'S',	'admin',	'2012-07-10 09:48:20',	'admin',	'2012-07-10 09:48:20'),
('R485',	'Frutiño x 6 litros ',	'T',	'',	1,	NULL,	NULL,	8.00000000,	30.00000000,	0.00000000,	'Estándar',	0.00000000,	0.00000000,	0.00000000,	0.00000000,	'',	NULL,	NULL,	'',	NULL,	'',	0,	0.00000000,	2,	0.00000000,	2,	0.00000000,	4,	2,	2,	2,	0.00000000,	0.00000000,	'NING',	NULL,	'S',	'admin',	'2012-07-10 09:48:20',	'admin',	'2012-07-10 09:48:20'),
('R486',	'Frutiño ',	'T',	'',	1,	NULL,	NULL,	20.00000000,	250.00000000,	0.00000000,	'Estándar',	0.00000000,	0.00000000,	0.00000000,	0.00000000,	'',	NULL,	NULL,	'',	NULL,	'',	0,	0.00000000,	2,	0.00000000,	2,	0.00000000,	4,	2,	2,	2,	0.00000000,	0.00000000,	'NING',	NULL,	'S',	'admin',	'2012-07-10 09:48:20',	'admin',	'2012-07-10 09:48:20'),
('R487',	'Suntea x 40 g',	'T',	'',	1,	NULL,	NULL,	20.00000000,	60.00000000,	0.00000000,	'Estándar',	0.00000000,	0.00000000,	0.00000000,	0.00000000,	'',	NULL,	NULL,	'',	NULL,	'',	0,	0.00000000,	2,	0.00000000,	2,	0.00000000,	4,	2,	2,	2,	0.00000000,	0.00000000,	'NING',	NULL,	'S',	'admin',	'2012-07-10 09:48:20',	'admin',	'2012-07-10 09:48:20'),
('R488',	'Esencias x 60cc',	'T',	'',	1,	NULL,	NULL,	20.00000000,	60.00000000,	0.00000000,	'Estándar',	0.00000000,	0.00000000,	0.00000000,	0.00000000,	'',	NULL,	NULL,	'',	NULL,	'',	0,	0.00000000,	2,	0.00000000,	2,	0.00000000,	4,	2,	2,	2,	0.00000000,	0.00000000,	'NING',	NULL,	'S',	'admin',	'2012-07-10 09:48:20',	'admin',	'2012-07-10 09:48:20'),
('R489',	'Vasos 3.3 onsas',	'T',	'',	1,	NULL,	NULL,	20.00000000,	80.00000000,	0.00000000,	'Estándar',	0.00000000,	0.00000000,	0.00000000,	0.00000000,	'',	NULL,	NULL,	'',	NULL,	'',	0,	0.00000000,	2,	0.00000000,	2,	0.00000000,	4,	2,	2,	2,	0.00000000,	0.00000000,	'NING',	NULL,	'S',	'admin',	'2012-07-10 09:48:20',	'admin',	'2012-07-10 09:48:20'),
('R49',	'Chocolate Doipat LAY x 125g',	'T',	'',	1,	NULL,	NULL,	10.00000000,	20.00000000,	15.00000000,	'Estándar',	0.00000000,	0.00000000,	0.00000000,	0.00000000,	'',	NULL,	NULL,	'',	NULL,	'',	0,	0.00000000,	2,	0.00000000,	2,	0.00000000,	4,	2,	2,	2,	0.00000000,	0.00000000,	'NING',	NULL,	'S',	'admin',	'2012-07-10 09:48:20',	'admin',	'2012-07-10 09:48:20'),
('R490',	'vasos 7 onsas negro',	'T',	'',	1,	NULL,	NULL,	20.00000000,	60.00000000,	0.00000000,	'Estándar',	0.00000000,	0.00000000,	0.00000000,	0.00000000,	'',	NULL,	NULL,	'',	NULL,	'',	0,	0.00000000,	2,	0.00000000,	2,	0.00000000,	4,	2,	2,	2,	0.00000000,	0.00000000,	'NING',	NULL,	'S',	'admin',	'2012-07-10 09:48:20',	'admin',	'2012-07-10 09:48:20'),
('R491',	'Vasos 7 onsas blanco ',	'T',	'',	1,	NULL,	NULL,	20.00000000,	60.00000000,	0.00000000,	'Estándar',	0.00000000,	0.00000000,	0.00000000,	0.00000000,	'',	NULL,	NULL,	'',	NULL,	'',	0,	0.00000000,	2,	0.00000000,	2,	0.00000000,	4,	2,	2,	2,	0.00000000,	0.00000000,	'NING',	NULL,	'S',	'admin',	'2012-07-10 09:48:20',	'admin',	'2012-07-10 09:48:20'),
('R492',	'Vasos 7 onsas transparentes',	'T',	'',	1,	NULL,	NULL,	20.00000000,	60.00000000,	0.00000000,	'Estándar',	0.00000000,	0.00000000,	0.00000000,	0.00000000,	'',	NULL,	NULL,	'',	NULL,	'',	0,	0.00000000,	2,	0.00000000,	2,	0.00000000,	4,	2,	2,	2,	0.00000000,	0.00000000,	'NING',	NULL,	'S',	'admin',	'2012-07-10 09:48:20',	'admin',	'2012-07-10 09:48:20'),
('R493',	'Vasos 10 onsas ',	'T',	'',	1,	NULL,	NULL,	20.00000000,	80.00000000,	0.00000000,	'Estándar',	0.00000000,	0.00000000,	0.00000000,	0.00000000,	'',	NULL,	NULL,	'',	NULL,	'',	0,	0.00000000,	2,	0.00000000,	2,	0.00000000,	4,	2,	2,	2,	0.00000000,	0.00000000,	'NING',	NULL,	'S',	'admin',	'2012-07-10 09:48:20',	'admin',	'2012-07-10 09:48:20'),
('R494',	'cucharas desechables pequeñas x 20',	'T',	'',	1,	NULL,	NULL,	20.00000000,	80.00000000,	0.00000000,	'Estándar',	0.00000000,	0.00000000,	0.00000000,	0.00000000,	'',	NULL,	NULL,	'',	NULL,	'',	0,	0.00000000,	2,	0.00000000,	2,	0.00000000,	4,	2,	2,	2,	0.00000000,	0.00000000,	'NING',	NULL,	'S',	'admin',	'2012-07-10 09:48:20',	'admin',	'2012-07-10 09:48:20'),
('R495',	'Cucharas desechables grandes x20',	'T',	'',	1,	NULL,	NULL,	20.00000000,	80.00000000,	0.00000000,	'Estándar',	0.00000000,	0.00000000,	0.00000000,	0.00000000,	'',	NULL,	NULL,	'',	NULL,	'',	0,	0.00000000,	2,	0.00000000,	2,	0.00000000,	4,	2,	2,	2,	0.00000000,	0.00000000,	'NING',	NULL,	'S',	'admin',	'2012-07-10 09:48:20',	'admin',	'2012-07-10 09:48:20'),
('R496',	'Teenedores desechables x 20 grandes ',	'T',	'',	1,	NULL,	NULL,	20.00000000,	80.00000000,	0.00000000,	'Estándar',	0.00000000,	0.00000000,	0.00000000,	0.00000000,	'',	NULL,	NULL,	'',	NULL,	'',	0,	0.00000000,	2,	0.00000000,	2,	0.00000000,	4,	2,	2,	2,	0.00000000,	0.00000000,	'NING',	NULL,	'S',	'admin',	'2012-07-10 09:48:20',	'admin',	'2012-07-10 09:48:20'),
('R497',	'Tenedores pequeños x 25',	'T',	'',	1,	NULL,	NULL,	20.00000000,	80.00000000,	0.00000000,	'Estándar',	0.00000000,	0.00000000,	0.00000000,	0.00000000,	'',	NULL,	NULL,	'',	NULL,	'',	0,	0.00000000,	2,	0.00000000,	2,	0.00000000,	4,	2,	2,	2,	0.00000000,	0.00000000,	'NING',	NULL,	'S',	'admin',	'2012-07-10 09:48:20',	'admin',	'2012-07-10 09:48:20'),
('R498',	'Plato desechable domingo No 15.5',	'T',	'',	1,	NULL,	NULL,	20.00000000,	80.00000000,	0.00000000,	'Estándar',	0.00000000,	0.00000000,	0.00000000,	0.00000000,	'',	NULL,	NULL,	'',	NULL,	'',	0,	0.00000000,	2,	0.00000000,	2,	0.00000000,	4,	2,	2,	2,	0.00000000,	0.00000000,	'NING',	NULL,	'S',	'admin',	'2012-07-10 09:48:20',	'admin',	'2012-07-10 09:48:20'),
('R499',	'Plato darnel No 18',	'T',	'',	1,	NULL,	NULL,	20.00000000,	80.00000000,	0.00000000,	'Estándar',	0.00000000,	0.00000000,	0.00000000,	0.00000000,	'',	NULL,	NULL,	'',	NULL,	'',	0,	0.00000000,	2,	0.00000000,	2,	0.00000000,	4,	2,	2,	2,	0.00000000,	0.00000000,	'NING',	NULL,	'S',	'admin',	'2012-07-10 09:48:20',	'admin',	'2012-07-10 09:48:20'),
('R50',	'Chocolate Cocoa x100g',	'T',	'',	1,	NULL,	NULL,	10.00000000,	40.00000000,	20.00000000,	'Estándar',	0.00000000,	0.00000000,	0.00000000,	0.00000000,	'',	NULL,	NULL,	'',	NULL,	'',	0,	0.00000000,	2,	0.00000000,	2,	0.00000000,	4,	2,	2,	2,	0.00000000,	0.00000000,	'NING',	NULL,	'S',	'admin',	'2012-07-10 09:48:20',	'admin',	'2012-07-10 09:48:20'),
('R500',	'Plato desechable ondo No 20',	'T',	'',	1,	NULL,	NULL,	20.00000000,	80.00000000,	0.00000000,	'Estándar',	0.00000000,	0.00000000,	0.00000000,	0.00000000,	'',	NULL,	NULL,	'',	NULL,	'',	0,	0.00000000,	2,	0.00000000,	2,	0.00000000,	4,	2,	2,	2,	0.00000000,	0.00000000,	'NING',	NULL,	'S',	'admin',	'2012-07-10 09:48:20',	'admin',	'2012-07-10 09:48:20'),
('R501',	'Plato desechable ondo No30',	'T',	'',	1,	NULL,	NULL,	20.00000000,	60.00000000,	0.00000000,	'Estándar',	0.00000000,	0.00000000,	0.00000000,	0.00000000,	'',	NULL,	NULL,	'',	NULL,	'',	0,	0.00000000,	2,	0.00000000,	2,	0.00000000,	4,	2,	2,	2,	0.00000000,	0.00000000,	'NING',	NULL,	'S',	'admin',	'2012-07-10 09:48:20',	'admin',	'2012-07-10 09:48:20'),
('R502',	'Plato desechable No 26',	'T',	'',	1,	NULL,	NULL,	20.00000000,	60.00000000,	0.00000000,	'Estándar',	0.00000000,	0.00000000,	0.00000000,	0.00000000,	'',	NULL,	NULL,	'',	NULL,	'',	0,	0.00000000,	2,	0.00000000,	2,	0.00000000,	4,	2,	2,	2,	0.00000000,	0.00000000,	'NING',	NULL,	'S',	'admin',	'2012-07-10 09:48:20',	'admin',	'2012-07-10 09:48:20'),
('R503',	'Vinagre x 500cc',	'T',	'',	1,	NULL,	NULL,	20.00000000,	80.00000000,	0.00000000,	'Estándar',	0.00000000,	0.00000000,	0.00000000,	0.00000000,	'',	NULL,	NULL,	'',	NULL,	'',	0,	0.00000000,	2,	0.00000000,	2,	0.00000000,	4,	2,	2,	2,	0.00000000,	0.00000000,	'NING',	NULL,	'S',	'admin',	'2012-07-10 09:48:20',	'admin',	'2012-07-10 09:48:20'),
('R504',	'Moldes en aluminio para lasaña',	'T',	'',	1,	NULL,	NULL,	15.00000000,	40.00000000,	0.00000000,	'Estándar',	0.00000000,	0.00000000,	0.00000000,	0.00000000,	'',	NULL,	NULL,	'',	NULL,	'',	0,	0.00000000,	2,	0.00000000,	2,	0.00000000,	4,	2,	2,	2,	0.00000000,	0.00000000,	'NING',	NULL,	'S',	'admin',	'2012-07-10 09:48:20',	'admin',	'2012-07-10 09:48:20'),
('R505',	'Natilla doña chepita x 350 g',	'T',	'',	1,	NULL,	NULL,	20.00000000,	80.00000000,	0.00000000,	'Estándar',	0.00000000,	0.00000000,	0.00000000,	0.00000000,	'',	NULL,	NULL,	'',	NULL,	'',	0,	0.00000000,	2,	0.00000000,	2,	0.00000000,	4,	2,	2,	2,	0.00000000,	0.00000000,	'NING',	NULL,	'S',	'admin',	'2012-07-10 09:48:20',	'admin',	'2012-07-10 09:48:20'),
('R506',	'Buñuelos doña chepita x 350g',	'T',	'',	1,	NULL,	NULL,	20.00000000,	80.00000000,	0.00000000,	'Estándar',	0.00000000,	0.00000000,	0.00000000,	0.00000000,	'',	NULL,	NULL,	'',	NULL,	'',	0,	0.00000000,	2,	0.00000000,	2,	0.00000000,	4,	2,	2,	2,	0.00000000,	0.00000000,	'NING',	NULL,	'S',	'admin',	'2012-07-10 09:48:20',	'admin',	'2012-07-10 09:48:20'),
('R507',	'Buñuelos de la abuela x 350g',	'T',	'',	1,	NULL,	NULL,	20.00000000,	80.00000000,	0.00000000,	'Estándar',	0.00000000,	0.00000000,	0.00000000,	0.00000000,	'',	NULL,	NULL,	'',	NULL,	'',	0,	0.00000000,	2,	0.00000000,	2,	0.00000000,	4,	2,	2,	2,	0.00000000,	0.00000000,	'NING',	NULL,	'S',	'admin',	'2012-07-10 09:48:20',	'admin',	'2012-07-10 09:48:20'),
('R508',	'Natilla de la abuela x 600g',	'T',	'',	1,	NULL,	NULL,	20.00000000,	90.00000000,	0.00000000,	'Estándar',	0.00000000,	0.00000000,	0.00000000,	0.00000000,	'',	NULL,	NULL,	'',	NULL,	'',	0,	0.00000000,	2,	0.00000000,	2,	0.00000000,	4,	2,	2,	2,	0.00000000,	0.00000000,	'NING',	NULL,	'S',	'admin',	'2012-07-10 09:48:20',	'admin',	'2012-07-10 09:48:20'),
('R509',	'Natilla doña chepita x 700g',	'T',	'',	1,	NULL,	NULL,	20.00000000,	90.00000000,	0.00000000,	'Estándar',	0.00000000,	0.00000000,	0.00000000,	0.00000000,	'',	NULL,	NULL,	'',	NULL,	'',	0,	0.00000000,	2,	0.00000000,	2,	0.00000000,	4,	2,	2,	2,	0.00000000,	0.00000000,	'NING',	NULL,	'S',	'admin',	'2012-07-10 09:48:20',	'admin',	'2012-07-10 09:48:20'),
('R51',	'Chocolate CHOCO EXPRESS x 125g ',	'T',	'',	1,	NULL,	NULL,	10.00000000,	25.00000000,	15.00000000,	'Estándar',	0.00000000,	0.00000000,	0.00000000,	0.00000000,	'',	NULL,	NULL,	'',	NULL,	'',	0,	0.00000000,	2,	0.00000000,	2,	0.00000000,	4,	2,	2,	2,	0.00000000,	0.00000000,	'NING',	NULL,	'S',	'admin',	'2012-07-10 09:48:20',	'admin',	'2012-07-10 09:48:20'),
('R510',	'Desechable de sopa pequeño',	'T',	'',	1,	NULL,	NULL,	20.00000000,	80.00000000,	0.00000000,	'Estándar',	0.00000000,	0.00000000,	0.00000000,	0.00000000,	'',	NULL,	NULL,	'',	NULL,	'',	0,	0.00000000,	2,	0.00000000,	2,	0.00000000,	4,	2,	2,	2,	0.00000000,	0.00000000,	'NING',	NULL,	'S',	'admin',	'2012-07-10 09:48:20',	'admin',	'2012-07-10 09:48:20'),
('R511',	'Desechable de seco',	'T',	'',	1,	NULL,	NULL,	20.00000000,	80.00000000,	0.00000000,	'Estándar',	0.00000000,	0.00000000,	0.00000000,	0.00000000,	'',	NULL,	NULL,	'',	NULL,	'',	0,	0.00000000,	2,	0.00000000,	2,	0.00000000,	4,	2,	2,	2,	0.00000000,	0.00000000,	'NING',	NULL,	'S',	'admin',	'2012-07-10 09:48:20',	'admin',	'2012-07-10 09:48:20'),
('R512',	'Torta decorada ',	'T',	'',	1,	NULL,	NULL,	8.00000000,	15.00000000,	0.00000000,	'Estándar',	0.00000000,	0.00000000,	0.00000000,	0.00000000,	'',	NULL,	NULL,	'',	NULL,	'',	0,	0.00000000,	2,	0.00000000,	2,	0.00000000,	4,	2,	2,	2,	0.00000000,	0.00000000,	'NING',	NULL,	'S',	'admin',	'2012-07-10 09:48:20',	'admin',	'2012-07-10 09:48:20'),
('R513',	'Ponque bernina de16 tajadas',	'T',	'',	1,	NULL,	NULL,	8.00000000,	15.00000000,	0.00000000,	'Estándar',	0.00000000,	0.00000000,	0.00000000,	0.00000000,	'',	NULL,	NULL,	'',	NULL,	'',	0,	0.00000000,	2,	0.00000000,	2,	0.00000000,	4,	2,	2,	2,	0.00000000,	0.00000000,	'NING',	NULL,	'S',	'admin',	'2012-07-10 09:48:20',	'admin',	'2012-07-10 09:48:20'),
('R514',	'Galleta caravana caja',	'T',	'',	1,	NULL,	NULL,	20.00000000,	80.00000000,	0.00000000,	'Estándar',	0.00000000,	0.00000000,	0.00000000,	0.00000000,	'',	NULL,	NULL,	'',	NULL,	'',	0,	0.00000000,	2,	0.00000000,	2,	0.00000000,	4,	2,	2,	2,	0.00000000,	0.00000000,	'NING',	NULL,	'S',	'admin',	'2012-07-10 09:48:20',	'admin',	'2012-07-10 09:48:20'),
('R515',	'Galleta noche buena caja',	'T',	'',	1,	NULL,	NULL,	20.00000000,	80.00000000,	0.00000000,	'Estándar',	0.00000000,	0.00000000,	0.00000000,	0.00000000,	'',	NULL,	NULL,	'',	NULL,	'',	0,	0.00000000,	2,	0.00000000,	2,	0.00000000,	4,	2,	2,	2,	0.00000000,	0.00000000,	'NING',	NULL,	'S',	'admin',	'2012-07-10 09:48:20',	'admin',	'2012-07-10 09:48:20'),
('R516',	'Galleta tarro grande',	'T',	'',	1,	NULL,	NULL,	20.00000000,	80.00000000,	0.00000000,	'Estándar',	0.00000000,	0.00000000,	0.00000000,	0.00000000,	'',	NULL,	NULL,	'',	NULL,	'',	0,	0.00000000,	2,	0.00000000,	2,	0.00000000,	4,	2,	2,	2,	0.00000000,	0.00000000,	'NING',	NULL,	'S',	'admin',	'2012-07-10 09:48:20',	'admin',	'2012-07-10 09:48:20'),
('R517',	'Brandi domeco media ',	'T',	'',	1,	NULL,	NULL,	10.00000000,	24.00000000,	0.00000000,	'Estándar',	0.00000000,	0.00000000,	0.00000000,	0.00000000,	'',	NULL,	NULL,	'',	NULL,	'',	0,	0.00000000,	2,	0.00000000,	2,	0.00000000,	4,	2,	2,	2,	0.00000000,	0.00000000,	'NING',	NULL,	'S',	'admin',	'2012-07-10 09:48:20',	'admin',	'2012-07-10 09:48:20'),
('R518',	'Ron caldas media',	'T',	'',	1,	NULL,	NULL,	10.00000000,	30.00000000,	0.00000000,	'Estándar',	0.00000000,	0.00000000,	0.00000000,	0.00000000,	'',	NULL,	NULL,	'',	NULL,	'',	0,	0.00000000,	2,	0.00000000,	2,	0.00000000,	4,	2,	2,	2,	0.00000000,	0.00000000,	'NING',	NULL,	'S',	'admin',	'2012-07-10 09:48:20',	'admin',	'2012-07-10 09:48:20'),
('R519',	'Aguardiente nectar media',	'T',	'',	1,	NULL,	NULL,	10.00000000,	30.00000000,	0.00000000,	'Estándar',	0.00000000,	0.00000000,	0.00000000,	0.00000000,	'',	NULL,	NULL,	'',	NULL,	'',	0,	0.00000000,	2,	0.00000000,	2,	0.00000000,	4,	2,	2,	2,	0.00000000,	0.00000000,	'NING',	NULL,	'S',	'admin',	'2012-07-10 09:48:20',	'admin',	'2012-07-10 09:48:20'),
('R52',	'Chocolate Chocolatada x 125g',	'T',	'',	1,	NULL,	NULL,	10.00000000,	20.00000000,	15.00000000,	'Estándar',	0.00000000,	0.00000000,	0.00000000,	0.00000000,	'',	NULL,	NULL,	'',	NULL,	'',	0,	0.00000000,	2,	0.00000000,	2,	0.00000000,	4,	2,	2,	2,	0.00000000,	0.00000000,	'NING',	NULL,	'S',	'admin',	'2012-07-10 09:48:20',	'admin',	'2012-07-10 09:48:20'),
('R520',	'Aguardiente nectar botella',	'T',	'',	1,	NULL,	NULL,	10.00000000,	40.00000000,	0.00000000,	'Estándar',	0.00000000,	0.00000000,	0.00000000,	0.00000000,	'',	NULL,	NULL,	'',	NULL,	'',	0,	0.00000000,	2,	0.00000000,	2,	0.00000000,	4,	2,	2,	2,	0.00000000,	0.00000000,	'NING',	NULL,	'S',	'admin',	'2012-07-10 09:48:20',	'admin',	'2012-07-10 09:48:20'),
('R521',	'Ron caldas botella ',	'T',	'',	1,	NULL,	NULL,	10.00000000,	40.00000000,	0.00000000,	'Estándar',	0.00000000,	0.00000000,	0.00000000,	0.00000000,	'',	NULL,	NULL,	'',	NULL,	'',	0,	0.00000000,	2,	0.00000000,	2,	0.00000000,	4,	2,	2,	2,	0.00000000,	0.00000000,	'NING',	NULL,	'S',	'admin',	'2012-07-10 09:48:20',	'admin',	'2012-07-10 09:48:20'),
('R522',	'Aguardiente tapa roja  media',	'T',	'',	1,	NULL,	NULL,	10.00000000,	40.00000000,	0.00000000,	'Estándar',	0.00000000,	0.00000000,	0.00000000,	0.00000000,	'',	NULL,	NULL,	'',	NULL,	'',	0,	0.00000000,	2,	0.00000000,	2,	0.00000000,	4,	2,	2,	2,	0.00000000,	0.00000000,	'NING',	NULL,	'S',	'admin',	'2012-07-10 09:48:20',	'admin',	'2012-07-10 09:48:20'),
('R523',	'Aguardiente tapa roja botella ',	'T',	'',	1,	NULL,	NULL,	10.00000000,	40.00000000,	0.00000000,	'Estándar',	0.00000000,	0.00000000,	0.00000000,	0.00000000,	'',	NULL,	NULL,	'',	NULL,	'',	0,	0.00000000,	2,	0.00000000,	2,	0.00000000,	4,	2,	2,	2,	0.00000000,	0.00000000,	'NING',	NULL,	'S',	'admin',	'2012-07-10 09:48:20',	'admin',	'2012-07-10 09:48:20'),
('R524',	'Aguardiente tapa roja garrafa ',	'T',	'',	1,	NULL,	NULL,	10.00000000,	40.00000000,	0.00000000,	'Estándar',	0.00000000,	0.00000000,	0.00000000,	0.00000000,	'',	NULL,	NULL,	'',	NULL,	'',	0,	0.00000000,	2,	0.00000000,	2,	0.00000000,	4,	2,	2,	2,	0.00000000,	0.00000000,	'NING',	NULL,	'S',	'admin',	'2012-07-10 09:48:20',	'admin',	'2012-07-10 09:48:20'),
('R525',	'Brandy botella ',	'T',	'',	1,	NULL,	NULL,	10.00000000,	40.00000000,	0.00000000,	'Estándar',	0.00000000,	0.00000000,	0.00000000,	0.00000000,	'',	NULL,	NULL,	'',	NULL,	'',	0,	0.00000000,	2,	0.00000000,	2,	0.00000000,	4,	2,	2,	2,	0.00000000,	0.00000000,	'NING',	NULL,	'S',	'admin',	'2012-07-10 09:48:20',	'admin',	'2012-07-10 09:48:20'),
('R526',	'Garrafa  de vino bohio x 1500cc',	'T',	'',	1,	NULL,	NULL,	10.00000000,	30.00000000,	0.00000000,	'Estándar',	0.00000000,	0.00000000,	0.00000000,	0.00000000,	'',	NULL,	NULL,	'',	NULL,	'',	0,	0.00000000,	2,	0.00000000,	2,	0.00000000,	4,	2,	2,	2,	0.00000000,	0.00000000,	'NING',	NULL,	'S',	'admin',	'2012-07-10 09:48:20',	'admin',	'2012-07-10 09:48:20'),
('R526-B',	'Garrafa de vino moscatel x 1500cc',	'T',	'',	1,	NULL,	NULL,	10.00000000,	30.00000000,	0.00000000,	'Estándar',	0.00000000,	0.00000000,	0.00000000,	0.00000000,	'',	NULL,	NULL,	'',	NULL,	'',	0,	0.00000000,	2,	0.00000000,	2,	0.00000000,	4,	2,	2,	2,	0.00000000,	0.00000000,	'NING',	NULL,	'S',	'admin',	'2012-07-10 09:48:20',	'admin',	'2012-07-10 09:48:20'),
('R527',	'Garrafa de vini mascatel x 2000cc',	'T',	'',	1,	NULL,	NULL,	10.00000000,	30.00000000,	0.00000000,	'Estándar',	0.00000000,	0.00000000,	0.00000000,	0.00000000,	'',	NULL,	NULL,	'',	NULL,	'',	0,	0.00000000,	2,	0.00000000,	2,	0.00000000,	4,	2,	2,	2,	0.00000000,	0.00000000,	'NING',	NULL,	'S',	'admin',	'2012-07-10 09:48:20',	'admin',	'2012-07-10 09:48:20'),
('R527-B',	'Garrafa de vino poderoso x1500cc',	'T',	'',	1,	NULL,	NULL,	10.00000000,	30.00000000,	0.00000000,	'Estándar',	0.00000000,	0.00000000,	0.00000000,	0.00000000,	'',	NULL,	NULL,	'',	NULL,	'',	0,	0.00000000,	2,	0.00000000,	2,	0.00000000,	4,	2,	2,	2,	0.00000000,	0.00000000,	'NING',	NULL,	'S',	'admin',	'2012-07-10 09:48:20',	'admin',	'2012-07-10 09:48:20'),
('R528',	'Garrafa de vino poderoso x 2000 cc',	'T',	'',	1,	NULL,	NULL,	10.00000000,	30.00000000,	0.00000000,	'Estándar',	0.00000000,	0.00000000,	0.00000000,	0.00000000,	'',	NULL,	NULL,	'',	NULL,	'',	0,	0.00000000,	2,	0.00000000,	2,	0.00000000,	4,	2,	2,	2,	0.00000000,	0.00000000,	'NING',	NULL,	'S',	'admin',	'2012-07-10 09:48:20',	'admin',	'2012-07-10 09:48:20'),
('R529',	'Garrafa de vino cereza x 1500cc',	'T',	'',	1,	NULL,	NULL,	10.00000000,	30.00000000,	0.00000000,	'Estándar',	0.00000000,	0.00000000,	0.00000000,	0.00000000,	'',	NULL,	NULL,	'',	NULL,	'',	0,	0.00000000,	2,	0.00000000,	2,	0.00000000,	4,	2,	2,	2,	0.00000000,	0.00000000,	'NING',	NULL,	'S',	'admin',	'2012-07-10 09:48:20',	'admin',	'2012-07-10 09:48:20'),
('R53',	'Chocolate Cruz x250 g ',	'T',	'',	1,	NULL,	NULL,	6.00000000,	15.00000000,	10.00000000,	'Estándar',	0.00000000,	0.00000000,	0.00000000,	0.00000000,	'',	NULL,	NULL,	'',	NULL,	'',	0,	0.00000000,	2,	0.00000000,	2,	0.00000000,	4,	2,	2,	2,	0.00000000,	0.00000000,	'NING',	NULL,	'S',	'admin',	'2012-07-10 09:48:20',	'admin',	'2012-07-10 09:48:20'),
('R530',	'Garrafa de vino moscatel de pasas x 2000',	'T',	'',	1,	NULL,	NULL,	10.00000000,	30.00000000,	0.00000000,	'Estándar',	0.00000000,	0.00000000,	0.00000000,	0.00000000,	'',	NULL,	NULL,	'',	NULL,	'',	0,	0.00000000,	2,	0.00000000,	2,	0.00000000,	4,	2,	2,	2,	0.00000000,	0.00000000,	'NING',	NULL,	'S',	'admin',	'2012-07-10 09:48:20',	'admin',	'2012-07-10 09:48:20'),
('R531',	'Botella de vino moscatel de pasas x 750 cc',	'T',	'',	1,	NULL,	NULL,	20.00000000,	100.00000000,	0.00000000,	'Estándar',	0.00000000,	0.00000000,	0.00000000,	0.00000000,	'',	NULL,	NULL,	'',	NULL,	'',	0,	0.00000000,	2,	0.00000000,	2,	0.00000000,	4,	2,	2,	2,	0.00000000,	0.00000000,	'NING',	NULL,	'S',	'admin',	'2012-07-10 09:48:20',	'admin',	'2012-07-10 09:48:20'),
('R532',	'Botella de vino sanson x 750 cc',	'T',	'',	1,	NULL,	NULL,	20.00000000,	40.00000000,	0.00000000,	'Estándar',	0.00000000,	0.00000000,	0.00000000,	0.00000000,	'',	NULL,	NULL,	'',	NULL,	'',	0,	0.00000000,	2,	0.00000000,	2,	0.00000000,	4,	2,	2,	2,	0.00000000,	0.00000000,	'NING',	NULL,	'S',	'admin',	'2012-07-10 09:48:20',	'admin',	'2012-07-10 09:48:20'),
('R533',	'Botella de vino casa grajales x 750cc',	'T',	'',	1,	NULL,	NULL,	20.00000000,	40.00000000,	0.00000000,	'Estándar',	0.00000000,	0.00000000,	0.00000000,	0.00000000,	'',	NULL,	NULL,	'',	NULL,	'',	0,	0.00000000,	2,	0.00000000,	2,	0.00000000,	4,	2,	2,	2,	0.00000000,	0.00000000,	'NING',	NULL,	'S',	'admin',	'2012-07-10 09:48:20',	'admin',	'2012-07-10 09:48:20'),
('R534',	'Botella de vino poderoso x750cc',	'T',	'',	1,	NULL,	NULL,	20.00000000,	100.00000000,	0.00000000,	'Estándar',	0.00000000,	0.00000000,	0.00000000,	0.00000000,	'',	NULL,	NULL,	'',	NULL,	'',	0,	0.00000000,	2,	0.00000000,	2,	0.00000000,	4,	2,	2,	2,	0.00000000,	0.00000000,	'NING',	NULL,	'S',	'admin',	'2012-07-10 09:48:20',	'admin',	'2012-07-10 09:48:20'),
('R535',	'Botella de vino cariñoso x 750cc',	'T',	'',	1,	NULL,	NULL,	30.00000000,	150.00000000,	0.00000000,	'Estándar',	0.00000000,	0.00000000,	0.00000000,	0.00000000,	'',	NULL,	NULL,	'',	NULL,	'',	0,	0.00000000,	2,	0.00000000,	2,	0.00000000,	4,	2,	2,	2,	0.00000000,	0.00000000,	'NING',	NULL,	'S',	'admin',	'2012-07-10 09:48:20',	'admin',	'2012-07-10 09:48:20'),
('R536',	'Botella de vino bohio x 750 cc',	'T',	'',	1,	NULL,	NULL,	20.00000000,	80.00000000,	0.00000000,	'Estándar',	0.00000000,	0.00000000,	0.00000000,	0.00000000,	'',	NULL,	NULL,	'',	NULL,	'',	0,	0.00000000,	2,	0.00000000,	2,	0.00000000,	4,	2,	2,	2,	0.00000000,	0.00000000,	'NING',	NULL,	'S',	'admin',	'2012-07-10 09:48:20',	'admin',	'2012-07-10 09:48:20'),
('R537',	'Botella de vino blanco x 750cc',	'T',	'',	1,	NULL,	NULL,	20.00000000,	60.00000000,	0.00000000,	'Estándar',	0.00000000,	0.00000000,	0.00000000,	0.00000000,	'',	NULL,	NULL,	'',	NULL,	'',	0,	0.00000000,	2,	0.00000000,	2,	0.00000000,	4,	2,	2,	2,	0.00000000,	0.00000000,	'NING',	NULL,	'S',	'admin',	'2012-07-10 09:48:20',	'admin',	'2012-07-10 09:48:20'),
('R538',	'Botella de piña colada tahiti',	'T',	'',	1,	NULL,	NULL,	12.00000000,	30.00000000,	0.00000000,	'Estándar',	0.00000000,	0.00000000,	0.00000000,	0.00000000,	'',	NULL,	NULL,	'',	NULL,	'',	0,	0.00000000,	2,	0.00000000,	2,	0.00000000,	4,	2,	2,	2,	0.00000000,	0.00000000,	'NING',	NULL,	'S',	'admin',	'2012-07-10 09:48:20',	'admin',	'2012-07-10 09:48:20'),
('R539',	'Botella de sabajon apolo ',	'T',	'',	1,	NULL,	NULL,	12.00000000,	30.00000000,	0.00000000,	'Estándar',	0.00000000,	0.00000000,	0.00000000,	0.00000000,	'',	NULL,	NULL,	'',	NULL,	'',	0,	0.00000000,	2,	0.00000000,	2,	0.00000000,	4,	2,	2,	2,	0.00000000,	0.00000000,	'NING',	NULL,	'S',	'admin',	'2012-07-10 09:48:20',	'admin',	'2012-07-10 09:48:20'),
('R54',	'Chocolate Cruz 125g',	'T',	'',	1,	NULL,	NULL,	6.00000000,	15.00000000,	10.00000000,	'Estándar',	0.00000000,	0.00000000,	0.00000000,	0.00000000,	'',	NULL,	NULL,	'',	NULL,	'',	0,	0.00000000,	2,	0.00000000,	2,	0.00000000,	4,	2,	2,	2,	0.00000000,	0.00000000,	'NING',	NULL,	'S',	'admin',	'2012-07-10 09:48:20',	'admin',	'2012-07-10 09:48:20'),
('R540',	'Crema de wisleys ',	'T',	'',	1,	NULL,	NULL,	10.00000000,	20.00000000,	0.00000000,	'Estándar',	0.00000000,	0.00000000,	0.00000000,	0.00000000,	'',	NULL,	NULL,	'',	NULL,	'',	0,	0.00000000,	2,	0.00000000,	2,	0.00000000,	4,	2,	2,	2,	0.00000000,	0.00000000,	'NING',	NULL,	'S',	'admin',	'2012-07-10 09:48:20',	'admin',	'2012-07-10 09:48:20'),
('R541',	'Botella de vino abocado',	'T',	'',	1,	NULL,	NULL,	12.00000000,	30.00000000,	0.00000000,	'Estándar',	0.00000000,	0.00000000,	0.00000000,	0.00000000,	'',	NULL,	NULL,	'',	NULL,	'',	0,	0.00000000,	2,	0.00000000,	2,	0.00000000,	4,	2,	2,	2,	0.00000000,	0.00000000,	'NING',	NULL,	'S',	'admin',	'2012-07-10 09:48:20',	'admin',	'2012-07-10 09:48:20'),
('R542',	'Champaña casa doma x 750cc',	'T',	'',	1,	NULL,	NULL,	20.00000000,	80.00000000,	0.00000000,	'Estándar',	0.00000000,	0.00000000,	0.00000000,	0.00000000,	'',	NULL,	NULL,	'',	NULL,	'',	0,	0.00000000,	2,	0.00000000,	2,	0.00000000,	4,	2,	2,	2,	0.00000000,	0.00000000,	'NING',	NULL,	'S',	'admin',	'2012-07-10 09:48:20',	'admin',	'2012-07-10 09:48:20'),
('R543',	'Champaña candiota x 750cc',	'T',	'',	1,	NULL,	NULL,	20.00000000,	80.00000000,	0.00000000,	'Estándar',	0.00000000,	0.00000000,	0.00000000,	0.00000000,	'',	NULL,	NULL,	'',	NULL,	'',	0,	0.00000000,	2,	0.00000000,	2,	0.00000000,	4,	2,	2,	2,	0.00000000,	0.00000000,	'NING',	NULL,	'S',	'admin',	'2012-07-10 09:48:20',	'admin',	'2012-07-10 09:48:20'),
('R544',	'Whisky duncan x 750cc',	'T',	'',	1,	NULL,	NULL,	6.00000000,	12.00000000,	0.00000000,	'Estándar',	0.00000000,	0.00000000,	0.00000000,	0.00000000,	'',	NULL,	NULL,	'',	NULL,	'',	0,	0.00000000,	2,	0.00000000,	2,	0.00000000,	4,	2,	2,	2,	0.00000000,	0.00000000,	'NING',	NULL,	'S',	'admin',	'2012-07-10 09:48:20',	'admin',	'2012-07-10 09:48:20'),
('R545',	'Whisky john thomas x 750cc',	'T',	'',	1,	NULL,	NULL,	6.00000000,	15.00000000,	0.00000000,	'Estándar',	0.00000000,	0.00000000,	0.00000000,	0.00000000,	'',	NULL,	NULL,	'',	NULL,	'',	0,	0.00000000,	2,	0.00000000,	2,	0.00000000,	4,	2,	2,	2,	0.00000000,	0.00000000,	'NING',	NULL,	'S',	'admin',	'2012-07-10 09:48:20',	'admin',	'2012-07-10 09:48:20'),
('R546',	'Whisky something special x 750 cc',	'T',	'',	1,	NULL,	NULL,	3.00000000,	6.00000000,	0.00000000,	'Estándar',	0.00000000,	0.00000000,	0.00000000,	0.00000000,	'',	NULL,	NULL,	'',	NULL,	'',	0,	0.00000000,	2,	0.00000000,	2,	0.00000000,	4,	2,	2,	2,	0.00000000,	0.00000000,	'NING',	NULL,	'S',	'admin',	'2012-07-10 09:48:20',	'admin',	'2012-07-10 09:48:20'),
('R547',	'Whisky buchanans  botella',	'T',	'',	1,	NULL,	NULL,	3.00000000,	10.00000000,	0.00000000,	'Estándar',	0.00000000,	0.00000000,	0.00000000,	0.00000000,	'',	NULL,	NULL,	'',	NULL,	'',	0,	0.00000000,	2,	0.00000000,	2,	0.00000000,	4,	2,	2,	2,	0.00000000,	0.00000000,	'NING',	NULL,	'S',	'admin',	'2012-07-10 09:48:20',	'admin',	'2012-07-10 09:48:20'),
('R548',	'Whisky clan macgregor botella',	'T',	'',	1,	NULL,	NULL,	6.00000000,	10.00000000,	0.00000000,	'Estándar',	0.00000000,	0.00000000,	0.00000000,	0.00000000,	'',	NULL,	NULL,	'',	NULL,	'',	0,	0.00000000,	2,	0.00000000,	2,	0.00000000,	4,	2,	2,	2,	0.00000000,	0.00000000,	'NING',	NULL,	'S',	'admin',	'2012-07-10 09:48:20',	'admin',	'2012-07-10 09:48:20'),
('R549',	'Whisky chivas regal botella',	'T',	'',	1,	NULL,	NULL,	6.00000000,	10.00000000,	0.00000000,	'Estándar',	0.00000000,	0.00000000,	0.00000000,	0.00000000,	'',	NULL,	NULL,	'',	NULL,	'',	0,	0.00000000,	2,	0.00000000,	2,	0.00000000,	4,	2,	2,	2,	0.00000000,	0.00000000,	'NING',	NULL,	'S',	'admin',	'2012-07-10 09:48:20',	'admin',	'2012-07-10 09:48:20'),
('R55',	'Chocolate La Especial x 250g ',	'T',	'',	1,	NULL,	NULL,	20.00000000,	50.00000000,	30.00000000,	'Estándar',	0.00000000,	0.00000000,	0.00000000,	0.00000000,	'',	NULL,	NULL,	'',	NULL,	'',	0,	0.00000000,	2,	0.00000000,	2,	0.00000000,	4,	2,	2,	2,	0.00000000,	0.00000000,	'NING',	NULL,	'S',	'admin',	'2012-07-10 09:48:20',	'admin',	'2012-07-10 09:48:20'),
('R550',	'Whisky grants botella ',	'T',	'',	1,	NULL,	NULL,	6.00000000,	10.00000000,	0.00000000,	'Estándar',	0.00000000,	0.00000000,	0.00000000,	0.00000000,	'',	NULL,	NULL,	'',	NULL,	'',	0,	0.00000000,	2,	0.00000000,	2,	0.00000000,	4,	2,	2,	2,	0.00000000,	0.00000000,	'NING',	NULL,	'S',	'admin',	'2012-07-10 09:48:20',	'admin',	'2012-07-10 09:48:20'),
('R551',	'Varsol x 500cm',	'T',	'',	1,	NULL,	NULL,	10.00000000,	40.00000000,	0.00000000,	'Estándar',	0.00000000,	0.00000000,	0.00000000,	0.00000000,	'',	NULL,	NULL,	'',	NULL,	'',	0,	0.00000000,	2,	0.00000000,	2,	0.00000000,	4,	2,	2,	2,	0.00000000,	0.00000000,	'NING',	NULL,	'S',	'admin',	'2012-07-10 09:48:20',	'admin',	'2012-07-10 09:48:20'),
('R552',	'Magii x unidad',	'T',	'',	1,	NULL,	NULL,	20.00000000,	200.00000000,	0.00000000,	'Estándar',	0.00000000,	0.00000000,	0.00000000,	0.00000000,	'',	NULL,	NULL,	'',	NULL,	'',	0,	0.00000000,	2,	0.00000000,	2,	0.00000000,	4,	2,	2,	2,	0.00000000,	0.00000000,	'NING',	NULL,	'S',	'admin',	'2012-07-10 09:48:20',	'admin',	'2012-07-10 09:48:20'),
('R553',	'Ricostilla x unidad',	'T',	'',	1,	NULL,	NULL,	20.00000000,	200.00000000,	0.00000000,	'Estándar',	0.00000000,	0.00000000,	0.00000000,	0.00000000,	'',	NULL,	NULL,	'',	NULL,	'',	0,	0.00000000,	2,	0.00000000,	2,	0.00000000,	4,	2,	2,	2,	0.00000000,	0.00000000,	'NING',	NULL,	'S',	'admin',	'2012-07-10 09:48:20',	'admin',	'2012-07-10 09:48:20'),
('R554',	'Pimienta el rey x 60 g',	'T',	'',	1,	NULL,	NULL,	8.00000000,	24.00000000,	0.00000000,	'Estándar',	0.00000000,	0.00000000,	0.00000000,	0.00000000,	'',	NULL,	NULL,	'',	NULL,	'',	0,	0.00000000,	2,	0.00000000,	2,	0.00000000,	4,	2,	2,	2,	0.00000000,	0.00000000,	'NING',	NULL,	'S',	'admin',	'2012-07-10 09:48:20',	'admin',	'2012-07-10 09:48:20'),
('R555',	'Comino puro el rey x 55 g',	'T',	'',	1,	NULL,	NULL,	8.00000000,	24.00000000,	0.00000000,	'Estándar',	0.00000000,	0.00000000,	0.00000000,	0.00000000,	'',	NULL,	NULL,	'',	NULL,	'',	0,	0.00000000,	2,	0.00000000,	2,	0.00000000,	4,	2,	2,	2,	0.00000000,	0.00000000,	'NING',	NULL,	'S',	'admin',	'2012-07-10 09:48:20',	'admin',	'2012-07-10 09:48:20'),
('R556',	'Ajo el rey x 55g',	'T',	'',	1,	NULL,	NULL,	8.00000000,	24.00000000,	0.00000000,	'Estándar',	0.00000000,	0.00000000,	0.00000000,	0.00000000,	'',	NULL,	NULL,	'',	NULL,	'',	0,	0.00000000,	2,	0.00000000,	2,	0.00000000,	4,	2,	2,	2,	0.00000000,	0.00000000,	'NING',	NULL,	'S',	'admin',	'2012-07-10 09:48:20',	'admin',	'2012-07-10 09:48:20'),
('R557',	'Color rey x 55g',	'T',	'',	1,	NULL,	NULL,	8.00000000,	24.00000000,	0.00000000,	'Estándar',	0.00000000,	0.00000000,	0.00000000,	0.00000000,	'',	NULL,	NULL,	'',	NULL,	'',	0,	0.00000000,	2,	0.00000000,	2,	0.00000000,	4,	2,	2,	2,	0.00000000,	0.00000000,	'NING',	NULL,	'S',	'admin',	'2012-07-10 09:48:20',	'admin',	'2012-07-10 09:48:20'),
('R558',	'Picante x 20g',	'T',	'',	1,	NULL,	NULL,	8.00000000,	24.00000000,	0.00000000,	'Estándar',	0.00000000,	0.00000000,	0.00000000,	0.00000000,	'',	NULL,	NULL,	'',	NULL,	'',	0,	0.00000000,	2,	0.00000000,	2,	0.00000000,	4,	2,	2,	2,	0.00000000,	0.00000000,	'NING',	NULL,	'S',	'admin',	'2012-07-10 09:48:20',	'admin',	'2012-07-10 09:48:20'),
('R559',	'Tomillo puro x 20 g',	'T',	'',	1,	NULL,	NULL,	8.00000000,	24.00000000,	0.00000000,	'Estándar',	0.00000000,	0.00000000,	0.00000000,	0.00000000,	'',	NULL,	NULL,	'',	NULL,	'',	0,	0.00000000,	2,	0.00000000,	2,	0.00000000,	4,	2,	2,	2,	0.00000000,	0.00000000,	'NING',	NULL,	'S',	'admin',	'2012-07-10 09:48:20',	'admin',	'2012-07-10 09:48:20'),
('R56',	'Chocolate TOLIMAX x 250g ',	'T',	'',	1,	NULL,	NULL,	20.00000000,	50.00000000,	30.00000000,	'Estándar',	0.00000000,	0.00000000,	0.00000000,	0.00000000,	'',	NULL,	NULL,	'',	NULL,	'',	0,	0.00000000,	2,	0.00000000,	2,	0.00000000,	4,	2,	2,	2,	0.00000000,	0.00000000,	'NING',	NULL,	'S',	'admin',	'2012-07-10 09:48:20',	'admin',	'2012-07-10 09:48:20'),
('R560',	'Condimento completo x 60g ',	'T',	'',	1,	NULL,	NULL,	8.00000000,	24.00000000,	0.00000000,	'Estándar',	0.00000000,	0.00000000,	0.00000000,	0.00000000,	'',	NULL,	NULL,	'',	NULL,	'',	0,	0.00000000,	2,	0.00000000,	2,	0.00000000,	4,	2,	2,	2,	0.00000000,	0.00000000,	'NING',	NULL,	'S',	'admin',	'2012-07-10 09:48:20',	'admin',	'2012-07-10 09:48:20'),
('R561',	'Clavo x 9 g',	'T',	'',	1,	NULL,	NULL,	8.00000000,	24.00000000,	0.00000000,	'Estándar',	0.00000000,	0.00000000,	0.00000000,	0.00000000,	'',	NULL,	NULL,	'',	NULL,	'',	0,	0.00000000,	2,	0.00000000,	2,	0.00000000,	4,	2,	2,	2,	0.00000000,	0.00000000,	'NING',	NULL,	'S',	'admin',	'2012-07-10 09:48:20',	'admin',	'2012-07-10 09:48:20'),
('R562',	'Oregano x 10 g',	'T',	'',	1,	NULL,	NULL,	8.00000000,	24.00000000,	0.00000000,	'Estándar',	0.00000000,	0.00000000,	0.00000000,	0.00000000,	'',	NULL,	NULL,	'',	NULL,	'',	0,	0.00000000,	2,	0.00000000,	2,	0.00000000,	4,	2,	2,	2,	0.00000000,	0.00000000,	'NING',	NULL,	'S',	'admin',	'2012-07-10 09:48:20',	'admin',	'2012-07-10 09:48:20'),
('R563',	'Sasona reycon hiervas  x 55 g',	'T',	'',	1,	NULL,	NULL,	8.00000000,	24.00000000,	0.00000000,	'Estándar',	0.00000000,	0.00000000,	0.00000000,	0.00000000,	'',	NULL,	NULL,	'',	NULL,	'',	0,	0.00000000,	2,	0.00000000,	2,	0.00000000,	4,	2,	2,	2,	0.00000000,	0.00000000,	'NING',	NULL,	'S',	'admin',	'2012-07-10 09:48:20',	'admin',	'2012-07-10 09:48:20'),
('R564',	'Laurel x 37g',	'T',	'',	1,	NULL,	NULL,	8.00000000,	24.00000000,	0.00000000,	'Estándar',	0.00000000,	0.00000000,	0.00000000,	0.00000000,	'',	NULL,	NULL,	'',	NULL,	'',	0,	0.00000000,	2,	0.00000000,	2,	0.00000000,	4,	2,	2,	2,	0.00000000,	0.00000000,	'NING',	NULL,	'S',	'admin',	'2012-07-10 09:48:20',	'admin',	'2012-07-10 09:48:20'),
('R565',	'Comino pepa x 32 g',	'T',	'',	1,	NULL,	NULL,	8.00000000,	24.00000000,	0.00000000,	'Estándar',	0.00000000,	0.00000000,	0.00000000,	0.00000000,	'',	NULL,	NULL,	'',	NULL,	'',	0,	0.00000000,	2,	0.00000000,	2,	0.00000000,	4,	2,	2,	2,	0.00000000,	0.00000000,	'NING',	NULL,	'S',	'admin',	'2012-07-10 09:48:20',	'admin',	'2012-07-10 09:48:20'),
('R566',	'Bicarbonato de sodio x 50g',	'T',	'',	1,	NULL,	NULL,	8.00000000,	24.00000000,	0.00000000,	'Estándar',	0.00000000,	0.00000000,	0.00000000,	0.00000000,	'',	NULL,	NULL,	'',	NULL,	'',	0,	0.00000000,	2,	0.00000000,	2,	0.00000000,	4,	2,	2,	2,	0.00000000,	0.00000000,	'NING',	NULL,	'S',	'admin',	'2012-07-10 09:48:20',	'admin',	'2012-07-10 09:48:20'),
('R567',	'Trisalsina x55 g',	'T',	'',	1,	NULL,	NULL,	8.00000000,	24.00000000,	0.00000000,	'Estándar',	0.00000000,	0.00000000,	0.00000000,	0.00000000,	'',	NULL,	NULL,	'',	NULL,	'',	0,	0.00000000,	2,	0.00000000,	2,	0.00000000,	4,	2,	2,	2,	0.00000000,	0.00000000,	'NING',	NULL,	'S',	'admin',	'2012-07-10 09:48:20',	'admin',	'2012-07-10 09:48:20'),
('R568',	'Salsina x55 g',	'T',	'',	1,	NULL,	NULL,	8.00000000,	24.00000000,	0.00000000,	'Estándar',	0.00000000,	0.00000000,	0.00000000,	0.00000000,	'',	NULL,	NULL,	'',	NULL,	'',	0,	0.00000000,	2,	0.00000000,	2,	0.00000000,	4,	2,	2,	2,	0.00000000,	0.00000000,	'NING',	NULL,	'S',	'admin',	'2012-07-10 09:48:20',	'admin',	'2012-07-10 09:48:20'),
('R569',	'Canela x 20 g',	'T',	'',	1,	NULL,	NULL,	8.00000000,	24.00000000,	0.00000000,	'Estándar',	0.00000000,	0.00000000,	0.00000000,	0.00000000,	'',	NULL,	NULL,	'',	NULL,	'',	0,	0.00000000,	2,	0.00000000,	2,	0.00000000,	4,	2,	2,	2,	0.00000000,	0.00000000,	'NING',	NULL,	'S',	'admin',	'2012-07-10 09:48:20',	'admin',	'2012-07-10 09:48:20'),
('R57',	'Chocolate Diana x 250g',	'T',	'',	1,	NULL,	NULL,	20.00000000,	50.00000000,	30.00000000,	'Estándar',	0.00000000,	0.00000000,	0.00000000,	0.00000000,	'',	NULL,	NULL,	'',	NULL,	'',	0,	0.00000000,	2,	0.00000000,	2,	0.00000000,	4,	2,	2,	2,	0.00000000,	0.00000000,	'NING',	NULL,	'S',	'admin',	'2012-07-10 09:48:20',	'admin',	'2012-07-10 09:48:20'),
('R570',	'Nues moscada x 15 g',	'T',	'',	1,	NULL,	NULL,	8.00000000,	24.00000000,	0.00000000,	'Estándar',	0.00000000,	0.00000000,	0.00000000,	0.00000000,	'',	NULL,	NULL,	'',	NULL,	'',	0,	0.00000000,	2,	0.00000000,	2,	0.00000000,	4,	2,	2,	2,	0.00000000,	0.00000000,	'NING',	NULL,	'S',	'admin',	'2012-07-10 09:48:20',	'admin',	'2012-07-10 09:48:20'),
('R571',	'Color rey caja x20g',	'T',	'',	1,	NULL,	NULL,	30.00000000,	80.00000000,	0.00000000,	'Estándar',	0.00000000,	0.00000000,	0.00000000,	0.00000000,	'',	NULL,	NULL,	'',	NULL,	'',	0,	0.00000000,	2,	0.00000000,	2,	0.00000000,	4,	2,	2,	2,	0.00000000,	0.00000000,	'NING',	NULL,	'S',	'admin',	'2012-07-10 09:48:20',	'admin',	'2012-07-10 09:48:20'),
('R572',	'Trisalsina xcaja x 20 g',	'T',	'',	1,	NULL,	NULL,	30.00000000,	80.00000000,	0.00000000,	'Estándar',	0.00000000,	0.00000000,	0.00000000,	0.00000000,	'',	NULL,	NULL,	'',	NULL,	'',	0,	0.00000000,	2,	0.00000000,	2,	0.00000000,	4,	2,	2,	2,	0.00000000,	0.00000000,	'NING',	NULL,	'S',	'admin',	'2012-07-10 09:48:20',	'admin',	'2012-07-10 09:48:20'),
('R573',	'Comino caja x 20g',	'T',	'',	1,	NULL,	NULL,	30.00000000,	80.00000000,	0.00000000,	'Estándar',	0.00000000,	0.00000000,	0.00000000,	0.00000000,	'',	NULL,	NULL,	'',	NULL,	'',	0,	0.00000000,	2,	0.00000000,	2,	0.00000000,	4,	2,	2,	2,	0.00000000,	0.00000000,	'NING',	NULL,	'S',	'admin',	'2012-07-10 09:48:20',	'admin',	'2012-07-10 09:48:20'),
('R574',	'Ablanda carne x70g',	'T',	'',	1,	NULL,	NULL,	8.00000000,	24.00000000,	0.00000000,	'Estándar',	0.00000000,	0.00000000,	0.00000000,	0.00000000,	'',	NULL,	NULL,	'',	NULL,	'',	0,	0.00000000,	2,	0.00000000,	2,	0.00000000,	4,	2,	2,	2,	0.00000000,	0.00000000,	'NING',	NULL,	'S',	'admin',	'2012-07-10 09:48:20',	'admin',	'2012-07-10 09:48:20'),
('R575',	'Tri completo x55 g',	'T',	'',	1,	NULL,	NULL,	8.00000000,	24.00000000,	0.00000000,	'Estándar',	0.00000000,	0.00000000,	0.00000000,	0.00000000,	'',	NULL,	NULL,	'',	NULL,	'',	0,	0.00000000,	2,	0.00000000,	2,	0.00000000,	4,	2,	2,	2,	0.00000000,	0.00000000,	'NING',	NULL,	'S',	'admin',	'2012-07-10 09:48:20',	'admin',	'2012-07-10 09:48:20'),
('R576',	'Maxi cheetos x 45 g',	'T',	'',	1,	NULL,	NULL,	10.00000000,	20.00000000,	0.00000000,	'Estándar',	0.00000000,	0.00000000,	0.00000000,	0.00000000,	'',	NULL,	NULL,	'',	NULL,	'',	0,	0.00000000,	2,	0.00000000,	2,	0.00000000,	4,	2,	2,	2,	0.00000000,	0.00000000,	'NING',	NULL,	'S',	'admin',	'2012-07-10 09:48:20',	'admin',	'2012-07-10 09:48:20'),
('R576-B',	'Papas margaritas onduladas x 35 g',	'T',	'',	1,	NULL,	NULL,	10.00000000,	40.00000000,	0.00000000,	'Estándar',	0.00000000,	0.00000000,	0.00000000,	0.00000000,	'',	NULL,	NULL,	'',	NULL,	'',	0,	0.00000000,	2,	0.00000000,	2,	0.00000000,	4,	2,	2,	2,	0.00000000,	0.00000000,	'NING',	NULL,	'S',	'admin',	'2012-07-10 09:48:20',	'admin',	'2012-07-10 09:48:20'),
('R577',	'Papas margaritas x 33g',	'T',	'',	1,	NULL,	NULL,	20.00000000,	80.00000000,	0.00000000,	'Estándar',	0.00000000,	0.00000000,	0.00000000,	0.00000000,	'',	NULL,	NULL,	'',	NULL,	'',	0,	0.00000000,	2,	0.00000000,	2,	0.00000000,	4,	2,	2,	2,	0.00000000,	0.00000000,	'NING',	NULL,	'S',	'admin',	'2012-07-10 09:48:20',	'admin',	'2012-07-10 09:48:20'),
('R577-B',	'Doritos x 40g',	'T',	'',	1,	NULL,	NULL,	10.00000000,	24.00000000,	0.00000000,	'Estándar',	0.00000000,	0.00000000,	0.00000000,	0.00000000,	'',	NULL,	NULL,	'',	NULL,	'',	0,	0.00000000,	2,	0.00000000,	2,	0.00000000,	4,	2,	2,	2,	0.00000000,	0.00000000,	'NING',	NULL,	'S',	'admin',	'2012-07-10 09:48:20',	'admin',	'2012-07-10 09:48:20'),
('R578',	'Gudis x 30g',	'T',	'',	1,	NULL,	NULL,	10.00000000,	30.00000000,	0.00000000,	'Estándar',	0.00000000,	0.00000000,	0.00000000,	0.00000000,	'',	NULL,	NULL,	'',	NULL,	'',	0,	0.00000000,	2,	0.00000000,	2,	0.00000000,	4,	2,	2,	2,	0.00000000,	0.00000000,	'NING',	NULL,	'S',	'admin',	'2012-07-10 09:48:20',	'admin',	'2012-07-10 09:48:20'),
('R579',	'DE TODITO x 140 g',	'T',	'',	1,	NULL,	NULL,	5.00000000,	12.00000000,	0.00000000,	'Estándar',	0.00000000,	0.00000000,	0.00000000,	0.00000000,	'',	NULL,	NULL,	'',	NULL,	'',	0,	0.00000000,	2,	0.00000000,	2,	0.00000000,	4,	2,	2,	2,	0.00000000,	0.00000000,	'NING',	NULL,	'S',	'admin',	'2012-07-10 09:48:20',	'admin',	'2012-07-10 09:48:20'),
('R58',	'Chocolate Corona x 250g ',	'T',	'',	1,	NULL,	NULL,	20.00000000,	50.00000000,	30.00000000,	'Estándar',	0.00000000,	0.00000000,	0.00000000,	0.00000000,	'',	NULL,	NULL,	'',	NULL,	'',	0,	0.00000000,	2,	0.00000000,	2,	0.00000000,	4,	2,	2,	2,	0.00000000,	0.00000000,	'NING',	NULL,	'S',	'admin',	'2012-07-10 09:48:20',	'admin',	'2012-07-10 09:48:20'),
('R580',	'Papas margaritas x 115 g',	'T',	'',	1,	NULL,	NULL,	5.00000000,	20.00000000,	0.00000000,	'Estándar',	0.00000000,	0.00000000,	0.00000000,	0.00000000,	'',	NULL,	NULL,	'',	NULL,	'',	0,	0.00000000,	2,	0.00000000,	2,	0.00000000,	4,	2,	2,	2,	0.00000000,	0.00000000,	'NING',	NULL,	'S',	'admin',	'2012-07-10 09:48:20',	'admin',	'2012-07-10 09:48:20'),
('R581',	'Platanitos Natu chips x 43g',	'T',	'',	1,	NULL,	NULL,	6.00000000,	20.00000000,	0.00000000,	'Estándar',	0.00000000,	0.00000000,	0.00000000,	0.00000000,	'',	NULL,	NULL,	'',	NULL,	'',	0,	0.00000000,	2,	0.00000000,	2,	0.00000000,	4,	2,	2,	2,	0.00000000,	0.00000000,	'NING',	NULL,	'S',	'admin',	'2012-07-10 09:48:20',	'admin',	'2012-07-10 09:48:20'),
('R582',	'Papas margaritas paqueton x 50g',	'T',	'',	1,	NULL,	NULL,	10.00000000,	30.00000000,	0.00000000,	'Estándar',	0.00000000,	0.00000000,	0.00000000,	0.00000000,	'',	NULL,	NULL,	'',	NULL,	'',	0,	0.00000000,	2,	0.00000000,	2,	0.00000000,	4,	2,	2,	2,	0.00000000,	0.00000000,	'NING',	NULL,	'S',	'admin',	'2012-07-10 09:48:20',	'admin',	'2012-07-10 09:48:20'),
('R583',	'Detodito x 50g',	'T',	'',	1,	NULL,	NULL,	20.00000000,	60.00000000,	0.00000000,	'Estándar',	0.00000000,	0.00000000,	0.00000000,	0.00000000,	'',	NULL,	NULL,	'',	NULL,	'',	0,	0.00000000,	2,	0.00000000,	2,	0.00000000,	4,	2,	2,	2,	0.00000000,	0.00000000,	'NING',	NULL,	'S',	'admin',	'2012-07-10 09:48:20',	'admin',	'2012-07-10 09:48:20'),
('R584',	'Shampoo johnsom x 750 ml',	'T',	'',	1,	NULL,	NULL,	3.00000000,	10.00000000,	0.00000000,	'Estándar',	0.00000000,	0.00000000,	0.00000000,	0.00000000,	'',	NULL,	NULL,	'',	NULL,	'',	0,	0.00000000,	2,	0.00000000,	2,	0.00000000,	4,	2,	2,	2,	0.00000000,	0.00000000,	'NING',	NULL,	'S',	'admin',	'2012-07-10 09:48:20',	'admin',	'2012-07-10 09:48:20'),
('R585',	'Shampoo johnson x 400ml',	'T',	'',	1,	NULL,	NULL,	3.00000000,	10.00000000,	0.00000000,	'Estándar',	0.00000000,	0.00000000,	0.00000000,	0.00000000,	'',	NULL,	NULL,	'',	NULL,	'',	0,	0.00000000,	2,	0.00000000,	2,	0.00000000,	4,	2,	2,	2,	0.00000000,	0.00000000,	'NING',	NULL,	'S',	'admin',	'2012-07-10 09:48:20',	'admin',	'2012-07-10 09:48:20'),
('R586',	'Shampoo johnson x 200ml',	'T',	'',	1,	NULL,	NULL,	3.00000000,	10.00000000,	0.00000000,	'Estándar',	0.00000000,	0.00000000,	0.00000000,	0.00000000,	'',	NULL,	NULL,	'',	NULL,	'',	0,	0.00000000,	2,	0.00000000,	2,	0.00000000,	4,	2,	2,	2,	0.00000000,	0.00000000,	'NING',	NULL,	'S',	'admin',	'2012-07-10 09:48:20',	'admin',	'2012-07-10 09:48:20'),
('R587',	'Shampoo  head showders x 400ml',	'T',	'',	1,	NULL,	NULL,	6.00000000,	20.00000000,	0.00000000,	'Estándar',	0.00000000,	0.00000000,	0.00000000,	0.00000000,	'',	NULL,	NULL,	'',	NULL,	'',	0,	0.00000000,	2,	0.00000000,	2,	0.00000000,	4,	2,	2,	2,	0.00000000,	0.00000000,	'NING',	NULL,	'S',	'admin',	'2012-07-10 09:48:20',	'admin',	'2012-07-10 09:48:20'),
('R588',	'Shampoo pantene x 400ml',	'T',	'',	1,	NULL,	NULL,	6.00000000,	20.00000000,	0.00000000,	'Estándar',	0.00000000,	0.00000000,	0.00000000,	0.00000000,	'',	NULL,	NULL,	'',	NULL,	'',	0,	0.00000000,	2,	0.00000000,	2,	0.00000000,	4,	2,	2,	2,	0.00000000,	0.00000000,	'NING',	NULL,	'S',	'admin',	'2012-07-10 09:48:20',	'admin',	'2012-07-10 09:48:20'),
('R589',	'Shampoo sedal x 350ml',	'T',	'',	1,	NULL,	NULL,	6.00000000,	20.00000000,	0.00000000,	'Estándar',	0.00000000,	0.00000000,	0.00000000,	0.00000000,	'',	NULL,	NULL,	'',	NULL,	'',	0,	0.00000000,	2,	0.00000000,	2,	0.00000000,	4,	2,	2,	2,	0.00000000,	0.00000000,	'NING',	NULL,	'S',	'admin',	'2012-07-10 09:48:20',	'admin',	'2012-07-10 09:48:20'),
('R59',	'Chocolate Bogotano x 500g',	'T',	'',	1,	NULL,	NULL,	20.00000000,	50.00000000,	30.00000000,	'Estándar',	0.00000000,	0.00000000,	0.00000000,	0.00000000,	'',	NULL,	NULL,	'',	NULL,	'',	0,	0.00000000,	2,	0.00000000,	2,	0.00000000,	4,	2,	2,	2,	0.00000000,	0.00000000,	'NING',	NULL,	'S',	'admin',	'2012-07-10 09:48:20',	'admin',	'2012-07-10 09:48:20'),
('R590',	'Shampoo sedal x 200ml',	'T',	'',	1,	NULL,	NULL,	6.00000000,	30.00000000,	0.00000000,	'Estándar',	0.00000000,	0.00000000,	0.00000000,	0.00000000,	'',	NULL,	NULL,	'',	NULL,	'',	0,	0.00000000,	2,	0.00000000,	2,	0.00000000,	4,	2,	2,	2,	0.00000000,	0.00000000,	'NING',	NULL,	'S',	'admin',	'2012-07-10 09:48:20',	'admin',	'2012-07-10 09:48:20'),
('R591',	'Shampoo head shoulders x200ml',	'T',	'',	1,	NULL,	NULL,	6.00000000,	30.00000000,	0.00000000,	'Estándar',	0.00000000,	0.00000000,	0.00000000,	0.00000000,	'',	NULL,	NULL,	'',	NULL,	'',	0,	0.00000000,	2,	0.00000000,	2,	0.00000000,	4,	2,	2,	2,	0.00000000,	0.00000000,	'NING',	NULL,	'S',	'admin',	'2012-07-10 09:48:20',	'admin',	'2012-07-10 09:48:20'),
('R592',	'SHAMPOO PANTENE X 200ML',	'T',	'',	1,	NULL,	NULL,	6.00000000,	30.00000000,	0.00000000,	'Estándar',	0.00000000,	0.00000000,	0.00000000,	0.00000000,	'',	NULL,	NULL,	'',	NULL,	'',	0,	0.00000000,	2,	0.00000000,	2,	0.00000000,	4,	2,	2,	2,	0.00000000,	0.00000000,	'NING',	NULL,	'S',	'admin',	'2012-07-10 09:48:20',	'admin',	'2012-07-10 09:48:20'),
('R593',	'Aceite jonhson x 300ml',	'T',	'',	1,	NULL,	NULL,	6.00000000,	10.00000000,	0.00000000,	'Estándar',	0.00000000,	0.00000000,	0.00000000,	0.00000000,	'',	NULL,	NULL,	'',	NULL,	'',	0,	0.00000000,	2,	0.00000000,	2,	0.00000000,	4,	2,	2,	2,	0.00000000,	0.00000000,	'NING',	NULL,	'S',	'admin',	'2012-07-10 09:48:20',	'admin',	'2012-07-10 09:48:20'),
('R594',	'Aceite johnson x 100ml',	'T',	'',	1,	NULL,	NULL,	6.00000000,	15.00000000,	0.00000000,	'Estándar',	0.00000000,	0.00000000,	0.00000000,	0.00000000,	'',	NULL,	NULL,	'',	NULL,	'',	0,	0.00000000,	2,	0.00000000,	2,	0.00000000,	4,	2,	2,	2,	0.00000000,	0.00000000,	'NING',	NULL,	'S',	'admin',	'2012-07-10 09:48:20',	'admin',	'2012-07-10 09:48:20'),
('R595',	'Desodorante rolon speed stick x 50 ml',	'T',	'',	1,	NULL,	NULL,	6.00000000,	15.00000000,	0.00000000,	'Estándar',	0.00000000,	0.00000000,	0.00000000,	0.00000000,	'',	NULL,	NULL,	'',	NULL,	'',	0,	0.00000000,	2,	0.00000000,	2,	0.00000000,	4,	2,	2,	2,	0.00000000,	0.00000000,	'NING',	NULL,	'S',	'admin',	'2012-07-10 09:48:20',	'admin',	'2012-07-10 09:48:20'),
('R596',	'Desodorante speed stick  gel x 85g',	'T',	'',	1,	NULL,	NULL,	6.00000000,	15.00000000,	0.00000000,	'Estándar',	0.00000000,	0.00000000,	0.00000000,	0.00000000,	'',	NULL,	NULL,	'',	NULL,	'',	0,	0.00000000,	2,	0.00000000,	2,	0.00000000,	4,	2,	2,	2,	0.00000000,	0.00000000,	'NING',	NULL,	'S',	'admin',	'2012-07-10 09:48:20',	'admin',	'2012-07-10 09:48:20'),
('R597',	'Desodorante lady espeed sttick  rolon x30 ml',	'T',	'',	1,	NULL,	NULL,	6.00000000,	20.00000000,	0.00000000,	'Estándar',	0.00000000,	0.00000000,	0.00000000,	0.00000000,	'',	NULL,	NULL,	'',	NULL,	'',	0,	0.00000000,	2,	0.00000000,	2,	0.00000000,	4,	2,	2,	2,	0.00000000,	0.00000000,	'NING',	NULL,	'S',	'admin',	'2012-07-10 09:48:20',	'admin',	'2012-07-10 09:48:20'),
('R598',	'Desodorante lady esspeed stick x 20 g',	'T',	'',	1,	NULL,	NULL,	6.00000000,	20.00000000,	0.00000000,	'Estándar',	0.00000000,	0.00000000,	0.00000000,	0.00000000,	'',	NULL,	NULL,	'',	NULL,	'',	0,	0.00000000,	2,	0.00000000,	2,	0.00000000,	4,	2,	2,	2,	0.00000000,	0.00000000,	'NING',	NULL,	'S',	'admin',	'2012-07-10 09:48:20',	'admin',	'2012-07-10 09:48:20'),
('R599',	'Desodorante speed stick cool night x 20 g',	'T',	'',	1,	NULL,	NULL,	6.00000000,	20.00000000,	0.00000000,	'Estándar',	0.00000000,	0.00000000,	0.00000000,	0.00000000,	'',	NULL,	NULL,	'',	NULL,	'',	0,	0.00000000,	2,	0.00000000,	2,	0.00000000,	4,	2,	2,	2,	0.00000000,	0.00000000,	'NING',	NULL,	'S',	'admin',	'2012-07-10 09:48:20',	'admin',	'2012-07-10 09:48:20'),
('R60',	'Chocolate Corona x 500g ',	'T',	'',	1,	NULL,	NULL,	20.00000000,	50.00000000,	30.00000000,	'Estándar',	0.00000000,	0.00000000,	0.00000000,	0.00000000,	'',	NULL,	NULL,	'',	NULL,	'',	0,	0.00000000,	2,	0.00000000,	2,	0.00000000,	4,	2,	2,	2,	0.00000000,	0.00000000,	'NING',	NULL,	'S',	'admin',	'2012-07-10 09:48:20',	'admin',	'2012-07-10 09:48:20'),
('R600',	'Desodorante rolon yodora x 24g',	'T',	'',	1,	NULL,	NULL,	6.00000000,	20.00000000,	0.00000000,	'Estándar',	0.00000000,	0.00000000,	0.00000000,	0.00000000,	'',	NULL,	NULL,	'',	NULL,	'',	0,	0.00000000,	2,	0.00000000,	2,	0.00000000,	4,	2,	2,	2,	0.00000000,	0.00000000,	'NING',	NULL,	'S',	'admin',	'2012-07-10 09:48:20',	'admin',	'2012-07-10 09:48:20'),
('R601',	'Gel de afeitar x 25 g',	'T',	'',	1,	NULL,	NULL,	6.00000000,	15.00000000,	0.00000000,	'Estándar',	0.00000000,	0.00000000,	0.00000000,	0.00000000,	'',	NULL,	NULL,	'',	NULL,	'',	0,	0.00000000,	2,	0.00000000,	2,	0.00000000,	4,	2,	2,	2,	0.00000000,	0.00000000,	'NING',	NULL,	'S',	'admin',	'2012-07-10 09:48:20',	'admin',	'2012-07-10 09:48:20'),
('R602',	'Desodorante lady speed stick crema x 40 g',	'T',	'',	1,	NULL,	NULL,	6.00000000,	20.00000000,	0.00000000,	'Estándar',	0.00000000,	0.00000000,	0.00000000,	0.00000000,	'',	NULL,	NULL,	'',	NULL,	'',	0,	0.00000000,	2,	0.00000000,	2,	0.00000000,	4,	2,	2,	2,	0.00000000,	0.00000000,	'NING',	NULL,	'S',	'admin',	'2012-07-10 09:48:20',	'admin',	'2012-07-10 09:48:20'),
('R603',	'Listerine x 360ml',	'T',	'',	1,	NULL,	NULL,	6.00000000,	12.00000000,	0.00000000,	'Estándar',	0.00000000,	0.00000000,	0.00000000,	0.00000000,	'',	NULL,	NULL,	'',	NULL,	'',	0,	0.00000000,	2,	0.00000000,	2,	0.00000000,	4,	2,	2,	2,	0.00000000,	0.00000000,	'NING',	NULL,	'S',	'admin',	'2012-07-10 09:48:20',	'admin',	'2012-07-10 09:48:20'),
('R604',	'Listerine x 500ml',	'T',	'',	1,	NULL,	NULL,	6.00000000,	15.00000000,	0.00000000,	'Estándar',	0.00000000,	0.00000000,	0.00000000,	0.00000000,	'',	NULL,	NULL,	'',	NULL,	'',	0,	0.00000000,	2,	0.00000000,	2,	0.00000000,	4,	2,	2,	2,	0.00000000,	0.00000000,	'NING',	NULL,	'S',	'admin',	'2012-07-10 09:48:20',	'admin',	'2012-07-10 09:48:20'),
('R605',	'Listerine x180ml',	'T',	'',	1,	NULL,	NULL,	6.00000000,	15.00000000,	0.00000000,	'Estándar',	0.00000000,	0.00000000,	0.00000000,	0.00000000,	'',	NULL,	NULL,	'',	NULL,	'',	0,	0.00000000,	2,	0.00000000,	2,	0.00000000,	4,	2,	2,	2,	0.00000000,	0.00000000,	'NING',	NULL,	'S',	'admin',	'2012-07-10 09:48:20',	'admin',	'2012-07-10 09:48:20'),
('R606',	'Crema de peinar tarro x 300ml',	'T',	'',	1,	NULL,	NULL,	6.00000000,	20.00000000,	0.00000000,	'Estándar',	0.00000000,	0.00000000,	0.00000000,	0.00000000,	'',	NULL,	NULL,	'',	NULL,	'',	0,	0.00000000,	2,	0.00000000,	2,	0.00000000,	4,	2,	2,	2,	0.00000000,	0.00000000,	'NING',	NULL,	'S',	'admin',	'2012-07-10 09:48:20',	'admin',	'2012-07-10 09:48:20'),
('R607',	'Shampoo ego x 240ml',	'T',	'',	1,	NULL,	NULL,	6.00000000,	15.00000000,	0.00000000,	'Estándar',	0.00000000,	0.00000000,	0.00000000,	0.00000000,	'',	NULL,	NULL,	'',	NULL,	'',	0,	0.00000000,	2,	0.00000000,	2,	0.00000000,	4,	2,	2,	2,	0.00000000,	0.00000000,	'NING',	NULL,	'S',	'admin',	'2012-07-10 09:48:20',	'admin',	'2012-07-10 09:48:20'),
('R608',	'Talcos rexona x 100g',	'T',	'',	1,	NULL,	NULL,	6.00000000,	20.00000000,	0.00000000,	'Estándar',	0.00000000,	0.00000000,	0.00000000,	0.00000000,	'',	NULL,	NULL,	'',	NULL,	'',	0,	0.00000000,	2,	0.00000000,	2,	0.00000000,	4,	2,	2,	2,	0.00000000,	0.00000000,	'NING',	NULL,	'S',	'admin',	'2012-07-10 09:48:20',	'admin',	'2012-07-10 09:48:20'),
('R609',	'Talcos rexona x 200g',	'T',	'',	1,	NULL,	NULL,	6.00000000,	20.00000000,	0.00000000,	'Estándar',	0.00000000,	0.00000000,	0.00000000,	0.00000000,	'',	NULL,	NULL,	'',	NULL,	'',	0,	0.00000000,	2,	0.00000000,	2,	0.00000000,	4,	2,	2,	2,	0.00000000,	0.00000000,	'NING',	NULL,	'S',	'admin',	'2012-07-10 09:48:20',	'admin',	'2012-07-10 09:48:20'),
('R61',	'Chocolate Quesada x 500g',	'T',	'',	1,	NULL,	NULL,	20.00000000,	50.00000000,	30.00000000,	'Estándar',	0.00000000,	0.00000000,	0.00000000,	0.00000000,	'',	NULL,	NULL,	'',	NULL,	'',	0,	0.00000000,	2,	0.00000000,	2,	0.00000000,	4,	2,	2,	2,	0.00000000,	0.00000000,	'NING',	NULL,	'S',	'admin',	'2012-07-10 09:48:20',	'admin',	'2012-07-10 09:48:20'),
('R610',	'Talcos rexona x 60g',	'T',	'',	1,	NULL,	NULL,	6.00000000,	24.00000000,	0.00000000,	'Estándar',	0.00000000,	0.00000000,	0.00000000,	0.00000000,	'',	NULL,	NULL,	'',	NULL,	'',	0,	0.00000000,	2,	0.00000000,	2,	0.00000000,	4,	2,	2,	2,	0.00000000,	0.00000000,	'NING',	NULL,	'S',	'admin',	'2012-07-10 09:48:20',	'admin',	'2012-07-10 09:48:20'),
('R611',	'Talcos mexana pequeños ',	'T',	'',	1,	NULL,	NULL,	6.00000000,	24.00000000,	0.00000000,	'Estándar',	0.00000000,	0.00000000,	0.00000000,	0.00000000,	'',	NULL,	NULL,	'',	NULL,	'',	0,	0.00000000,	2,	0.00000000,	2,	0.00000000,	4,	2,	2,	2,	0.00000000,	0.00000000,	'NING',	NULL,	'S',	'admin',	'2012-07-10 09:48:20',	'admin',	'2012-07-10 09:48:20'),
('R612',	'Talcos yodora x 60g',	'T',	'',	1,	NULL,	NULL,	6.00000000,	24.00000000,	0.00000000,	'Estándar',	0.00000000,	0.00000000,	0.00000000,	0.00000000,	'',	NULL,	NULL,	'',	NULL,	'',	0,	0.00000000,	2,	0.00000000,	2,	0.00000000,	4,	2,	2,	2,	0.00000000,	0.00000000,	'NING',	NULL,	'S',	'admin',	'2012-07-10 09:48:20',	'admin',	'2012-07-10 09:48:20'),
('R613',	'Talcos yodora x 120g',	'T',	'',	1,	NULL,	NULL,	6.00000000,	24.00000000,	0.00000000,	'Estándar',	0.00000000,	0.00000000,	0.00000000,	0.00000000,	'',	NULL,	NULL,	'',	NULL,	'',	0,	0.00000000,	2,	0.00000000,	2,	0.00000000,	4,	2,	2,	2,	0.00000000,	0.00000000,	'NING',	NULL,	'S',	'admin',	'2012-07-10 09:48:20',	'admin',	'2012-07-10 09:48:20'),
('R614',	'Algodón grande x50g',	'T',	'',	1,	NULL,	NULL,	10.00000000,	30.00000000,	0.00000000,	'Estándar',	0.00000000,	0.00000000,	0.00000000,	0.00000000,	'',	NULL,	NULL,	'',	NULL,	'',	0,	0.00000000,	2,	0.00000000,	2,	0.00000000,	4,	2,	2,	2,	0.00000000,	0.00000000,	'NING',	NULL,	'S',	'admin',	'2012-07-10 09:48:20',	'admin',	'2012-07-10 09:48:20'),
('R615',	'Algodón pequeño x 25g',	'T',	'',	1,	NULL,	NULL,	10.00000000,	30.00000000,	0.00000000,	'Estándar',	0.00000000,	0.00000000,	0.00000000,	0.00000000,	'',	NULL,	NULL,	'',	NULL,	'',	0,	0.00000000,	2,	0.00000000,	2,	0.00000000,	4,	2,	2,	2,	0.00000000,	0.00000000,	'NING',	NULL,	'S',	'admin',	'2012-07-10 09:48:20',	'admin',	'2012-07-10 09:48:20'),
('R616',	'Repuesto glade de aceites x2',	'T',	'',	1,	NULL,	NULL,	4.00000000,	15.00000000,	0.00000000,	'Estándar',	0.00000000,	0.00000000,	0.00000000,	0.00000000,	'',	NULL,	NULL,	'',	NULL,	'',	0,	0.00000000,	2,	0.00000000,	2,	0.00000000,	4,	2,	2,	2,	0.00000000,	0.00000000,	'NING',	NULL,	'S',	'admin',	'2012-07-10 09:48:20',	'admin',	'2012-07-10 09:48:20'),
('R617',	'Glade eletrico  liquido',	'T',	'',	1,	NULL,	NULL,	4.00000000,	15.00000000,	0.00000000,	'Estándar',	0.00000000,	0.00000000,	0.00000000,	0.00000000,	'',	NULL,	NULL,	'',	NULL,	'',	0,	0.00000000,	2,	0.00000000,	2,	0.00000000,	4,	2,	2,	2,	0.00000000,	0.00000000,	'NING',	NULL,	'S',	'admin',	'2012-07-10 09:48:20',	'admin',	'2012-07-10 09:48:20'),
('R618',	'Prestobarba gillete max 3',	'T',	'',	1,	NULL,	NULL,	20.00000000,	120.00000000,	0.00000000,	'Estándar',	0.00000000,	0.00000000,	0.00000000,	0.00000000,	'',	NULL,	NULL,	'',	NULL,	'',	0,	0.00000000,	2,	0.00000000,	2,	0.00000000,	4,	2,	2,	2,	0.00000000,	0.00000000,	'NING',	NULL,	'S',	'admin',	'2012-07-10 09:48:20',	'admin',	'2012-07-10 09:48:20'),
('R619',	'Prestobaraba bic x 3',	'T',	'',	1,	NULL,	NULL,	20.00000000,	120.00000000,	0.00000000,	'Estándar',	0.00000000,	0.00000000,	0.00000000,	0.00000000,	'',	NULL,	NULL,	'',	NULL,	'',	0,	0.00000000,	2,	0.00000000,	2,	0.00000000,	4,	2,	2,	2,	0.00000000,	0.00000000,	'NING',	NULL,	'S',	'admin',	'2012-07-10 09:48:20',	'admin',	'2012-07-10 09:48:20'),
('R62',	'Chocoolate Tolimax x 500g ',	'T',	'',	1,	NULL,	NULL,	20.00000000,	50.00000000,	30.00000000,	'Estándar',	0.00000000,	0.00000000,	0.00000000,	0.00000000,	'',	NULL,	NULL,	'',	NULL,	'',	0,	0.00000000,	2,	0.00000000,	2,	0.00000000,	4,	2,	2,	2,	0.00000000,	0.00000000,	'NING',	NULL,	'S',	'admin',	'2012-07-10 09:48:20',	'admin',	'2012-07-10 09:48:20'),
('R620',	'Prestobaraba bic x 2',	'T',	'',	1,	NULL,	NULL,	20.00000000,	120.00000000,	0.00000000,	'Estándar',	0.00000000,	0.00000000,	0.00000000,	0.00000000,	'',	NULL,	NULL,	'',	NULL,	'',	0,	0.00000000,	2,	0.00000000,	2,	0.00000000,	4,	2,	2,	2,	0.00000000,	0.00000000,	'NING',	NULL,	'S',	'admin',	'2012-07-10 09:48:20',	'admin',	'2012-07-10 09:48:20'),
('R621',	'Javon palmolive x 110g',	'T',	'',	1,	NULL,	NULL,	20.00000000,	120.00000000,	0.00000000,	'Estándar',	0.00000000,	0.00000000,	0.00000000,	0.00000000,	'',	NULL,	NULL,	'',	NULL,	'',	0,	0.00000000,	2,	0.00000000,	2,	0.00000000,	4,	2,	2,	2,	0.00000000,	0.00000000,	'NING',	NULL,	'S',	'admin',	'2012-07-10 09:48:20',	'admin',	'2012-07-10 09:48:20'),
('R622',	'Javon protex x 130g',	'T',	'',	1,	NULL,	NULL,	20.00000000,	150.00000000,	0.00000000,	'Estándar',	0.00000000,	0.00000000,	0.00000000,	0.00000000,	'',	NULL,	NULL,	'',	NULL,	'',	0,	0.00000000,	2,	0.00000000,	2,	0.00000000,	4,	2,	2,	2,	0.00000000,	0.00000000,	'NING',	NULL,	'S',	'admin',	'2012-07-10 09:48:20',	'admin',	'2012-07-10 09:48:20'),
('R623',	'Javon lak x125g',	'T',	'',	1,	NULL,	NULL,	20.00000000,	120.00000000,	0.00000000,	'Estándar',	0.00000000,	0.00000000,	0.00000000,	0.00000000,	'',	NULL,	NULL,	'',	NULL,	'',	0,	0.00000000,	2,	0.00000000,	2,	0.00000000,	4,	2,	2,	2,	0.00000000,	0.00000000,	'NING',	NULL,	'S',	'admin',	'2012-07-10 09:48:20',	'admin',	'2012-07-10 09:48:20'),
('R624',	'Javon carey x125g',	'T',	'',	1,	NULL,	NULL,	20.00000000,	120.00000000,	0.00000000,	'Estándar',	0.00000000,	0.00000000,	0.00000000,	0.00000000,	'',	NULL,	NULL,	'',	NULL,	'',	0,	0.00000000,	2,	0.00000000,	2,	0.00000000,	4,	2,	2,	2,	0.00000000,	0.00000000,	'NING',	NULL,	'S',	'admin',	'2012-07-10 09:48:20',	'admin',	'2012-07-10 09:48:20'),
('R625',	'Crema colgate triple accion x 50ml',	'T',	'',	1,	NULL,	NULL,	20.00000000,	150.00000000,	0.00000000,	'Estándar',	0.00000000,	0.00000000,	0.00000000,	0.00000000,	'',	NULL,	NULL,	'',	NULL,	'',	0,	0.00000000,	2,	0.00000000,	2,	0.00000000,	4,	2,	2,	2,	0.00000000,	0.00000000,	'NING',	NULL,	'S',	'admin',	'2012-07-10 09:48:20',	'admin',	'2012-07-10 09:48:20'),
('R626',	'Crema colgate maxima proteccion x 50ml',	'T',	'',	1,	NULL,	NULL,	20.00000000,	150.00000000,	0.00000000,	'Estándar',	0.00000000,	0.00000000,	0.00000000,	0.00000000,	'',	NULL,	NULL,	'',	NULL,	'',	0,	0.00000000,	2,	0.00000000,	2,	0.00000000,	4,	2,	2,	2,	0.00000000,	0.00000000,	'NING',	NULL,	'S',	'admin',	'2012-07-10 09:48:20',	'admin',	'2012-07-10 09:48:20'),
('R627',	'Colgate triple accion x100ml',	'T',	'',	1,	NULL,	NULL,	20.00000000,	120.00000000,	0.00000000,	'Estándar',	0.00000000,	0.00000000,	0.00000000,	0.00000000,	'',	NULL,	NULL,	'',	NULL,	'',	0,	0.00000000,	2,	0.00000000,	2,	0.00000000,	4,	2,	2,	2,	0.00000000,	0.00000000,	'NING',	NULL,	'S',	'admin',	'2012-07-10 09:48:20',	'admin',	'2012-07-10 09:48:20'),
('R628',	'Colgate triple accion x 22ml',	'T',	'',	1,	NULL,	NULL,	20.00000000,	180.00000000,	0.00000000,	'Estándar',	0.00000000,	0.00000000,	0.00000000,	0.00000000,	'',	NULL,	NULL,	'',	NULL,	'',	0,	0.00000000,	2,	0.00000000,	2,	0.00000000,	4,	2,	2,	2,	0.00000000,	0.00000000,	'NING',	NULL,	'S',	'admin',	'2012-07-10 09:48:20',	'admin',	'2012-07-10 09:48:20'),
('R629',	'Cepillo de dientes colgate adulto ',	'T',	'',	1,	NULL,	NULL,	20.00000000,	100.00000000,	0.00000000,	'Estándar',	0.00000000,	0.00000000,	0.00000000,	0.00000000,	'',	NULL,	NULL,	'',	NULL,	'',	0,	0.00000000,	2,	0.00000000,	2,	0.00000000,	4,	2,	2,	2,	0.00000000,	0.00000000,	'NING',	NULL,	'S',	'admin',	'2012-07-10 09:48:20',	'admin',	'2012-07-10 09:48:20'),
('R63',	'Chocolate Diana x 500g ',	'T',	'',	1,	NULL,	NULL,	20.00000000,	50.00000000,	30.00000000,	'Estándar',	0.00000000,	0.00000000,	0.00000000,	0.00000000,	'',	NULL,	NULL,	'',	NULL,	'',	0,	0.00000000,	2,	0.00000000,	2,	0.00000000,	4,	2,	2,	2,	0.00000000,	0.00000000,	'NING',	NULL,	'S',	'admin',	'2012-07-10 09:48:20',	'admin',	'2012-07-10 09:48:20'),
('R630',	'Cepillo de dientes pro adulto',	'T',	'',	1,	NULL,	NULL,	20.00000000,	100.00000000,	0.00000000,	'Estándar',	0.00000000,	0.00000000,	0.00000000,	0.00000000,	'',	NULL,	NULL,	'',	NULL,	'',	0,	0.00000000,	2,	0.00000000,	2,	0.00000000,	4,	2,	2,	2,	0.00000000,	0.00000000,	'NING',	NULL,	'S',	'admin',	'2012-07-10 09:48:20',	'admin',	'2012-07-10 09:48:20'),
('R631',	'Cepillo de dientes niño colgate',	'T',	'',	1,	NULL,	NULL,	20.00000000,	100.00000000,	0.00000000,	'Estándar',	0.00000000,	0.00000000,	0.00000000,	0.00000000,	'',	NULL,	NULL,	'',	NULL,	'',	0,	0.00000000,	2,	0.00000000,	2,	0.00000000,	4,	2,	2,	2,	0.00000000,	0.00000000,	'NING',	NULL,	'S',	'admin',	'2012-07-10 09:48:20',	'admin',	'2012-07-10 09:48:20'),
('R632',	'Cepillo de diente fluocarde adulto',	'T',	'',	1,	NULL,	NULL,	20.00000000,	100.00000000,	0.00000000,	'Estándar',	0.00000000,	0.00000000,	0.00000000,	0.00000000,	'',	NULL,	NULL,	'',	NULL,	'',	0,	0.00000000,	2,	0.00000000,	2,	0.00000000,	4,	2,	2,	2,	0.00000000,	0.00000000,	'NING',	NULL,	'S',	'admin',	'2012-07-10 09:48:20',	'admin',	'2012-07-10 09:48:20'),
('R633',	'Javon jonsson x 125g',	'T',	'',	1,	NULL,	NULL,	20.00000000,	120.00000000,	0.00000000,	'Estándar',	0.00000000,	0.00000000,	0.00000000,	0.00000000,	'',	NULL,	NULL,	'',	NULL,	'',	0,	0.00000000,	2,	0.00000000,	2,	0.00000000,	4,	2,	2,	2,	0.00000000,	0.00000000,	'NING',	NULL,	'S',	'admin',	'2012-07-10 09:48:20',	'admin',	'2012-07-10 09:48:20'),
('R634',	'Pañuelos familia x 10',	'T',	'',	1,	NULL,	NULL,	20.00000000,	60.00000000,	0.00000000,	'Estándar',	0.00000000,	0.00000000,	0.00000000,	0.00000000,	'',	NULL,	NULL,	'',	NULL,	'',	0,	0.00000000,	2,	0.00000000,	2,	0.00000000,	4,	2,	2,	2,	0.00000000,	0.00000000,	'NING',	NULL,	'S',	'admin',	'2012-07-10 09:48:20',	'admin',	'2012-07-10 09:48:20'),
('R635',	'Pegante instantaneo x 5g',	'T',	'',	1,	NULL,	NULL,	20.00000000,	60.00000000,	0.00000000,	'Estándar',	0.00000000,	0.00000000,	0.00000000,	0.00000000,	'',	NULL,	NULL,	'',	NULL,	'',	0,	0.00000000,	2,	0.00000000,	2,	0.00000000,	4,	2,	2,	2,	0.00000000,	0.00000000,	'NING',	NULL,	'S',	'admin',	'2012-07-10 09:48:20',	'admin',	'2012-07-10 09:48:20'),
('R636',	'Copitos jonson x 50',	'T',	'',	1,	NULL,	NULL,	10.00000000,	20.00000000,	0.00000000,	'Estándar',	0.00000000,	0.00000000,	0.00000000,	0.00000000,	'',	NULL,	NULL,	'',	NULL,	'',	0,	0.00000000,	2,	0.00000000,	2,	0.00000000,	4,	2,	2,	2,	0.00000000,	0.00000000,	'NING',	NULL,	'S',	'admin',	'2012-07-10 09:48:20',	'admin',	'2012-07-10 09:48:20'),
('R637',	'Copitos jonsom x 100 ',	'T',	'',	1,	NULL,	NULL,	10.00000000,	20.00000000,	0.00000000,	'Estándar',	0.00000000,	0.00000000,	0.00000000,	0.00000000,	'',	NULL,	NULL,	'',	NULL,	'',	0,	0.00000000,	2,	0.00000000,	2,	0.00000000,	4,	2,	2,	2,	0.00000000,	0.00000000,	'NING',	NULL,	'S',	'admin',	'2012-07-10 09:48:20',	'admin',	'2012-07-10 09:48:20'),
('R638',	'Almendra grande x 135g',	'T',	'',	1,	NULL,	NULL,	3.00000000,	10.00000000,	0.00000000,	'Estándar',	0.00000000,	0.00000000,	0.00000000,	0.00000000,	'',	NULL,	NULL,	'',	NULL,	'',	0,	0.00000000,	2,	0.00000000,	2,	0.00000000,	4,	2,	2,	2,	0.00000000,	0.00000000,	'NING',	NULL,	'S',	'admin',	'2012-07-10 09:48:20',	'admin',	'2012-07-10 09:48:20'),
('R639',	'Almendra pequeña x 50g',	'T',	'',	1,	NULL,	NULL,	3.00000000,	15.00000000,	0.00000000,	'Estándar',	0.00000000,	0.00000000,	0.00000000,	0.00000000,	'',	NULL,	NULL,	'',	NULL,	'',	0,	0.00000000,	2,	0.00000000,	2,	0.00000000,	4,	2,	2,	2,	0.00000000,	0.00000000,	'NING',	NULL,	'S',	'admin',	'2012-07-10 09:48:20',	'admin',	'2012-07-10 09:48:20'),
('R64',	'Gelatina sin sabor x 30g',	'T',	'',	1,	NULL,	NULL,	20.00000000,	60.00000000,	30.00000000,	'Estándar',	0.00000000,	0.00000000,	0.00000000,	0.00000000,	'',	NULL,	NULL,	'',	NULL,	'',	0,	0.00000000,	2,	0.00000000,	2,	0.00000000,	4,	2,	2,	2,	0.00000000,	0.00000000,	'NING',	NULL,	'S',	'admin',	'2012-07-10 09:48:20',	'admin',	'2012-07-10 09:48:20'),
('R640',	'Chocolatina jumbo mani',	'T',	'',	1,	NULL,	NULL,	10.00000000,	40.00000000,	0.00000000,	'Estándar',	0.00000000,	0.00000000,	0.00000000,	0.00000000,	'',	NULL,	NULL,	'',	NULL,	'',	0,	0.00000000,	2,	0.00000000,	2,	0.00000000,	4,	2,	2,	2,	0.00000000,	0.00000000,	'NING',	NULL,	'S',	'admin',	'2012-07-10 09:48:20',	'admin',	'2012-07-10 09:48:20'),
('R641',	'Chocolatina con relleno caja pequeña',	'T',	'',	1,	NULL,	NULL,	10.00000000,	30.00000000,	0.00000000,	'Estándar',	0.00000000,	0.00000000,	0.00000000,	0.00000000,	'',	NULL,	NULL,	'',	NULL,	'',	0,	0.00000000,	2,	0.00000000,	2,	0.00000000,	4,	2,	2,	2,	0.00000000,	0.00000000,	'NING',	NULL,	'S',	'admin',	'2012-07-10 09:48:20',	'admin',	'2012-07-10 09:48:20'),
('R642',	'Chocolate relleno caja grande',	'T',	'',	1,	NULL,	NULL,	10.00000000,	30.00000000,	0.00000000,	'Estándar',	0.00000000,	0.00000000,	0.00000000,	0.00000000,	'',	NULL,	NULL,	'',	NULL,	'',	0,	0.00000000,	2,	0.00000000,	2,	0.00000000,	4,	2,	2,	2,	0.00000000,	0.00000000,	'NING',	NULL,	'S',	'admin',	'2012-07-10 09:48:20',	'admin',	'2012-07-10 09:48:20'),
('R643',	'Chocolatina mini jumbo ',	'T',	'',	1,	NULL,	NULL,	10.00000000,	40.00000000,	0.00000000,	'Estándar',	0.00000000,	0.00000000,	0.00000000,	0.00000000,	'',	NULL,	NULL,	'',	NULL,	'',	0,	0.00000000,	2,	0.00000000,	2,	0.00000000,	4,	2,	2,	2,	0.00000000,	0.00000000,	'NING',	NULL,	'S',	'admin',	'2012-07-10 09:48:20',	'admin',	'2012-07-10 09:48:20'),
('R644',	'Javon liquido de manos protex',	'T',	'',	1,	NULL,	NULL,	4.00000000,	12.00000000,	0.00000000,	'Estándar',	0.00000000,	0.00000000,	0.00000000,	0.00000000,	'',	NULL,	NULL,	'',	NULL,	'',	0,	0.00000000,	2,	0.00000000,	2,	0.00000000,	4,	2,	2,	2,	0.00000000,	0.00000000,	'NING',	NULL,	'S',	'admin',	'2012-07-10 09:48:20',	'admin',	'2012-07-10 09:48:20'),
('R645',	'Emulsion de scott x 360ml',	'T',	'',	1,	NULL,	NULL,	4.00000000,	10.00000000,	0.00000000,	'Estándar',	0.00000000,	0.00000000,	0.00000000,	0.00000000,	'',	NULL,	NULL,	'',	NULL,	'',	0,	0.00000000,	2,	0.00000000,	2,	0.00000000,	4,	2,	2,	2,	0.00000000,	0.00000000,	'NING',	NULL,	'S',	'admin',	'2012-07-10 09:48:20',	'admin',	'2012-07-10 09:48:20'),
('R646',	'Emulcion de escoott x180 ml',	'T',	'',	1,	NULL,	NULL,	4.00000000,	12.00000000,	0.00000000,	'Estándar',	0.00000000,	0.00000000,	0.00000000,	0.00000000,	'',	NULL,	NULL,	'',	NULL,	'',	0,	0.00000000,	2,	0.00000000,	2,	0.00000000,	4,	2,	2,	2,	0.00000000,	0.00000000,	'NING',	NULL,	'S',	'admin',	'2012-07-10 09:48:20',	'admin',	'2012-07-10 09:48:20'),
('R647',	'Yodora cajita x 25 g',	'T',	'',	1,	NULL,	NULL,	10.00000000,	20.00000000,	0.00000000,	'Estándar',	0.00000000,	0.00000000,	0.00000000,	0.00000000,	'',	NULL,	NULL,	'',	NULL,	'',	0,	0.00000000,	2,	0.00000000,	2,	0.00000000,	4,	2,	2,	2,	0.00000000,	0.00000000,	'NING',	NULL,	'S',	'admin',	'2012-07-10 09:48:20',	'admin',	'2012-07-10 09:48:20'),
('R648',	'Yodora cajita x 12g',	'T',	'',	1,	NULL,	NULL,	10.00000000,	30.00000000,	0.00000000,	'Estándar',	0.00000000,	0.00000000,	0.00000000,	0.00000000,	'',	NULL,	NULL,	'',	NULL,	'',	0,	0.00000000,	2,	0.00000000,	2,	0.00000000,	4,	2,	2,	2,	0.00000000,	0.00000000,	'NING',	NULL,	'S',	'admin',	'2012-07-10 09:48:20',	'admin',	'2012-07-10 09:48:20'),
('R649',	'Gel ego papeleta ',	'T',	'',	1,	NULL,	NULL,	10.00000000,	50.00000000,	0.00000000,	'Estándar',	0.00000000,	0.00000000,	0.00000000,	0.00000000,	'',	NULL,	NULL,	'',	NULL,	'',	0,	0.00000000,	2,	0.00000000,	2,	0.00000000,	4,	2,	2,	2,	0.00000000,	0.00000000,	'NING',	NULL,	'S',	'admin',	'2012-07-10 09:48:20',	'admin',	'2012-07-10 09:48:20'),
('R65',	'Gelatina Gerhada x85g',	'T',	'',	1,	NULL,	NULL,	20.00000000,	100.00000000,	30.00000000,	'Estándar',	0.00000000,	0.00000000,	0.00000000,	0.00000000,	'',	NULL,	NULL,	'',	NULL,	'',	0,	0.00000000,	2,	0.00000000,	2,	0.00000000,	4,	2,	2,	2,	0.00000000,	0.00000000,	'NING',	NULL,	'S',	'admin',	'2012-07-10 09:48:20',	'admin',	'2012-07-10 09:48:20'),
('R650',	'Pañuelos kleemex caja ',	'T',	'',	1,	NULL,	NULL,	6.00000000,	15.00000000,	0.00000000,	'Estándar',	0.00000000,	0.00000000,	0.00000000,	0.00000000,	'',	NULL,	NULL,	'',	NULL,	'',	0,	0.00000000,	2,	0.00000000,	2,	0.00000000,	4,	2,	2,	2,	0.00000000,	0.00000000,	'NING',	NULL,	'S',	'admin',	'2012-07-10 09:48:20',	'admin',	'2012-07-10 09:48:20'),
('R651',	'Suero oral enterolite x 400ml',	'T',	'',	1,	NULL,	NULL,	6.00000000,	20.00000000,	0.00000000,	'Estándar',	0.00000000,	0.00000000,	0.00000000,	0.00000000,	'',	NULL,	NULL,	'',	NULL,	'',	0,	0.00000000,	2,	0.00000000,	2,	0.00000000,	4,	2,	2,	2,	0.00000000,	0.00000000,	'NING',	NULL,	'S',	'admin',	'2012-07-10 09:48:20',	'admin',	'2012-07-10 09:48:20'),
('R652',	'Tampones nosotras x 10',	'T',	'',	1,	NULL,	NULL,	6.00000000,	15.00000000,	0.00000000,	'Estándar',	0.00000000,	0.00000000,	0.00000000,	0.00000000,	'',	NULL,	NULL,	'',	NULL,	'',	0,	0.00000000,	2,	0.00000000,	2,	0.00000000,	4,	2,	2,	2,	0.00000000,	0.00000000,	'NING',	NULL,	'S',	'admin',	'2012-07-10 09:48:20',	'admin',	'2012-07-10 09:48:20'),
('R653',	'Leche de magnesia X120ml',	'T',	'',	1,	NULL,	NULL,	6.00000000,	15.00000000,	0.00000000,	'Estándar',	0.00000000,	0.00000000,	0.00000000,	0.00000000,	'',	NULL,	NULL,	'',	NULL,	'',	0,	0.00000000,	2,	0.00000000,	2,	0.00000000,	4,	2,	2,	2,	0.00000000,	0.00000000,	'NING',	NULL,	'S',	'admin',	'2012-07-10 09:48:20',	'admin',	'2012-07-10 09:48:20'),
('R654',	'cinta ancha ',	'T',	'',	1,	NULL,	NULL,	6.00000000,	20.00000000,	0.00000000,	'Estándar',	0.00000000,	0.00000000,	0.00000000,	0.00000000,	'',	NULL,	NULL,	'',	NULL,	'',	0,	0.00000000,	2,	0.00000000,	2,	0.00000000,	4,	2,	2,	2,	0.00000000,	0.00000000,	'NING',	NULL,	'S',	'admin',	'2012-07-10 09:48:20',	'admin',	'2012-07-10 09:48:20'),
('R655',	'Gel ego tarro x 120ml',	'T',	'',	1,	NULL,	NULL,	6.00000000,	15.00000000,	0.00000000,	'Estándar',	0.00000000,	0.00000000,	0.00000000,	0.00000000,	'',	NULL,	NULL,	'',	NULL,	'',	0,	0.00000000,	2,	0.00000000,	2,	0.00000000,	4,	2,	2,	2,	0.00000000,	0.00000000,	'NING',	NULL,	'S',	'admin',	'2012-07-10 09:48:20',	'admin',	'2012-07-10 09:48:20'),
('R656',	'Grifii liquido x 60 cm',	'T',	'',	1,	NULL,	NULL,	6.00000000,	15.00000000,	0.00000000,	'Estándar',	0.00000000,	0.00000000,	0.00000000,	0.00000000,	'',	NULL,	NULL,	'',	NULL,	'',	0,	0.00000000,	2,	0.00000000,	2,	0.00000000,	4,	2,	2,	2,	0.00000000,	0.00000000,	'NING',	NULL,	'S',	'admin',	'2012-07-10 09:48:20',	'admin',	'2012-07-10 09:48:20'),
('R657',	'Betun liquido negro x 60 cm',	'T',	'',	1,	NULL,	NULL,	6.00000000,	15.00000000,	0.00000000,	'Estándar',	0.00000000,	0.00000000,	0.00000000,	0.00000000,	'',	NULL,	NULL,	'',	NULL,	'',	0,	0.00000000,	2,	0.00000000,	2,	0.00000000,	4,	2,	2,	2,	0.00000000,	0.00000000,	'NING',	NULL,	'S',	'admin',	'2012-07-10 09:48:20',	'admin',	'2012-07-10 09:48:20'),
('R658',	'Betun VIRGINIA  caja pequeña x 17 ml',	'T',	'',	1,	NULL,	NULL,	6.00000000,	60.00000000,	0.00000000,	'Estándar',	0.00000000,	0.00000000,	0.00000000,	0.00000000,	'',	NULL,	NULL,	'',	NULL,	'',	0,	0.00000000,	2,	0.00000000,	2,	0.00000000,	4,	2,	2,	2,	0.00000000,	0.00000000,	'NING',	NULL,	'S',	'admin',	'2012-07-10 09:48:20',	'admin',	'2012-07-10 09:48:20'),
('R659',	'Betun bowy caja pequeña x 15 g',	'T',	'',	1,	NULL,	NULL,	10.00000000,	60.00000000,	0.00000000,	'Estándar',	0.00000000,	0.00000000,	0.00000000,	0.00000000,	'',	NULL,	NULL,	'',	NULL,	'',	0,	0.00000000,	2,	0.00000000,	2,	0.00000000,	4,	2,	2,	2,	0.00000000,	0.00000000,	'NING',	NULL,	'S',	'admin',	'2012-07-10 09:48:20',	'admin',	'2012-07-10 09:48:20'),
('R66',	'Gelatina Gelaki x85g ',	'T',	'',	1,	NULL,	NULL,	20.00000000,	100.00000000,	30.00000000,	'Estándar',	0.00000000,	0.00000000,	0.00000000,	0.00000000,	'',	NULL,	NULL,	'',	NULL,	'',	0,	0.00000000,	2,	0.00000000,	2,	0.00000000,	4,	2,	2,	2,	0.00000000,	0.00000000,	'NING',	NULL,	'S',	'admin',	'2012-07-10 09:48:20',	'admin',	'2012-07-10 09:48:20'),
('R660',	'Betun virginia x 40ml',	'T',	'',	1,	NULL,	NULL,	10.00000000,	60.00000000,	0.00000000,	'Estándar',	0.00000000,	0.00000000,	0.00000000,	0.00000000,	'',	NULL,	NULL,	'',	NULL,	'',	0,	0.00000000,	2,	0.00000000,	2,	0.00000000,	4,	2,	2,	2,	0.00000000,	0.00000000,	'NING',	NULL,	'S',	'admin',	'2012-07-10 09:48:20',	'admin',	'2012-07-10 09:48:20'),
('R661',	'Condones mystic x 3',	'T',	'',	1,	NULL,	NULL,	10.00000000,	80.00000000,	0.00000000,	'Estándar',	0.00000000,	0.00000000,	0.00000000,	0.00000000,	'',	NULL,	NULL,	'',	NULL,	'',	0,	0.00000000,	2,	0.00000000,	2,	0.00000000,	4,	2,	2,	2,	0.00000000,	0.00000000,	'NING',	NULL,	'S',	'admin',	'2012-07-10 09:48:20',	'admin',	'2012-07-10 09:48:20'),
('R662',	'Condones today ',	'T',	'',	1,	NULL,	NULL,	10.00000000,	100.00000000,	0.00000000,	'Estándar',	0.00000000,	0.00000000,	0.00000000,	0.00000000,	'',	NULL,	NULL,	'',	NULL,	'',	0,	0.00000000,	2,	0.00000000,	2,	0.00000000,	4,	2,	2,	2,	0.00000000,	0.00000000,	'NING',	NULL,	'S',	'admin',	'2012-07-10 09:48:20',	'admin',	'2012-07-10 09:48:20'),
('R663',	'Yodora tarro x 32 g',	'T',	'',	1,	NULL,	NULL,	10.00000000,	20.00000000,	0.00000000,	'Estándar',	0.00000000,	0.00000000,	0.00000000,	0.00000000,	'',	NULL,	NULL,	'',	NULL,	'',	0,	0.00000000,	2,	0.00000000,	2,	0.00000000,	4,	2,	2,	2,	0.00000000,	0.00000000,	'NING',	NULL,	'S',	'admin',	'2012-07-10 09:48:20',	'admin',	'2012-07-10 09:48:20'),
('R664',	'Javon desodorante para el perro x 90 g',	'T',	'',	1,	NULL,	NULL,	10.00000000,	25.00000000,	0.00000000,	'Estándar',	0.00000000,	0.00000000,	0.00000000,	0.00000000,	'',	NULL,	NULL,	'',	NULL,	'',	0,	0.00000000,	2,	0.00000000,	2,	0.00000000,	4,	2,	2,	2,	0.00000000,	0.00000000,	'NING',	NULL,	'S',	'admin',	'2012-07-10 09:48:20',	'admin',	'2012-07-10 09:48:20'),
('R665',	'Javon insectisida para el perro x 90g ',	'T',	'',	1,	NULL,	NULL,	10.00000000,	25.00000000,	0.00000000,	'Estándar',	0.00000000,	0.00000000,	0.00000000,	0.00000000,	'',	NULL,	NULL,	'',	NULL,	'',	0,	0.00000000,	2,	0.00000000,	2,	0.00000000,	4,	2,	2,	2,	0.00000000,	0.00000000,	'NING',	NULL,	'S',	'admin',	'2012-07-10 09:48:20',	'admin',	'2012-07-10 09:48:20'),
('R666',	'Cepillo de niños fluocarde ',	'T',	'',	1,	NULL,	NULL,	10.00000000,	100.00000000,	0.00000000,	'Estándar',	0.00000000,	0.00000000,	0.00000000,	0.00000000,	'',	NULL,	NULL,	'',	NULL,	'',	0,	0.00000000,	2,	0.00000000,	2,	0.00000000,	4,	2,	2,	2,	0.00000000,	0.00000000,	'NING',	NULL,	'S',	'admin',	'2012-07-10 09:48:20',	'admin',	'2012-07-10 09:48:20'),
('R667',	'Caucho para la olla precion ',	'T',	'',	1,	NULL,	NULL,	10.00000000,	50.00000000,	0.00000000,	'Estándar',	0.00000000,	0.00000000,	0.00000000,	0.00000000,	'',	NULL,	NULL,	'',	NULL,	'',	0,	0.00000000,	2,	0.00000000,	2,	0.00000000,	4,	2,	2,	2,	0.00000000,	0.00000000,	'NING',	NULL,	'S',	'admin',	'2012-07-10 09:48:20',	'admin',	'2012-07-10 09:48:20'),
('R668',	'Ambientador glade gel ',	'T',	'',	1,	NULL,	NULL,	10.00000000,	60.00000000,	0.00000000,	'Estándar',	0.00000000,	0.00000000,	0.00000000,	0.00000000,	'',	NULL,	NULL,	'',	NULL,	'',	0,	0.00000000,	2,	0.00000000,	2,	0.00000000,	4,	2,	2,	2,	0.00000000,	0.00000000,	'NING',	NULL,	'S',	'admin',	'2012-07-10 09:48:20',	'admin',	'2012-07-10 09:48:20'),
('R669',	'Cuchilla dorca caja x 4',	'T',	'',	1,	NULL,	NULL,	10.00000000,	60.00000000,	0.00000000,	'Estándar',	0.00000000,	0.00000000,	0.00000000,	0.00000000,	'',	NULL,	NULL,	'',	NULL,	'',	0,	0.00000000,	2,	0.00000000,	2,	0.00000000,	4,	2,	2,	2,	0.00000000,	0.00000000,	'NING',	NULL,	'S',	'admin',	'2012-07-10 09:48:20',	'admin',	'2012-07-10 09:48:20'),
('R67',	'Mayonesa la constancia x 90g',	'T',	'',	1,	NULL,	NULL,	30.00000000,	70.00000000,	40.00000000,	'Estándar',	0.00000000,	0.00000000,	0.00000000,	0.00000000,	'',	NULL,	NULL,	'',	NULL,	'',	0,	0.00000000,	2,	0.00000000,	2,	0.00000000,	4,	2,	2,	2,	0.00000000,	0.00000000,	'NING',	NULL,	'S',	'admin',	'2012-07-10 09:48:20',	'admin',	'2012-07-10 09:48:20'),
('R670',	'Pila durasel triple A',	'T',	'',	1,	NULL,	NULL,	10.00000000,	60.00000000,	0.00000000,	'Estándar',	0.00000000,	0.00000000,	0.00000000,	0.00000000,	'',	NULL,	NULL,	'',	NULL,	'',	0,	0.00000000,	2,	0.00000000,	2,	0.00000000,	4,	2,	2,	2,	0.00000000,	0.00000000,	'NING',	NULL,	'S',	'admin',	'2012-07-10 09:48:20',	'admin',	'2012-07-10 09:48:20'),
('R671',	'Pila duracel doble A ',	'T',	'',	1,	NULL,	NULL,	10.00000000,	60.00000000,	0.00000000,	'Estándar',	0.00000000,	0.00000000,	0.00000000,	0.00000000,	'',	NULL,	NULL,	'',	NULL,	'',	0,	0.00000000,	2,	0.00000000,	2,	0.00000000,	4,	2,	2,	2,	0.00000000,	0.00000000,	'NING',	NULL,	'S',	'admin',	'2012-07-10 09:48:20',	'admin',	'2012-07-10 09:48:20'),
('R672',	'Pila barta doble A ',	'T',	'',	1,	NULL,	NULL,	10.00000000,	80.00000000,	0.00000000,	'Estándar',	0.00000000,	0.00000000,	0.00000000,	0.00000000,	'',	NULL,	NULL,	'',	NULL,	'',	0,	0.00000000,	2,	0.00000000,	2,	0.00000000,	4,	2,	2,	2,	0.00000000,	0.00000000,	'NING',	NULL,	'S',	'admin',	'2012-07-10 09:48:20',	'admin',	'2012-07-10 09:48:20'),
('R673',	'Pila grande  barta',	'T',	'',	1,	NULL,	NULL,	10.00000000,	80.00000000,	0.00000000,	'Estándar',	0.00000000,	0.00000000,	0.00000000,	0.00000000,	'',	NULL,	NULL,	'',	NULL,	'',	0,	0.00000000,	2,	0.00000000,	2,	0.00000000,	4,	2,	2,	2,	0.00000000,	0.00000000,	'NING',	NULL,	'S',	'admin',	'2012-07-10 09:48:20',	'admin',	'2012-07-10 09:48:20'),
('R674',	'Shampoo sobre  ',	'T',	'',	1,	NULL,	NULL,	50.00000000,	300.00000000,	0.00000000,	'Estándar',	0.00000000,	0.00000000,	0.00000000,	0.00000000,	'',	NULL,	NULL,	'',	NULL,	'',	0,	0.00000000,	2,	0.00000000,	2,	0.00000000,	4,	2,	2,	2,	0.00000000,	0.00000000,	'NING',	NULL,	'S',	'admin',	'2012-07-10 09:48:20',	'admin',	'2012-07-10 09:48:20'),
('R675',	'Desodorante sobre',	'T',	'',	1,	NULL,	NULL,	50.00000000,	300.00000000,	0.00000000,	'Estándar',	0.00000000,	0.00000000,	0.00000000,	0.00000000,	'',	NULL,	NULL,	'',	NULL,	'',	0,	0.00000000,	2,	0.00000000,	2,	0.00000000,	4,	2,	2,	2,	0.00000000,	0.00000000,	'NING',	NULL,	'S',	'admin',	'2012-07-10 09:48:20',	'admin',	'2012-07-10 09:48:20'),
('R676',	'Pitillo domingo x 100',	'T',	'',	1,	NULL,	NULL,	20.00000000,	100.00000000,	0.00000000,	'Estándar',	0.00000000,	0.00000000,	0.00000000,	0.00000000,	'',	NULL,	NULL,	'',	NULL,	'',	0,	0.00000000,	2,	0.00000000,	2,	0.00000000,	4,	2,	2,	2,	0.00000000,	0.00000000,	'NING',	NULL,	'S',	'admin',	'2012-07-10 09:48:20',	'admin',	'2012-07-10 09:48:20'),
('R677',	'Copa aguardientera x 50',	'T',	'',	1,	NULL,	NULL,	20.00000000,	100.00000000,	0.00000000,	'Estándar',	0.00000000,	0.00000000,	0.00000000,	0.00000000,	'',	NULL,	NULL,	'',	NULL,	'',	0,	0.00000000,	2,	0.00000000,	2,	0.00000000,	4,	2,	2,	2,	0.00000000,	0.00000000,	'NING',	NULL,	'S',	'admin',	'2012-07-10 09:48:20',	'admin',	'2012-07-10 09:48:20'),
('R678',	'Palos de helados x 100',	'T',	'',	1,	NULL,	NULL,	20.00000000,	100.00000000,	0.00000000,	'Estándar',	0.00000000,	0.00000000,	0.00000000,	0.00000000,	'',	NULL,	NULL,	'',	NULL,	'',	0,	0.00000000,	2,	0.00000000,	2,	0.00000000,	4,	2,	2,	2,	0.00000000,	0.00000000,	'NING',	NULL,	'S',	'admin',	'2012-07-10 09:48:20',	'admin',	'2012-07-10 09:48:20'),
('R679',	'Palos de pincho',	'T',	'',	1,	NULL,	NULL,	20.00000000,	100.00000000,	0.00000000,	'Estándar',	0.00000000,	0.00000000,	0.00000000,	0.00000000,	'',	NULL,	NULL,	'',	NULL,	'',	0,	0.00000000,	2,	0.00000000,	2,	0.00000000,	4,	2,	2,	2,	0.00000000,	0.00000000,	'NING',	NULL,	'S',	'admin',	'2012-07-10 09:48:20',	'admin',	'2012-07-10 09:48:20'),
('R68',	'Salsa de Tomate la constancia x 90g',	'T',	'',	1,	NULL,	NULL,	30.00000000,	70.00000000,	40.00000000,	'Estándar',	0.00000000,	0.00000000,	0.00000000,	0.00000000,	'',	NULL,	NULL,	'',	NULL,	'',	0,	0.00000000,	2,	0.00000000,	2,	0.00000000,	4,	2,	2,	2,	0.00000000,	0.00000000,	'NING',	NULL,	'S',	'admin',	'2012-07-10 09:48:20',	'admin',	'2012-07-10 09:48:20'),
('R680',	'Cepillo de la ropa plancha',	'T',	'',	1,	NULL,	NULL,	8.00000000,	20.00000000,	0.00000000,	'Estándar',	0.00000000,	0.00000000,	0.00000000,	0.00000000,	'',	NULL,	NULL,	'',	NULL,	'',	0,	0.00000000,	2,	0.00000000,	2,	0.00000000,	4,	2,	2,	2,	0.00000000,	0.00000000,	'NING',	NULL,	'S',	'admin',	'2012-07-10 09:48:20',	'admin',	'2012-07-10 09:48:20'),
('R681',	'Cepillo plano de ropa ',	'T',	'',	1,	NULL,	NULL,	8.00000000,	20.00000000,	0.00000000,	'Estándar',	0.00000000,	0.00000000,	0.00000000,	0.00000000,	'',	NULL,	NULL,	'',	NULL,	'',	0,	0.00000000,	2,	0.00000000,	2,	0.00000000,	4,	2,	2,	2,	0.00000000,	0.00000000,	'NING',	NULL,	'S',	'admin',	'2012-07-10 09:48:20',	'admin',	'2012-07-10 09:48:20'),
('R682',	'Tetero baby jonson ',	'T',	'',	1,	NULL,	NULL,	10.00000000,	40.00000000,	0.00000000,	'Estándar',	0.00000000,	0.00000000,	0.00000000,	0.00000000,	'',	NULL,	NULL,	'',	NULL,	'',	0,	0.00000000,	2,	0.00000000,	2,	0.00000000,	4,	2,	2,	2,	0.00000000,	0.00000000,	'NING',	NULL,	'S',	'admin',	'2012-07-10 09:48:20',	'admin',	'2012-07-10 09:48:20'),
('R683',	'Biberon curva',	'T',	'',	1,	NULL,	NULL,	10.00000000,	40.00000000,	0.00000000,	'Estándar',	0.00000000,	0.00000000,	0.00000000,	0.00000000,	'',	NULL,	NULL,	'',	NULL,	'',	0,	0.00000000,	2,	0.00000000,	2,	0.00000000,	4,	2,	2,	2,	0.00000000,	0.00000000,	'NING',	NULL,	'S',	'admin',	'2012-07-10 09:48:20',	'admin',	'2012-07-10 09:48:20'),
('R684',	'Ega x 40g',	'T',	'',	1,	NULL,	NULL,	10.00000000,	30.00000000,	0.00000000,	'Estándar',	0.00000000,	0.00000000,	0.00000000,	0.00000000,	'',	NULL,	NULL,	'',	NULL,	'',	0,	0.00000000,	2,	0.00000000,	2,	0.00000000,	4,	2,	2,	2,	0.00000000,	0.00000000,	'NING',	NULL,	'S',	'admin',	'2012-07-10 09:48:20',	'admin',	'2012-07-10 09:48:20'),
('R685',	'Lapisero kilometrico',	'T',	'',	1,	NULL,	NULL,	10.00000000,	100.00000000,	0.00000000,	'Estándar',	0.00000000,	0.00000000,	0.00000000,	0.00000000,	'',	NULL,	NULL,	'',	NULL,	'',	0,	0.00000000,	2,	0.00000000,	2,	0.00000000,	4,	2,	2,	2,	0.00000000,	0.00000000,	'NING',	NULL,	'S',	'admin',	'2012-07-10 09:48:20',	'admin',	'2012-07-10 09:48:20'),
('R686',	'Lapiz mirado',	'T',	'',	1,	NULL,	NULL,	20.00000000,	100.00000000,	0.00000000,	'Estándar',	0.00000000,	0.00000000,	0.00000000,	0.00000000,	'',	NULL,	NULL,	'',	NULL,	'',	0,	0.00000000,	2,	0.00000000,	2,	0.00000000,	4,	2,	2,	2,	0.00000000,	0.00000000,	'NING',	NULL,	'S',	'admin',	'2012-07-10 09:48:20',	'admin',	'2012-07-10 09:48:20'),
('R687',	'Borraor  nata pequeño',	'T',	'',	1,	NULL,	NULL,	20.00000000,	80.00000000,	0.00000000,	'Estándar',	0.00000000,	0.00000000,	0.00000000,	0.00000000,	'',	NULL,	NULL,	'',	NULL,	'',	0,	0.00000000,	2,	0.00000000,	2,	0.00000000,	4,	2,	2,	2,	0.00000000,	0.00000000,	'NING',	NULL,	'S',	'admin',	'2012-07-10 09:48:20',	'admin',	'2012-07-10 09:48:20'),
('R688',	'Marcador permanente ',	'T',	'',	1,	NULL,	NULL,	20.00000000,	80.00000000,	0.00000000,	'Estándar',	0.00000000,	0.00000000,	0.00000000,	0.00000000,	'',	NULL,	NULL,	'',	NULL,	'',	0,	0.00000000,	2,	0.00000000,	2,	0.00000000,	4,	2,	2,	2,	0.00000000,	0.00000000,	'NING',	NULL,	'S',	'admin',	'2012-07-10 09:48:20',	'admin',	'2012-07-10 09:48:20'),
('R689',	'Marcador borrable',	'T',	'',	1,	NULL,	NULL,	20.00000000,	80.00000000,	0.00000000,	'Estándar',	0.00000000,	0.00000000,	0.00000000,	0.00000000,	'',	NULL,	NULL,	'',	NULL,	'',	0,	0.00000000,	2,	0.00000000,	2,	0.00000000,	4,	2,	2,	2,	0.00000000,	0.00000000,	'NING',	NULL,	'S',	'admin',	'2012-07-10 09:48:20',	'admin',	'2012-07-10 09:48:20'),
('R69',	'Salsa rosada la constancia x 90g',	'T',	'',	1,	NULL,	NULL,	30.00000000,	70.00000000,	40.00000000,	'Estándar',	0.00000000,	0.00000000,	0.00000000,	0.00000000,	'',	NULL,	NULL,	'',	NULL,	'',	0,	0.00000000,	2,	0.00000000,	2,	0.00000000,	4,	2,	2,	2,	0.00000000,	0.00000000,	'NING',	NULL,	'S',	'admin',	'2012-07-10 09:48:20',	'admin',	'2012-07-10 09:48:20'),
('R690',	'Regla',	'T',	'',	1,	NULL,	NULL,	20.00000000,	50.00000000,	0.00000000,	'Estándar',	0.00000000,	0.00000000,	0.00000000,	0.00000000,	'',	NULL,	NULL,	'',	NULL,	'',	0,	0.00000000,	2,	0.00000000,	2,	0.00000000,	4,	2,	2,	2,	0.00000000,	0.00000000,	'NING',	NULL,	'S',	'admin',	'2012-07-10 09:48:20',	'admin',	'2012-07-10 09:48:20'),
('R691',	'Resaltadores',	'T',	'',	1,	NULL,	NULL,	20.00000000,	50.00000000,	0.00000000,	'Estándar',	0.00000000,	0.00000000,	0.00000000,	0.00000000,	'',	NULL,	NULL,	'',	NULL,	'',	0,	0.00000000,	2,	0.00000000,	2,	0.00000000,	4,	2,	2,	2,	0.00000000,	0.00000000,	'NING',	NULL,	'S',	'admin',	'2012-07-10 09:48:20',	'admin',	'2012-07-10 09:48:20'),
('R692',	'Colores prismacolor x 12',	'T',	'',	1,	NULL,	NULL,	4.00000000,	10.00000000,	0.00000000,	'Estándar',	0.00000000,	0.00000000,	0.00000000,	0.00000000,	'',	NULL,	NULL,	'',	NULL,	'',	0,	0.00000000,	2,	0.00000000,	2,	0.00000000,	4,	2,	2,	2,	0.00000000,	0.00000000,	'NING',	NULL,	'S',	'admin',	'2012-07-10 09:48:20',	'admin',	'2012-07-10 09:48:20'),
('R693',	'Colores gema x 12',	'T',	'',	1,	NULL,	NULL,	4.00000000,	10.00000000,	0.00000000,	'Estándar',	0.00000000,	0.00000000,	0.00000000,	0.00000000,	'',	NULL,	NULL,	'',	NULL,	'',	0,	0.00000000,	2,	0.00000000,	2,	0.00000000,	4,	2,	2,	2,	0.00000000,	0.00000000,	'NING',	NULL,	'S',	'admin',	'2012-07-10 09:48:20',	'admin',	'2012-07-10 09:48:20'),
('R694',	'Plastilina grande tropi color',	'T',	'',	1,	NULL,	NULL,	4.00000000,	12.00000000,	0.00000000,	'Estándar',	0.00000000,	0.00000000,	0.00000000,	0.00000000,	'',	NULL,	NULL,	'',	NULL,	'',	0,	0.00000000,	2,	0.00000000,	2,	0.00000000,	4,	2,	2,	2,	0.00000000,	0.00000000,	'NING',	NULL,	'S',	'admin',	'2012-07-10 09:48:20',	'admin',	'2012-07-10 09:48:20'),
('R695',	'Polvo para hornear x 20g',	'T',	'',	1,	NULL,	NULL,	10.00000000,	30.00000000,	0.00000000,	'Estándar',	0.00000000,	0.00000000,	0.00000000,	0.00000000,	'',	NULL,	NULL,	'',	NULL,	'',	0,	0.00000000,	2,	0.00000000,	2,	0.00000000,	4,	2,	2,	2,	0.00000000,	0.00000000,	'NING',	NULL,	'S',	'admin',	'2012-07-10 09:48:20',	'admin',	'2012-07-10 09:48:20'),
('R696',	'Levadura x 7 g',	'T',	'',	1,	NULL,	NULL,	10.00000000,	30.00000000,	0.00000000,	'Estándar',	0.00000000,	0.00000000,	0.00000000,	0.00000000,	'',	NULL,	NULL,	'',	NULL,	'',	0,	0.00000000,	2,	0.00000000,	2,	0.00000000,	4,	2,	2,	2,	0.00000000,	0.00000000,	'NING',	NULL,	'S',	'admin',	'2012-07-10 09:48:20',	'admin',	'2012-07-10 09:48:20'),
('R697',	'Escoba imperial ',	'T',	'',	1,	NULL,	NULL,	6.00000000,	20.00000000,	0.00000000,	'Estándar',	0.00000000,	0.00000000,	0.00000000,	0.00000000,	'',	NULL,	NULL,	'',	NULL,	'',	0,	0.00000000,	2,	0.00000000,	2,	0.00000000,	4,	2,	2,	2,	0.00000000,	0.00000000,	'NING',	NULL,	'S',	'admin',	'2012-07-10 09:48:20',	'admin',	'2012-07-10 09:48:20'),
('R698',	'Escoba P R',	'T',	'',	1,	NULL,	NULL,	6.00000000,	40.00000000,	0.00000000,	'Estándar',	0.00000000,	0.00000000,	0.00000000,	0.00000000,	'',	NULL,	NULL,	'',	NULL,	'',	0,	0.00000000,	2,	0.00000000,	2,	0.00000000,	4,	2,	2,	2,	0.00000000,	0.00000000,	'NING',	NULL,	'S',	'admin',	'2012-07-10 09:48:20',	'admin',	'2012-07-10 09:48:20'),
('R699',	'Escoba suliana ',	'T',	'',	1,	NULL,	NULL,	20.00000000,	60.00000000,	0.00000000,	'Estándar',	0.00000000,	0.00000000,	0.00000000,	0.00000000,	'',	NULL,	NULL,	'',	NULL,	'',	0,	0.00000000,	2,	0.00000000,	2,	0.00000000,	4,	2,	2,	2,	0.00000000,	0.00000000,	'NING',	NULL,	'S',	'admin',	'2012-07-10 09:48:20',	'admin',	'2012-07-10 09:48:20'),
('R70',	'Mayonesa La  constancia x 200g',	'T',	'',	1,	NULL,	NULL,	24.00000000,	60.00000000,	30.00000000,	'Estándar',	0.00000000,	0.00000000,	0.00000000,	0.00000000,	'',	NULL,	NULL,	'',	NULL,	'',	0,	0.00000000,	2,	0.00000000,	2,	0.00000000,	4,	2,	2,	2,	0.00000000,	0.00000000,	'NING',	NULL,	'S',	'admin',	'2012-07-10 09:48:20',	'admin',	'2012-07-10 09:48:20'),
('R700',	'Escoba tulia ',	'T',	'',	1,	NULL,	NULL,	20.00000000,	40.00000000,	0.00000000,	'Estándar',	0.00000000,	0.00000000,	0.00000000,	0.00000000,	'',	NULL,	NULL,	'',	NULL,	'',	0,	0.00000000,	2,	0.00000000,	2,	0.00000000,	4,	2,	2,	2,	0.00000000,	0.00000000,	'NING',	NULL,	'S',	'admin',	'2012-07-10 09:48:20',	'admin',	'2012-07-10 09:48:20'),
('R701',	'Trapero de media ',	'T',	'',	1,	NULL,	NULL,	20.00000000,	60.00000000,	0.00000000,	'Estándar',	0.00000000,	0.00000000,	0.00000000,	0.00000000,	'',	NULL,	NULL,	'',	NULL,	'',	0,	0.00000000,	2,	0.00000000,	2,	0.00000000,	4,	2,	2,	2,	0.00000000,	0.00000000,	'NING',	NULL,	'S',	'admin',	'2012-07-10 09:48:20',	'admin',	'2012-07-10 09:48:20'),
('R702',	'Trapero tres cuartos',	'T',	'',	1,	NULL,	NULL,	20.00000000,	60.00000000,	0.00000000,	'Estándar',	0.00000000,	0.00000000,	0.00000000,	0.00000000,	'',	NULL,	NULL,	'',	NULL,	'',	0,	0.00000000,	2,	0.00000000,	2,	0.00000000,	4,	2,	2,	2,	0.00000000,	0.00000000,	'NING',	NULL,	'S',	'admin',	'2012-07-10 09:48:20',	'admin',	'2012-07-10 09:48:20'),
('R703',	' Yogur litro parmalat ',	'T',	'',	1,	NULL,	NULL,	6.00000000,	15.00000000,	0.00000000,	'Estándar',	0.00000000,	0.00000000,	0.00000000,	0.00000000,	'',	NULL,	NULL,	'',	NULL,	'',	0,	0.00000000,	2,	0.00000000,	2,	0.00000000,	4,	2,	2,	2,	0.00000000,	0.00000000,	'NING',	NULL,	'S',	'admin',	'2012-07-10 09:48:20',	'admin',	'2012-07-10 09:48:20'),
('R704',	'Crema de leche parmalat bolsa ',	'T',	'',	1,	NULL,	NULL,	6.00000000,	15.00000000,	0.00000000,	'Estándar',	0.00000000,	0.00000000,	0.00000000,	0.00000000,	'',	NULL,	NULL,	'',	NULL,	'',	0,	0.00000000,	2,	0.00000000,	2,	0.00000000,	4,	2,	2,	2,	0.00000000,	0.00000000,	'NING',	NULL,	'S',	'admin',	'2012-07-10 09:48:20',	'admin',	'2012-07-10 09:48:20'),
('R705',	'Crema de leche alpina',	'T',	'',	1,	NULL,	NULL,	6.00000000,	15.00000000,	0.00000000,	'Estándar',	0.00000000,	0.00000000,	0.00000000,	0.00000000,	'',	NULL,	NULL,	'',	NULL,	'',	0,	0.00000000,	2,	0.00000000,	2,	0.00000000,	4,	2,	2,	2,	0.00000000,	0.00000000,	'NING',	NULL,	'S',	'admin',	'2012-07-10 09:48:20',	'admin',	'2012-07-10 09:48:20'),
('R706',	'Arequipe alpina x250g',	'T',	'',	1,	NULL,	NULL,	6.00000000,	20.00000000,	0.00000000,	'Estándar',	0.00000000,	0.00000000,	0.00000000,	0.00000000,	'',	NULL,	NULL,	'',	NULL,	'',	0,	0.00000000,	2,	0.00000000,	2,	0.00000000,	4,	2,	2,	2,	0.00000000,	0.00000000,	'NING',	NULL,	'S',	'admin',	'2012-07-10 09:48:20',	'admin',	'2012-07-10 09:48:20'),
('R707',	'Jugo de caja alpina x200 ml',	'T',	'',	1,	NULL,	NULL,	20.00000000,	80.00000000,	0.00000000,	'Estándar',	0.00000000,	0.00000000,	0.00000000,	0.00000000,	'',	NULL,	NULL,	'',	NULL,	'',	0,	0.00000000,	2,	0.00000000,	2,	0.00000000,	4,	2,	2,	2,	0.00000000,	0.00000000,	'NING',	NULL,	'S',	'admin',	'2012-07-10 09:48:20',	'admin',	'2012-07-10 09:48:20'),
('R709',	'Kumis alpina x 150 g',	'T',	'',	1,	NULL,	NULL,	4.00000000,	10.00000000,	0.00000000,	'Estándar',	0.00000000,	0.00000000,	0.00000000,	0.00000000,	'',	NULL,	NULL,	'',	NULL,	'',	0,	0.00000000,	2,	0.00000000,	2,	0.00000000,	4,	2,	2,	2,	0.00000000,	0.00000000,	'NING',	NULL,	'S',	'admin',	'2012-07-10 09:48:20',	'admin',	'2012-07-10 09:48:20'),
('R71',	'Salsa de tomate laconstancia x 200g',	'T',	'',	1,	NULL,	NULL,	24.00000000,	60.00000000,	30.00000000,	'Estándar',	0.00000000,	0.00000000,	0.00000000,	0.00000000,	'',	NULL,	NULL,	'',	NULL,	'',	0,	0.00000000,	2,	0.00000000,	2,	0.00000000,	4,	2,	2,	2,	0.00000000,	0.00000000,	'NING',	NULL,	'S',	'admin',	'2012-07-10 09:48:20',	'admin',	'2012-07-10 09:48:20'),
('R710',	'Gelatina boggi x 120g',	'T',	'',	1,	NULL,	NULL,	4.00000000,	20.00000000,	0.00000000,	'Estándar',	0.00000000,	0.00000000,	0.00000000,	0.00000000,	'',	NULL,	NULL,	'',	NULL,	'',	0,	0.00000000,	2,	0.00000000,	2,	0.00000000,	4,	2,	2,	2,	0.00000000,	0.00000000,	'NING',	NULL,	'S',	'admin',	'2012-07-10 09:48:20',	'admin',	'2012-07-10 09:48:20'),
('R711',	'Queso crema alpina x 200g',	'T',	'',	1,	NULL,	NULL,	4.00000000,	8.00000000,	0.00000000,	'Estándar',	0.00000000,	0.00000000,	0.00000000,	0.00000000,	'',	NULL,	NULL,	'',	NULL,	'',	0,	0.00000000,	2,	0.00000000,	2,	0.00000000,	4,	2,	2,	2,	0.00000000,	0.00000000,	'NING',	NULL,	'S',	'admin',	'2012-07-10 09:48:20',	'admin',	'2012-07-10 09:48:20'),
('R712',	'Bon yurgt alpina x 170 g',	'T',	'',	1,	NULL,	NULL,	8.00000000,	20.00000000,	0.00000000,	'Estándar',	0.00000000,	0.00000000,	0.00000000,	0.00000000,	'',	NULL,	NULL,	'',	NULL,	'',	0,	0.00000000,	2,	0.00000000,	2,	0.00000000,	4,	2,	2,	2,	0.00000000,	0.00000000,	'NING',	NULL,	'S',	'admin',	'2012-07-10 09:48:20',	'admin',	'2012-07-10 09:48:20'),
('R713',	'Jugo soca  x237 ml',	'T',	'',	1,	NULL,	NULL,	8.00000000,	15.00000000,	0.00000000,	'Estándar',	0.00000000,	0.00000000,	0.00000000,	0.00000000,	'',	NULL,	NULL,	'',	NULL,	'',	0,	0.00000000,	2,	0.00000000,	2,	0.00000000,	4,	2,	2,	2,	0.00000000,	0.00000000,	'NING',	NULL,	'S',	'admin',	'2012-07-10 09:48:20',	'admin',	'2012-07-10 09:48:20'),
('R714',	'Avena alpina x 250ml',	'T',	'',	1,	NULL,	NULL,	8.00000000,	20.00000000,	0.00000000,	'Estándar',	0.00000000,	0.00000000,	0.00000000,	0.00000000,	'',	NULL,	NULL,	'',	NULL,	'',	0,	0.00000000,	2,	0.00000000,	2,	0.00000000,	4,	2,	2,	2,	0.00000000,	0.00000000,	'NING',	NULL,	'S',	'admin',	'2012-07-10 09:48:20',	'admin',	'2012-07-10 09:48:20'),
('R715',	'Tampico x 200ml',	'T',	'',	1,	NULL,	NULL,	8.00000000,	20.00000000,	0.00000000,	'Estándar',	0.00000000,	0.00000000,	0.00000000,	0.00000000,	'',	NULL,	NULL,	'',	NULL,	'',	0,	0.00000000,	2,	0.00000000,	2,	0.00000000,	4,	2,	2,	2,	0.00000000,	0.00000000,	'NING',	NULL,	'S',	'admin',	'2012-07-10 09:48:20',	'admin',	'2012-07-10 09:48:20'),
('R716',	'Alpinito x 90g',	'T',	'',	1,	NULL,	NULL,	8.00000000,	20.00000000,	0.00000000,	'Estándar',	0.00000000,	0.00000000,	0.00000000,	0.00000000,	'',	NULL,	NULL,	'',	NULL,	'',	0,	0.00000000,	2,	0.00000000,	2,	0.00000000,	4,	2,	2,	2,	0.00000000,	0.00000000,	'NING',	NULL,	'S',	'admin',	'2012-07-10 09:48:20',	'admin',	'2012-07-10 09:48:20'),
('R717',	'Yogur vaso alpina x150 g',	'T',	'',	1,	NULL,	NULL,	10.00000000,	30.00000000,	0.00000000,	'Estándar',	0.00000000,	0.00000000,	0.00000000,	0.00000000,	'',	NULL,	NULL,	'',	NULL,	'',	0,	0.00000000,	2,	0.00000000,	2,	0.00000000,	4,	2,	2,	2,	0.00000000,	0.00000000,	'NING',	NULL,	'S',	'admin',	'2012-07-10 09:48:20',	'admin',	'2012-07-10 09:48:20'),
('R718',	'Yogur bolsa parmalat x 150 g',	'T',	'',	1,	NULL,	NULL,	8.00000000,	50.00000000,	0.00000000,	'Estándar',	0.00000000,	0.00000000,	0.00000000,	0.00000000,	'',	NULL,	NULL,	'',	NULL,	'',	0,	0.00000000,	2,	0.00000000,	2,	0.00000000,	4,	2,	2,	2,	0.00000000,	0.00000000,	'NING',	NULL,	'S',	'admin',	'2012-07-10 09:48:20',	'admin',	'2012-07-10 09:48:20'),
('R719',	'Yogur regeneris  vaso x 150g',	'T',	'',	1,	NULL,	NULL,	8.00000000,	30.00000000,	0.00000000,	'Estándar',	0.00000000,	0.00000000,	0.00000000,	0.00000000,	'',	NULL,	NULL,	'',	NULL,	'',	0,	0.00000000,	2,	0.00000000,	2,	0.00000000,	4,	2,	2,	2,	0.00000000,	0.00000000,	'NING',	NULL,	'S',	'admin',	'2012-07-10 09:48:20',	'admin',	'2012-07-10 09:48:20'),
('R72',	'Mermelada la constancia x 200g ',	'T',	'',	1,	NULL,	NULL,	24.00000000,	60.00000000,	30.00000000,	'Estándar',	0.00000000,	0.00000000,	0.00000000,	0.00000000,	'',	NULL,	NULL,	'',	NULL,	'',	0,	0.00000000,	2,	0.00000000,	2,	0.00000000,	4,	2,	2,	2,	0.00000000,	0.00000000,	'NING',	NULL,	'S',	'admin',	'2012-07-10 09:48:20',	'admin',	'2012-07-10 09:48:20'),
('R720',	'Yogur vaso parmalat x 150g',	'T',	'',	1,	NULL,	NULL,	8.00000000,	40.00000000,	0.00000000,	'Estándar',	0.00000000,	0.00000000,	0.00000000,	0.00000000,	'',	NULL,	NULL,	'',	NULL,	'',	0,	0.00000000,	2,	0.00000000,	2,	0.00000000,	4,	2,	2,	2,	0.00000000,	0.00000000,	'NING',	NULL,	'S',	'admin',	'2012-07-10 09:48:20',	'admin',	'2012-07-10 09:48:20'),
('R721',	'Salchicha ranchera x 5',	'T',	'',	1,	NULL,	NULL,	6.00000000,	20.00000000,	0.00000000,	'Estándar',	0.00000000,	0.00000000,	0.00000000,	0.00000000,	'',	NULL,	NULL,	'',	NULL,	'',	0,	0.00000000,	2,	0.00000000,	2,	0.00000000,	4,	2,	2,	2,	0.00000000,	0.00000000,	'NING',	NULL,	'S',	'admin',	'2012-07-10 09:48:20',	'admin',	'2012-07-10 09:48:20'),
('R722',	'Salchicha ranchera x 2',	'T',	'',	1,	NULL,	NULL,	10.00000000,	25.00000000,	0.00000000,	'Estándar',	0.00000000,	0.00000000,	0.00000000,	0.00000000,	'',	NULL,	NULL,	'',	NULL,	'',	0,	0.00000000,	2,	0.00000000,	2,	0.00000000,	4,	2,	2,	2,	0.00000000,	0.00000000,	'NING',	NULL,	'S',	'admin',	'2012-07-10 09:48:20',	'admin',	'2012-07-10 09:48:20'),
('R723',	'Salchicha rica tripack',	'T',	'',	1,	NULL,	NULL,	6.00000000,	20.00000000,	0.00000000,	'Estándar',	0.00000000,	0.00000000,	0.00000000,	0.00000000,	'',	NULL,	NULL,	'',	NULL,	'',	0,	0.00000000,	2,	0.00000000,	2,	0.00000000,	4,	2,	2,	2,	0.00000000,	0.00000000,	'NING',	NULL,	'S',	'admin',	'2012-07-10 09:48:20',	'admin',	'2012-07-10 09:48:20'),
('R724',	'Salchicha perrero x 2',	'T',	'',	1,	NULL,	NULL,	6.00000000,	20.00000000,	0.00000000,	'Estándar',	0.00000000,	0.00000000,	0.00000000,	0.00000000,	'',	NULL,	NULL,	'',	NULL,	'',	0,	0.00000000,	2,	0.00000000,	2,	0.00000000,	4,	2,	2,	2,	0.00000000,	0.00000000,	'NING',	NULL,	'S',	'admin',	'2012-07-10 09:48:20',	'admin',	'2012-07-10 09:48:20'),
('R725',	'Minichon de pollo rica x100g',	'T',	'',	1,	NULL,	NULL,	6.00000000,	20.00000000,	0.00000000,	'Estándar',	0.00000000,	0.00000000,	0.00000000,	0.00000000,	'',	NULL,	NULL,	'',	NULL,	'',	0,	0.00000000,	2,	0.00000000,	2,	0.00000000,	4,	2,	2,	2,	0.00000000,	0.00000000,	'NING',	NULL,	'S',	'admin',	'2012-07-10 09:48:20',	'admin',	'2012-07-10 09:48:20'),
('R726',	'Salchichon personado ',	'T',	'',	1,	NULL,	NULL,	6.00000000,	15.00000000,	0.00000000,	'Estándar',	0.00000000,	0.00000000,	0.00000000,	0.00000000,	'',	NULL,	NULL,	'',	NULL,	'',	0,	0.00000000,	2,	0.00000000,	2,	0.00000000,	4,	2,	2,	2,	0.00000000,	0.00000000,	'NING',	NULL,	'S',	'admin',	'2012-07-10 09:48:20',	'admin',	'2012-07-10 09:48:20'),
('R727',	'Salchichon de pollo x 900g',	'T',	'',	1,	NULL,	NULL,	4.00000000,	10.00000000,	0.00000000,	'Estándar',	0.00000000,	0.00000000,	0.00000000,	0.00000000,	'',	NULL,	NULL,	'',	NULL,	'',	0,	0.00000000,	2,	0.00000000,	2,	0.00000000,	4,	2,	2,	2,	0.00000000,	0.00000000,	'NING',	NULL,	'S',	'admin',	'2012-07-10 09:48:20',	'admin',	'2012-07-10 09:48:20'),
('R728',	'Salchicha mangera ',	'T',	'',	1,	NULL,	NULL,	20.00000000,	70.00000000,	0.00000000,	'Estándar',	0.00000000,	0.00000000,	0.00000000,	0.00000000,	'',	NULL,	NULL,	'',	NULL,	'',	0,	0.00000000,	2,	0.00000000,	2,	0.00000000,	4,	2,	2,	2,	0.00000000,	0.00000000,	'NING',	NULL,	'S',	'admin',	'2012-07-10 09:48:20',	'admin',	'2012-07-10 09:48:20'),
('R729',	'Chorizo tipo longanisa x 600g',	'T',	'',	1,	NULL,	NULL,	6.00000000,	18.00000000,	0.00000000,	'Estándar',	0.00000000,	0.00000000,	0.00000000,	0.00000000,	'',	NULL,	NULL,	'',	NULL,	'',	0,	0.00000000,	2,	0.00000000,	2,	0.00000000,	4,	2,	2,	2,	0.00000000,	0.00000000,	'NING',	NULL,	'S',	'admin',	'2012-07-10 09:48:20',	'admin',	'2012-07-10 09:48:20'),
('R73',	'Mermelada san jorge x200g',	'T',	'',	1,	NULL,	NULL,	24.00000000,	60.00000000,	30.00000000,	'Estándar',	0.00000000,	0.00000000,	0.00000000,	0.00000000,	'',	NULL,	NULL,	'',	NULL,	'',	0,	0.00000000,	2,	0.00000000,	2,	0.00000000,	4,	2,	2,	2,	0.00000000,	0.00000000,	'NING',	NULL,	'S',	'admin',	'2012-07-10 09:48:20',	'admin',	'2012-07-10 09:48:20'),
('R730',	'Ranchera sanduche x 6',	'T',	'',	1,	NULL,	NULL,	6.00000000,	12.00000000,	0.00000000,	'Estándar',	0.00000000,	0.00000000,	0.00000000,	0.00000000,	'',	NULL,	NULL,	'',	NULL,	'',	0,	0.00000000,	2,	0.00000000,	2,	0.00000000,	4,	2,	2,	2,	0.00000000,	0.00000000,	'NING',	NULL,	'S',	'admin',	'2012-07-10 09:48:20',	'admin',	'2012-07-10 09:48:20'),
('R731',	'Ranchera hamburgesa x 2',	'T',	'',	1,	NULL,	NULL,	4.00000000,	10.00000000,	0.00000000,	'Estándar',	0.00000000,	0.00000000,	0.00000000,	0.00000000,	'',	NULL,	NULL,	'',	NULL,	'',	0,	0.00000000,	2,	0.00000000,	2,	0.00000000,	4,	2,	2,	2,	0.00000000,	0.00000000,	'NING',	NULL,	'S',	'admin',	'2012-07-10 09:48:20',	'admin',	'2012-07-10 09:48:20'),
('R732',	'Jamon pietran x100g',	'T',	'',	1,	NULL,	NULL,	4.00000000,	10.00000000,	0.00000000,	'Estándar',	0.00000000,	0.00000000,	0.00000000,	0.00000000,	'',	NULL,	NULL,	'',	NULL,	'',	0,	0.00000000,	2,	0.00000000,	2,	0.00000000,	4,	2,	2,	2,	0.00000000,	0.00000000,	'NING',	NULL,	'S',	'admin',	'2012-07-10 09:48:20',	'admin',	'2012-07-10 09:48:20'),
('R733',	'Mortadela de pollo rica x 250g',	'T',	'',	1,	NULL,	NULL,	4.00000000,	15.00000000,	0.00000000,	'Estándar',	0.00000000,	0.00000000,	0.00000000,	0.00000000,	'',	NULL,	NULL,	'',	NULL,	'',	0,	0.00000000,	2,	0.00000000,	2,	0.00000000,	4,	2,	2,	2,	0.00000000,	0.00000000,	'NING',	NULL,	'S',	'admin',	'2012-07-10 09:48:20',	'admin',	'2012-07-10 09:48:20'),
('R734',	'Mortadela zenu x 250 g',	'T',	'',	1,	NULL,	NULL,	6.00000000,	15.00000000,	0.00000000,	'Estándar',	0.00000000,	0.00000000,	0.00000000,	0.00000000,	'',	NULL,	NULL,	'',	NULL,	'',	0,	0.00000000,	2,	0.00000000,	2,	0.00000000,	4,	2,	2,	2,	0.00000000,	0.00000000,	'NING',	NULL,	'S',	'admin',	'2012-07-10 09:48:20',	'admin',	'2012-07-10 09:48:20'),
('R735',	'Mortadela zenu x 125g',	'T',	'',	1,	NULL,	NULL,	6.00000000,	15.00000000,	0.00000000,	'Estándar',	0.00000000,	0.00000000,	0.00000000,	0.00000000,	'',	NULL,	NULL,	'',	NULL,	'',	0,	0.00000000,	2,	0.00000000,	2,	0.00000000,	4,	2,	2,	2,	0.00000000,	0.00000000,	'NING',	NULL,	'S',	'admin',	'2012-07-10 09:48:20',	'admin',	'2012-07-10 09:48:20'),
('R736',	'Quesillo tajado x 250 g',	'T',	'',	1,	NULL,	NULL,	10.00000000,	40.00000000,	0.00000000,	'Estándar',	0.00000000,	0.00000000,	0.00000000,	0.00000000,	'',	NULL,	NULL,	'',	NULL,	'',	0,	0.00000000,	2,	0.00000000,	2,	0.00000000,	4,	2,	2,	2,	0.00000000,	0.00000000,	'NING',	NULL,	'S',	'admin',	'2012-07-10 09:48:20',	'admin',	'2012-07-10 09:48:20'),
('R737',	'Queso bloque doble crema ',	'T',	'',	1,	NULL,	NULL,	1.00000000,	3.00000000,	0.00000000,	'Estándar',	0.00000000,	0.00000000,	0.00000000,	0.00000000,	'',	NULL,	NULL,	'',	NULL,	'',	0,	0.00000000,	2,	0.00000000,	2,	0.00000000,	4,	2,	2,	2,	0.00000000,	0.00000000,	'NING',	NULL,	'S',	'admin',	'2012-07-10 09:48:20',	'admin',	'2012-07-10 09:48:20'),
('R738',	'Queso bloque doble crema ',	'T',	'',	1,	NULL,	NULL,	1.00000000,	2.00000000,	0.00000000,	'Estándar',	0.00000000,	0.00000000,	0.00000000,	0.00000000,	'',	NULL,	NULL,	'',	NULL,	'',	0,	0.00000000,	2,	0.00000000,	2,	0.00000000,	4,	2,	2,	2,	0.00000000,	0.00000000,	'NING',	NULL,	'S',	'admin',	'2012-07-10 09:48:20',	'admin',	'2012-07-10 09:48:20'),
('R739',	'Queso bloque criollo',	'T',	'',	1,	NULL,	NULL,	1.00000000,	3.00000000,	0.00000000,	'Estándar',	0.00000000,	0.00000000,	0.00000000,	0.00000000,	'',	NULL,	NULL,	'',	NULL,	'',	0,	0.00000000,	2,	0.00000000,	2,	0.00000000,	4,	2,	2,	2,	0.00000000,	0.00000000,	'NING',	NULL,	'S',	'admin',	'2012-07-10 09:48:20',	'admin',	'2012-07-10 09:48:20'),
('R74',	'Salsa de tomate la constancia x 400g',	'T',	'',	1,	NULL,	NULL,	6.00000000,	15.00000000,	10.00000000,	'Estándar',	0.00000000,	0.00000000,	0.00000000,	0.00000000,	'',	NULL,	NULL,	'',	NULL,	'',	0,	0.00000000,	2,	0.00000000,	2,	0.00000000,	4,	2,	2,	2,	0.00000000,	0.00000000,	'NING',	NULL,	'S',	'admin',	'2012-07-10 09:48:20',	'admin',	'2012-07-10 09:48:20'),
('R740',	'Leche alpina deslactisada parmalat x 900ml',	'T',	'',	1,	NULL,	NULL,	5.00000000,	20.00000000,	0.00000000,	'Estándar',	0.00000000,	0.00000000,	0.00000000,	0.00000000,	'',	NULL,	NULL,	'',	NULL,	'',	0,	0.00000000,	2,	0.00000000,	2,	0.00000000,	4,	2,	2,	2,	0.00000000,	0.00000000,	'NING',	NULL,	'S',	'admin',	'2012-07-10 09:48:20',	'admin',	'2012-07-10 09:48:20'),
('R741',	'Leche colanta 1 litro ',	'T',	'',	1,	NULL,	NULL,	5.00000000,	20.00000000,	0.00000000,	'Estándar',	0.00000000,	0.00000000,	0.00000000,	0.00000000,	'',	NULL,	NULL,	'',	NULL,	'',	0,	0.00000000,	2,	0.00000000,	2,	0.00000000,	4,	2,	2,	2,	0.00000000,	0.00000000,	'NING',	NULL,	'S',	'admin',	'2012-07-10 09:48:20',	'admin',	'2012-07-10 09:48:20'),
('R742',	'Leche foti mill litro',	'T',	'',	1,	NULL,	NULL,	5.00000000,	20.00000000,	0.00000000,	'Estándar',	0.00000000,	0.00000000,	0.00000000,	0.00000000,	'',	NULL,	NULL,	'',	NULL,	'',	0,	0.00000000,	2,	0.00000000,	2,	0.00000000,	4,	2,	2,	2,	0.00000000,	0.00000000,	'NING',	NULL,	'S',	'admin',	'2012-07-10 09:48:20',	'admin',	'2012-07-10 09:48:20'),
('R743',	'Leche alpilar litro',	'T',	'',	1,	NULL,	NULL,	5.00000000,	20.00000000,	0.00000000,	'Estándar',	0.00000000,	0.00000000,	0.00000000,	0.00000000,	'',	NULL,	NULL,	'',	NULL,	'',	0,	0.00000000,	2,	0.00000000,	2,	0.00000000,	4,	2,	2,	2,	0.00000000,	0.00000000,	'NING',	NULL,	'S',	'admin',	'2012-07-10 09:48:20',	'admin',	'2012-07-10 09:48:20'),
('R744',	'Leche colanta media ',	'T',	'',	1,	NULL,	NULL,	5.00000000,	20.00000000,	0.00000000,	'Estándar',	0.00000000,	0.00000000,	0.00000000,	0.00000000,	'',	NULL,	NULL,	'',	NULL,	'',	0,	0.00000000,	2,	0.00000000,	2,	0.00000000,	4,	2,	2,	2,	0.00000000,	0.00000000,	'NING',	NULL,	'S',	'admin',	'2012-07-10 09:48:20',	'admin',	'2012-07-10 09:48:20'),
('R745',	'Leche caja deslactosada alpina ',	'T',	'',	1,	NULL,	NULL,	10.00000000,	30.00000000,	0.00000000,	'Estándar',	0.00000000,	0.00000000,	0.00000000,	0.00000000,	'',	NULL,	NULL,	'',	NULL,	'',	0,	0.00000000,	2,	0.00000000,	2,	0.00000000,	4,	2,	2,	2,	0.00000000,	0.00000000,	'NING',	NULL,	'S',	'admin',	'2012-07-10 09:48:20',	'admin',	'2012-07-10 09:48:20'),
('R746',	'Leche caja deslactosada zimil',	'T',	'',	1,	NULL,	NULL,	10.00000000,	30.00000000,	0.00000000,	'Estándar',	0.00000000,	0.00000000,	0.00000000,	0.00000000,	'',	NULL,	NULL,	'',	NULL,	'',	0,	0.00000000,	2,	0.00000000,	2,	0.00000000,	4,	2,	2,	2,	0.00000000,	0.00000000,	'NING',	NULL,	'S',	'admin',	'2012-07-10 09:48:20',	'admin',	'2012-07-10 09:48:20'),
('R747',	'Poni malta mini',	'T',	'',	1,	NULL,	NULL,	24.00000000,	100.00000000,	0.00000000,	'Estándar',	0.00000000,	0.00000000,	0.00000000,	0.00000000,	'',	NULL,	NULL,	'',	NULL,	'',	0,	0.00000000,	2,	0.00000000,	2,	0.00000000,	4,	2,	2,	2,	0.00000000,	0.00000000,	'NING',	NULL,	'S',	'admin',	'2012-07-10 09:48:20',	'admin',	'2012-07-10 09:48:20'),
('R748',	'Poni malta 330 no retornable',	'T',	'',	1,	NULL,	NULL,	24.00000000,	100.00000000,	0.00000000,	'Estándar',	0.00000000,	0.00000000,	0.00000000,	0.00000000,	'',	NULL,	NULL,	'',	NULL,	'',	0,	0.00000000,	2,	0.00000000,	2,	0.00000000,	4,	2,	2,	2,	0.00000000,	0.00000000,	'NING',	NULL,	'S',	'admin',	'2012-07-10 09:48:20',	'admin',	'2012-07-10 09:48:20'),
('R749',	'Maltizz x400cm',	'T',	'',	1,	NULL,	NULL,	24.00000000,	96.00000000,	0.00000000,	'Estándar',	0.00000000,	0.00000000,	0.00000000,	0.00000000,	'',	NULL,	NULL,	'',	NULL,	'',	0,	0.00000000,	2,	0.00000000,	2,	0.00000000,	4,	2,	2,	2,	0.00000000,	0.00000000,	'NING',	NULL,	'S',	'admin',	'2012-07-10 09:48:20',	'admin',	'2012-07-10 09:48:20'),
('R75',	'Mayonesa la constancia x 380g',	'T',	'',	1,	NULL,	NULL,	6.00000000,	15.00000000,	10.00000000,	'Estándar',	0.00000000,	0.00000000,	0.00000000,	0.00000000,	'',	NULL,	NULL,	'',	NULL,	'',	0,	0.00000000,	2,	0.00000000,	2,	0.00000000,	4,	2,	2,	2,	0.00000000,	0.00000000,	'NING',	NULL,	'S',	'admin',	'2012-07-10 09:48:20',	'admin',	'2012-07-10 09:48:20'),
('R750',	'Mr tea x 300 ml',	'T',	'',	1,	NULL,	NULL,	10.00000000,	40.00000000,	0.00000000,	'Estándar',	0.00000000,	0.00000000,	0.00000000,	0.00000000,	'',	NULL,	NULL,	'',	NULL,	'',	0,	0.00000000,	2,	0.00000000,	2,	0.00000000,	4,	2,	2,	2,	0.00000000,	0.00000000,	'NING',	NULL,	'S',	'admin',	'2012-07-10 09:48:20',	'admin',	'2012-07-10 09:48:20'),
('R751',	'Gatorade x 500ml',	'T',	'',	1,	NULL,	NULL,	20.00000000,	60.00000000,	0.00000000,	'Estándar',	0.00000000,	0.00000000,	0.00000000,	0.00000000,	'',	NULL,	NULL,	'',	NULL,	'',	0,	0.00000000,	2,	0.00000000,	2,	0.00000000,	4,	2,	2,	2,	0.00000000,	0.00000000,	'NING',	NULL,	'S',	'admin',	'2012-07-10 09:48:20',	'admin',	'2012-07-10 09:48:20'),
('R752',	'Cifrut x 400 ml',	'T',	'',	1,	NULL,	NULL,	20.00000000,	50.00000000,	0.00000000,	'Estándar',	0.00000000,	0.00000000,	0.00000000,	0.00000000,	'',	NULL,	NULL,	'',	NULL,	'',	0,	0.00000000,	2,	0.00000000,	2,	0.00000000,	4,	2,	2,	2,	0.00000000,	0.00000000,	'NING',	NULL,	'S',	'admin',	'2012-07-10 09:48:20',	'admin',	'2012-07-10 09:48:20'),
('R753',	'Big cola x 400ml',	'T',	'',	1,	NULL,	NULL,	20.00000000,	50.00000000,	0.00000000,	'Estándar',	0.00000000,	0.00000000,	0.00000000,	0.00000000,	'',	NULL,	NULL,	'',	NULL,	'',	0,	0.00000000,	2,	0.00000000,	2,	0.00000000,	4,	2,	2,	2,	0.00000000,	0.00000000,	'NING',	NULL,	'S',	'admin',	'2012-07-10 09:48:20',	'admin',	'2012-07-10 09:48:20'),
('R754',	'Agua  botella x 600 ml',	'T',	'',	1,	NULL,	NULL,	20.00000000,	80.00000000,	0.00000000,	'Estándar',	0.00000000,	0.00000000,	0.00000000,	0.00000000,	'',	NULL,	NULL,	'',	NULL,	'',	0,	0.00000000,	2,	0.00000000,	2,	0.00000000,	4,	2,	2,	2,	0.00000000,	0.00000000,	'NING',	NULL,	'S',	'admin',	'2012-07-10 09:48:20',	'admin',	'2012-07-10 09:48:20'),
('R755',	'Red bull ',	'T',	'',	1,	NULL,	NULL,	10.00000000,	60.00000000,	0.00000000,	'Estándar',	0.00000000,	0.00000000,	0.00000000,	0.00000000,	'',	NULL,	NULL,	'',	NULL,	'',	0,	0.00000000,	2,	0.00000000,	2,	0.00000000,	4,	2,	2,	2,	0.00000000,	0.00000000,	'NING',	NULL,	'S',	'admin',	'2012-07-10 09:48:20',	'admin',	'2012-07-10 09:48:20'),
('R756',	'Cervesa lata ',	'T',	'',	1,	NULL,	NULL,	50.00000000,	250.00000000,	0.00000000,	'Estándar',	0.00000000,	0.00000000,	0.00000000,	0.00000000,	'',	NULL,	NULL,	'',	NULL,	'',	0,	0.00000000,	2,	0.00000000,	2,	0.00000000,	4,	2,	2,	2,	0.00000000,	0.00000000,	'NING',	NULL,	'S',	'admin',	'2012-07-10 09:48:20',	'admin',	'2012-07-10 09:48:20'),
('R757',	'Salchichon walter',	'T',	'',	1,	NULL,	NULL,	5.00000000,	20.00000000,	0.00000000,	'Estándar',	0.00000000,	0.00000000,	0.00000000,	0.00000000,	'',	NULL,	NULL,	'',	NULL,	'',	0,	0.00000000,	2,	0.00000000,	2,	0.00000000,	4,	2,	2,	2,	0.00000000,	0.00000000,	'NING',	NULL,	'S',	'admin',	'2012-07-10 09:48:20',	'admin',	'2012-07-10 09:48:20'),
('R758',	'Agua botella glacial x600ml',	'T',	'',	1,	NULL,	NULL,	20.00000000,	80.00000000,	0.00000000,	'Estándar',	0.00000000,	0.00000000,	0.00000000,	0.00000000,	'',	NULL,	NULL,	'',	NULL,	'',	0,	0.00000000,	2,	0.00000000,	2,	0.00000000,	4,	2,	2,	2,	0.00000000,	0.00000000,	'NING',	NULL,	'S',	'admin',	'2012-07-10 09:48:20',	'admin',	'2012-07-10 09:48:20'),
('R759',	'Agua botella glacial con gas x 600ml',	'T',	'',	1,	NULL,	NULL,	20.00000000,	80.00000000,	0.00000000,	'Estándar',	0.00000000,	0.00000000,	0.00000000,	0.00000000,	'',	NULL,	NULL,	'',	NULL,	'',	0,	0.00000000,	2,	0.00000000,	2,	0.00000000,	4,	2,	2,	2,	0.00000000,	0.00000000,	'NING',	NULL,	'S',	'admin',	'2012-07-10 09:48:20',	'admin',	'2012-07-10 09:48:20'),
('R76',	'Sardina  calidad x 425g',	'T',	'',	1,	NULL,	NULL,	20.00000000,	100.00000000,	30.00000000,	'Estándar',	0.00000000,	0.00000000,	0.00000000,	0.00000000,	'',	NULL,	NULL,	'',	NULL,	'',	0,	0.00000000,	2,	0.00000000,	2,	0.00000000,	4,	2,	2,	2,	0.00000000,	0.00000000,	'NING',	NULL,	'S',	'admin',	'2012-07-10 09:48:20',	'admin',	'2012-07-10 09:48:20'),
('R760',	'Cerveza ',	'T',	'',	1,	NULL,	NULL,	70.00000000,	200.00000000,	0.00000000,	'Estándar',	0.00000000,	0.00000000,	0.00000000,	0.00000000,	'',	NULL,	NULL,	'',	NULL,	'',	0,	0.00000000,	2,	0.00000000,	2,	0.00000000,	4,	2,	2,	2,	0.00000000,	0.00000000,	'NING',	NULL,	'S',	'admin',	'2012-07-10 09:48:20',	'admin',	'2012-07-10 09:48:20'),
('R77',	' Sardina van camps x 498g',	'T',	'',	1,	NULL,	NULL,	20.00000000,	100.00000000,	30.00000000,	'Estándar',	0.00000000,	0.00000000,	0.00000000,	0.00000000,	'',	NULL,	NULL,	'',	NULL,	'',	0,	0.00000000,	2,	0.00000000,	2,	0.00000000,	4,	2,	2,	2,	0.00000000,	0.00000000,	'NING',	NULL,	'S',	'admin',	'2012-07-10 09:48:20',	'admin',	'2012-07-10 09:48:20'),
('r78',	'Sardina lobo de mar  x 101g',	'T',	'',	1,	NULL,	NULL,	24.00000000,	100.00000000,	30.00000000,	'Estándar',	0.00000000,	0.00000000,	0.00000000,	0.00000000,	'',	NULL,	NULL,	'',	NULL,	'',	0,	0.00000000,	2,	0.00000000,	2,	0.00000000,	4,	2,	2,	2,	0.00000000,	0.00000000,	'NING',	NULL,	'S',	'admin',	'2012-07-10 09:48:20',	'admin',	'2012-07-10 09:48:20'),
('R79',	'Atun la española x 110g',	'T',	'',	1,	NULL,	NULL,	24.00000000,	60.00000000,	30.00000000,	'Estándar',	0.00000000,	0.00000000,	0.00000000,	0.00000000,	'',	NULL,	NULL,	'',	NULL,	'',	0,	0.00000000,	2,	0.00000000,	2,	0.00000000,	4,	2,	2,	2,	0.00000000,	0.00000000,	'NING',	NULL,	'S',	'admin',	'2012-07-10 09:48:20',	'admin',	'2012-07-10 09:48:20'),
('R80',	'Atun van camps x184g',	'T',	'',	1,	NULL,	NULL,	24.00000000,	60.00000000,	30.00000000,	'Estándar',	0.00000000,	0.00000000,	0.00000000,	0.00000000,	'',	NULL,	NULL,	'',	NULL,	'',	0,	0.00000000,	2,	0.00000000,	2,	0.00000000,	4,	2,	2,	2,	0.00000000,	0.00000000,	'NING',	NULL,	'S',	'admin',	'2012-07-10 09:48:20',	'admin',	'2012-07-10 09:48:20'),
('R81',	'Atun Tropi mar x 175',	'T',	'',	1,	NULL,	NULL,	24.00000000,	60.00000000,	30.00000000,	'Estándar',	0.00000000,	0.00000000,	0.00000000,	0.00000000,	'',	NULL,	NULL,	'',	NULL,	'',	0,	0.00000000,	2,	0.00000000,	2,	0.00000000,	4,	2,	2,	2,	0.00000000,	0.00000000,	'NING',	NULL,	'S',	'admin',	'2012-07-10 09:48:20',	'admin',	'2012-07-10 09:48:20'),
('R82',	'AtUn vikingos en agua x170g',	'T',	'',	1,	NULL,	NULL,	24.00000000,	60.00000000,	30.00000000,	'Estándar',	0.00000000,	0.00000000,	0.00000000,	0.00000000,	'',	NULL,	NULL,	'',	NULL,	'',	0,	0.00000000,	2,	0.00000000,	2,	0.00000000,	4,	2,	2,	2,	0.00000000,	0.00000000,	'NING',	NULL,	'S',	'admin',	'2012-07-10 09:48:20',	'admin',	'2012-07-10 09:48:20'),
('R83',	'Atun vikingos en aceite x170g',	'T',	'',	1,	NULL,	NULL,	24.00000000,	60.00000000,	30.00000000,	'Estándar',	0.00000000,	0.00000000,	0.00000000,	0.00000000,	'',	NULL,	NULL,	'',	NULL,	'',	0,	0.00000000,	2,	0.00000000,	2,	0.00000000,	4,	2,	2,	2,	0.00000000,	0.00000000,	'NING',	NULL,	'S',	'admin',	'2012-07-10 09:48:20',	'admin',	'2012-07-10 09:48:20'),
('R84',	'Atun Atunec x 170g',	'T',	'',	1,	NULL,	NULL,	24.00000000,	60.00000000,	30.00000000,	'Estándar',	0.00000000,	0.00000000,	0.00000000,	0.00000000,	'',	NULL,	NULL,	'',	NULL,	'',	0,	0.00000000,	2,	0.00000000,	2,	0.00000000,	4,	2,	2,	2,	0.00000000,	0.00000000,	'NING',	NULL,	'S',	'admin',	'2012-07-10 09:48:20',	'admin',	'2012-07-10 09:48:20'),
('R85',	'Jamoneta lata x 180g',	'T',	'',	1,	NULL,	NULL,	8.00000000,	15.00000000,	15.00000000,	'Estándar',	0.00000000,	0.00000000,	0.00000000,	0.00000000,	'',	NULL,	NULL,	'',	NULL,	'',	0,	0.00000000,	2,	0.00000000,	2,	0.00000000,	4,	2,	2,	2,	0.00000000,	0.00000000,	'NING',	NULL,	'S',	'admin',	'2012-07-10 09:48:20',	'admin',	'2012-07-10 09:48:20'),
('R86',	'Ensalada de vegetales lata x300g',	'T',	'',	1,	NULL,	NULL,	6.00000000,	12.00000000,	15.00000000,	'Estándar',	0.00000000,	0.00000000,	0.00000000,	0.00000000,	'',	NULL,	NULL,	'',	NULL,	'',	0,	0.00000000,	2,	0.00000000,	2,	0.00000000,	4,	2,	2,	2,	0.00000000,	0.00000000,	'NING',	NULL,	'S',	'admin',	'2012-07-10 09:48:20',	'admin',	'2012-07-10 09:48:20'),
('R87',	'Arveja en lata x 300g',	'T',	'',	1,	NULL,	NULL,	6.00000000,	12.00000000,	15.00000000,	'Estándar',	0.00000000,	0.00000000,	0.00000000,	0.00000000,	'',	NULL,	NULL,	'',	NULL,	'',	0,	0.00000000,	2,	0.00000000,	2,	0.00000000,	4,	2,	2,	2,	0.00000000,	0.00000000,	'NING',	NULL,	'S',	'admin',	'2012-07-10 09:48:20',	'admin',	'2012-07-10 09:48:20'),
('R88',	'Arveja con zanahoria lata x 300g',	'T',	'',	1,	NULL,	NULL,	6.00000000,	12.00000000,	15.00000000,	'Estándar',	0.00000000,	0.00000000,	0.00000000,	0.00000000,	'',	NULL,	NULL,	'',	NULL,	'',	0,	0.00000000,	2,	0.00000000,	2,	0.00000000,	4,	2,	2,	2,	0.00000000,	0.00000000,	'NING',	NULL,	'S',	'admin',	'2012-07-10 09:48:20',	'admin',	'2012-07-10 09:48:20'),
('R89',	'Frijoles lata x 380g ',	'T',	'',	1,	NULL,	NULL,	6.00000000,	12.00000000,	15.00000000,	'Estándar',	0.00000000,	0.00000000,	0.00000000,	0.00000000,	'',	NULL,	NULL,	'',	NULL,	'',	0,	0.00000000,	2,	0.00000000,	2,	0.00000000,	4,	2,	2,	2,	0.00000000,	0.00000000,	'NING',	NULL,	'S',	'admin',	'2012-07-10 09:48:20',	'admin',	'2012-07-10 09:48:20'),
('R90',	'Maiz tierno lata x 220g ',	'T',	'',	1,	NULL,	NULL,	6.00000000,	15.00000000,	15.00000000,	'Estándar',	0.00000000,	0.00000000,	0.00000000,	0.00000000,	'',	NULL,	NULL,	'',	NULL,	'',	0,	0.00000000,	2,	0.00000000,	2,	0.00000000,	4,	2,	2,	2,	0.00000000,	0.00000000,	'NING',	NULL,	'S',	'admin',	'2012-07-10 09:48:20',	'admin',	'2012-07-10 09:48:20'),
('RE301',	'Easy off x 275 g',	'T',	'',	1,	NULL,	NULL,	6.00000000,	15.00000000,	0.00000000,	'Estándar',	0.00000000,	0.00000000,	0.00000000,	0.00000000,	'',	NULL,	NULL,	'',	NULL,	'',	0,	0.00000000,	2,	0.00000000,	2,	0.00000000,	4,	2,	2,	2,	0.00000000,	0.00000000,	'NING',	NULL,	'S',	'admin',	'2012-07-10 09:48:20',	'admin',	'2012-07-10 09:48:20'),
('TR',	'TARJETAS',	'T',	'',	2,	NULL,	NULL,	100.00000000,	5000.00000000,	0.00000000,	'Estándar',	0.00000000,	0.00000000,	0.00000000,	0.00000000,	'',	NULL,	NULL,	'',	NULL,	'',	0,	0.00000000,	1,	0.00000000,	1,	0.00000000,	4,	3,	3,	3,	0.00000000,	0.00000000,	'NING',	NULL,	'S',	'admin',	'2012-07-10 05:20:20',	'admin',	'2012-07-10 05:20:20');

DROP TABLE IF EXISTS `articulo_multimedia`;
CREATE TABLE `articulo_multimedia` (
  `ID` int(11) NOT NULL AUTO_INCREMENT,
  `ARTICULO` varchar(20) NOT NULL,
  `TIPO` varchar(3) NOT NULL COMMENT '[IMG] Imagen   --> por ahora esta sera la unica opcion\n            [VID] Video\n            [SWF] Flash\n            [HTML5]  HTML 5',
  `UBICACION` varchar(128) NOT NULL COMMENT 'Ruta donde esta ubicado el recurso, url interna o externa',
  `NOMBRE` varchar(64) DEFAULT NULL COMMENT 'Nombre del recurso',
  `DESCRIPCION` text COMMENT 'Descripcion del recurso',
  `ORDEN` smallint(6) NOT NULL COMMENT 'Orden del recurso dentro de todo el listado de recursos asociados al articulo',
  `ACTIVO` varchar(1) NOT NULL,
  `CREADO_POR` varchar(20) NOT NULL,
  `CREADO_EL` datetime NOT NULL,
  `ACTUALIZADO_POR` varchar(20) NOT NULL,
  `ACTUALIZADO_EL` datetime NOT NULL,
  PRIMARY KEY (`ID`),
  KEY `FK_IMAGEN_ARTICULO` (`ARTICULO`),
  CONSTRAINT `FK_IMAGEN_ARTICULO` FOREIGN KEY (`ARTICULO`) REFERENCES `articulo` (`ARTICULO`)
) ENGINE=InnoDB DEFAULT CHARSET=latin1 COMMENT='Relaciona los articulos con la ubicacion de archivos multime';


DROP TABLE IF EXISTS `articulo_proveedor`;
CREATE TABLE `articulo_proveedor` (
  `ID` int(11) NOT NULL AUTO_INCREMENT,
  `ARTICULO` varchar(20) NOT NULL,
  `PROVEEDOR` varchar(20) NOT NULL,
  `CODIGO_CATALOGO` varchar(20) NOT NULL COMMENT 'Codigo interno que maneja el proveedor para el articulo',
  `NOMBRE_CATALOGO` varchar(254) DEFAULT NULL COMMENT 'Nombre interno que maneja el proveedor para el articulo',
  `ACTIVO` varchar(1) NOT NULL,
  `CREADO_POR` varchar(20) NOT NULL,
  `CREADO_EL` datetime NOT NULL,
  `ACTUALIZADO_POR` varchar(20) NOT NULL,
  `ACTUALIZADO_EL` datetime NOT NULL,
  PRIMARY KEY (`ID`),
  KEY `FK_ARTICULO_QUE_OFRECE_PROVEEDOR` (`ARTICULO`),
  KEY `FK_PROVEEDOR_DEL_ARTICULO` (`PROVEEDOR`),
  CONSTRAINT `FK_ARTICULO_QUE_OFRECE_PROVEEDOR` FOREIGN KEY (`ARTICULO`) REFERENCES `articulo` (`ARTICULO`),
  CONSTRAINT `FK_PROVEEDOR_DEL_ARTICULO` FOREIGN KEY (`PROVEEDOR`) REFERENCES `proveedor` (`PROVEEDOR`)
) ENGINE=InnoDB DEFAULT CHARSET=latin1 COMMENT='Tabla que relaciona los articulos con los proveedores que lo';


DROP TABLE IF EXISTS `auth_asignacion`;
CREATE TABLE `auth_asignacion` (
  `itemname` varchar(64) NOT NULL,
  `userid` varchar(64) NOT NULL,
  `bizrule` text,
  `data` text,
  PRIMARY KEY (`itemname`,`userid`),
  CONSTRAINT `auth_asignacion_ibfk_1` FOREIGN KEY (`itemname`) REFERENCES `auth_items` (`name`) ON DELETE CASCADE ON UPDATE CASCADE
) ENGINE=InnoDB DEFAULT CHARSET=latin1;

INSERT INTO `auth_asignacion` (`itemname`, `userid`, `bizrule`, `data`) VALUES
('Demo',	'2',	'',	's:0:\"\";'),
('SuperAdministrador',	'1',	'',	's:0:\"\";');

DROP TABLE IF EXISTS `auth_items`;
CREATE TABLE `auth_items` (
  `name` varchar(64) NOT NULL,
  `type` int(11) NOT NULL,
  `description` text,
  `bizrule` text,
  `data` text,
  PRIMARY KEY (`name`)
) ENGINE=InnoDB DEFAULT CHARSET=latin1;

INSERT INTO `auth_items` (`name`, `type`, `description`, `bizrule`, `data`) VALUES
('Articulo',	1,	'',	'',	's:0:\"\";'),
('ArticuloAdmin',	0,	NULL,	NULL,	'N;'),
('ArticuloCargar',	0,	NULL,	NULL,	'N;'),
('ArticuloCargarAjax',	0,	NULL,	NULL,	'N;'),
('ArticuloCargarAjax2',	0,	NULL,	NULL,	'N;'),
('ArticuloCargarAjax3',	0,	NULL,	NULL,	'N;'),
('ArticuloCargarAjax4',	0,	NULL,	NULL,	'N;'),
('ArticuloCargarAjax5',	0,	NULL,	NULL,	'N;'),
('ArticuloCargararticulo',	0,	NULL,	NULL,	'N;'),
('ArticuloCreate',	0,	NULL,	NULL,	'N;'),
('ArticuloDelete',	0,	NULL,	NULL,	'N;'),
('ArticuloIndex',	0,	NULL,	NULL,	'N;'),
('ArticuloMultimedia',	1,	'',	'',	's:0:\"\";'),
('ArticuloMultimediaAdmin',	0,	NULL,	NULL,	'N;'),
('ArticuloMultimediaCreate',	0,	NULL,	NULL,	'N;'),
('ArticuloMultimediaDelete',	0,	NULL,	NULL,	'N;'),
('ArticuloMultimediaIndex',	0,	NULL,	NULL,	'N;'),
('ArticuloMultimediaUpdate',	0,	NULL,	NULL,	'N;'),
('ArticuloMultimediaView',	0,	NULL,	NULL,	'N;'),
('ArticuloProveedor',	1,	'',	'',	's:0:\"\";'),
('ArticuloProveedorAdmin',	0,	NULL,	NULL,	'N;'),
('ArticuloProveedorCargarAjax',	0,	NULL,	NULL,	'N;'),
('ArticuloProveedorCreate',	0,	NULL,	NULL,	'N;'),
('ArticuloProveedorDelete',	0,	NULL,	NULL,	'N;'),
('ArticuloProveedorIndex',	0,	NULL,	NULL,	'N;'),
('ArticuloProveedorUpdate',	0,	NULL,	NULL,	'N;'),
('ArticuloProveedorView',	0,	NULL,	NULL,	'N;'),
('ArticuloUpdate',	0,	NULL,	NULL,	'N;'),
('ArticuloView',	0,	NULL,	NULL,	'N;'),
('Bodega',	1,	'',	'',	's:0:\"\";'),
('BodegaAdmin',	0,	NULL,	NULL,	'N;'),
('BodegaCargarbodega',	0,	NULL,	NULL,	'N;'),
('BodegaCreate',	0,	NULL,	NULL,	'N;'),
('BodegaDelete',	0,	NULL,	NULL,	'N;'),
('BodegaIndex',	0,	NULL,	NULL,	'N;'),
('BodegaUpdate',	0,	NULL,	NULL,	'N;'),
('BodegaView',	0,	NULL,	NULL,	'N;'),
('Categoria',	1,	'',	'',	's:0:\"\";'),
('CategoriaAdmin',	0,	NULL,	NULL,	'N;'),
('CategoriaCreate',	0,	NULL,	NULL,	'N;'),
('CategoriaDelete',	0,	NULL,	NULL,	'N;'),
('CategoriaIndex',	0,	NULL,	NULL,	'N;'),
('CategoriaUpdate',	0,	NULL,	NULL,	'N;'),
('CategoriaView',	0,	NULL,	NULL,	'N;'),
('CentroCostos',	1,	'',	'',	's:0:\"\";'),
('CentroCostosAdmin',	0,	NULL,	NULL,	'N;'),
('CentroCostosCreate',	0,	NULL,	NULL,	'N;'),
('CentroCostosDelete',	0,	NULL,	NULL,	'N;'),
('CentroCostosIndex',	0,	NULL,	NULL,	'N;'),
('CentroCostosUpdate',	0,	NULL,	NULL,	'N;'),
('CentroCostosView',	0,	NULL,	NULL,	'N;'),
('ClasifiacionAdicional',	1,	'',	'',	's:0:\"\";'),
('Clasificacion',	1,	'',	'',	's:0:\"\";'),
('ClasificacionAdiAdmin',	0,	NULL,	NULL,	'N;'),
('ClasificacionAdicionalValor',	1,	'',	'',	's:0:\"\";'),
('ClasificacionAdiCreate',	0,	NULL,	NULL,	'N;'),
('ClasificacionAdiDelete',	0,	NULL,	NULL,	'N;'),
('ClasificacionAdiIndex',	0,	NULL,	NULL,	'N;'),
('ClasificacionAdiUpdate',	0,	NULL,	NULL,	'N;'),
('ClasificacionAdiValorAdmin',	0,	NULL,	NULL,	'N;'),
('ClasificacionAdiValorCreate',	0,	NULL,	NULL,	'N;'),
('ClasificacionAdiValorDelete',	0,	NULL,	NULL,	'N;'),
('ClasificacionAdiValorIndex',	0,	NULL,	NULL,	'N;'),
('ClasificacionAdiValorUpdate',	0,	NULL,	NULL,	'N;'),
('ClasificacionAdiValorView',	0,	NULL,	NULL,	'N;'),
('ClasificacionAdiView',	0,	NULL,	NULL,	'N;'),
('ClasificacionAdmin',	0,	NULL,	NULL,	'N;'),
('ClasificacionCreate',	0,	NULL,	NULL,	'N;'),
('ClasificacionDelete',	0,	NULL,	NULL,	'N;'),
('ClasificacionIndex',	0,	NULL,	NULL,	'N;'),
('ClasificacionUpdate',	0,	NULL,	NULL,	'N;'),
('ClasificacionView',	0,	NULL,	NULL,	'N;'),
('CodicionPago',	1,	'',	'',	's:0:\"\";'),
('CodicionPagoAdmin',	0,	NULL,	NULL,	'N;'),
('CodicionPagoCreate',	0,	NULL,	NULL,	'N;'),
('CodicionPagoDelete',	0,	NULL,	NULL,	'N;'),
('CodicionPagoIndex',	0,	NULL,	NULL,	'N;'),
('CodicionPagoUpdate',	0,	NULL,	NULL,	'N;'),
('CodicionPagoView',	0,	NULL,	NULL,	'N;'),
('Compania',	1,	'',	'',	's:0:\"\";'),
('CompaniaAdmin',	0,	NULL,	NULL,	'N;'),
('CompaniaCargar',	0,	NULL,	NULL,	'N;'),
('CompaniaCreate',	0,	NULL,	NULL,	'N;'),
('CompaniaDelete',	0,	NULL,	NULL,	'N;'),
('CompaniaIndex',	0,	NULL,	NULL,	'N;'),
('CompaniaUpdate',	0,	NULL,	NULL,	'N;'),
('CompaniaView',	0,	NULL,	NULL,	'N;'),
('ConfAsAdmin',	0,	NULL,	NULL,	'N;'),
('ConfAsCreate',	0,	NULL,	NULL,	'N;'),
('ConfAsDelete',	0,	NULL,	NULL,	'N;'),
('ConfAsIndex',	0,	NULL,	NULL,	'N;'),
('ConfAsUpdate',	0,	NULL,	NULL,	'N;'),
('ConfAsView',	0,	NULL,	NULL,	'N;'),
('ConfCiAdmin',	0,	NULL,	NULL,	'N;'),
('ConfCiCreate',	0,	NULL,	NULL,	'N;'),
('ConfCiDelete',	0,	NULL,	NULL,	'N;'),
('ConfCiUpdate',	0,	NULL,	NULL,	'N;'),
('ConfCiView',	0,	NULL,	NULL,	'N;'),
('ConfCoAdmin',	0,	NULL,	NULL,	'N;'),
('ConfCoCreate',	0,	NULL,	NULL,	'N;'),
('ConfCoDelete',	0,	NULL,	NULL,	'N;'),
('ConfCoIndex',	0,	NULL,	NULL,	'N;'),
('ConfCoUpdate',	0,	NULL,	NULL,	'N;'),
('ConfCoView',	0,	NULL,	NULL,	'N;'),
('ConfiguracionAdministracion',	1,	'',	'',	's:0:\"\";'),
('ConfiguracionCompras',	1,	'',	'',	's:0:\"\";'),
('ConfiguracionInventario',	1,	'',	'',	's:0:\"\";'),
('ConsecutivoCiAdmin',	0,	NULL,	NULL,	'N;'),
('ConsecutivoCiCargartransaccion',	0,	NULL,	NULL,	'N;'),
('ConsecutivoCiCreate',	0,	NULL,	NULL,	'N;'),
('ConsecutivoCiDelete',	0,	NULL,	NULL,	'N;'),
('ConsecutivoCiIndex',	0,	NULL,	NULL,	'N;'),
('ConsecutivoCiUpdate',	0,	NULL,	NULL,	'N;'),
('ConsecutivoCiView',	0,	NULL,	NULL,	'N;'),
('Consecutivos',	1,	'Consecutivos de inventario',	'',	's:0:\"\";'),
('Demo',	2,	'Rol para demos',	'',	's:0:\"\";'),
('Departamento',	1,	'',	'',	's:0:\"\";'),
('DepartamentoAdmin',	0,	NULL,	NULL,	'N;'),
('DepartamentoCreate',	0,	NULL,	NULL,	'N;'),
('DepartamentoDelete',	0,	NULL,	NULL,	'N;'),
('DepartamentoIndex',	0,	NULL,	NULL,	'N;'),
('DepartamentoUpdate',	0,	NULL,	NULL,	'N;'),
('DepartamentoView',	0,	NULL,	NULL,	'N;'),
('DiaFeriado',	1,	'',	'',	's:0:\"\";'),
('DiaFeriadoAdmin',	0,	NULL,	NULL,	'N;'),
('DiaFeriadoCreate',	0,	NULL,	NULL,	'N;'),
('DiaFeriadoDelete',	0,	NULL,	NULL,	'N;'),
('DiaFeriadoIndex',	0,	NULL,	NULL,	'N;'),
('DiaFeriadoUpdate',	0,	NULL,	NULL,	'N;'),
('DiaFeriadoView',	0,	NULL,	NULL,	'N;'),
('DocumentoInvAdmin',	0,	NULL,	NULL,	'N;'),
('DocumentoInvAgregarlinea',	0,	NULL,	NULL,	'N;'),
('DocumentoInvAplicar',	0,	NULL,	NULL,	'N;'),
('DocumentoInvAprobar',	0,	NULL,	NULL,	'N;'),
('DocumentoInvCancelar',	0,	NULL,	NULL,	'N;'),
('DocumentoInvCargarconsecutivo',	0,	NULL,	NULL,	'N;'),
('DocumentoInvCreate',	0,	NULL,	NULL,	'N;'),
('DocumentoInvUpdate',	0,	NULL,	NULL,	'N;'),
('DocumentoInvView',	0,	NULL,	NULL,	'N;'),
('Documentos de Inventario',	1,	'Manejar los documentos de inventario',	'',	's:0:\"\";'),
('EntidadFinanciera',	1,	'',	'',	's:0:\"\";'),
('EntidadFinancieraAdmin',	0,	NULL,	NULL,	'N;'),
('EntidadFinancieraCreate',	0,	NULL,	NULL,	'N;'),
('EntidadFinancieraDelete',	0,	NULL,	NULL,	'N;'),
('EntidadFinancieraIndex',	0,	NULL,	NULL,	'N;'),
('EntidadFinancieraUpdate',	0,	NULL,	NULL,	'N;'),
('EntidadFinancieraView',	0,	NULL,	NULL,	'N;'),
('ExistenciaBodegaAdmin',	0,	NULL,	NULL,	'N;'),
('ExistenciaBodegaCargarAjax',	0,	NULL,	NULL,	'N;'),
('ExistenciaBodegaCreate',	0,	NULL,	NULL,	'N;'),
('ExistenciaBodegaDelete',	0,	NULL,	NULL,	'N;'),
('ExistenciaBodegaIndex',	0,	NULL,	NULL,	'N;'),
('ExistenciaBodegaUpdate',	0,	NULL,	NULL,	'N;'),
('ExistenciaBodegaView',	0,	NULL,	NULL,	'N;'),
('ExistenciasBodegas',	1,	'',	'',	's:0:\"\";'),
('Impuesto',	1,	'',	'',	's:0:\"\";'),
('ImpuestoAdmin',	0,	NULL,	NULL,	'N;'),
('ImpuestoCargarimpuesto',	0,	NULL,	NULL,	'N;'),
('ImpuestoCreate',	0,	NULL,	NULL,	'N;'),
('ImpuestoDelete',	0,	NULL,	NULL,	'N;'),
('ImpuestoIndex',	0,	NULL,	NULL,	'N;'),
('ImpuestoUpdate',	0,	NULL,	NULL,	'N;'),
('ImpuestoView',	0,	NULL,	NULL,	'N;'),
('MetodoValuacion',	1,	'',	'',	's:0:\"\";'),
('MetodoValuacionInvAdmin',	0,	NULL,	NULL,	'N;'),
('MetodoValuacionInvCreate',	0,	NULL,	NULL,	'N;'),
('MetodoValuacionInvDelete',	0,	NULL,	NULL,	'N;'),
('MetodoValuacionInvIndex',	0,	NULL,	NULL,	'N;'),
('MetodoValuacionInvUpdate',	0,	NULL,	NULL,	'N;'),
('MetodoValuacionInvView',	0,	NULL,	NULL,	'N;'),
('Nit',	1,	'',	'',	's:0:\"\";'),
('NitAdmin',	0,	NULL,	NULL,	'N;'),
('NitCreate',	0,	NULL,	NULL,	'N;'),
('NitDelete',	0,	NULL,	NULL,	'N;'),
('NitIndex',	0,	NULL,	NULL,	'N;'),
('NitUpdate',	0,	NULL,	NULL,	'N;'),
('NitView',	0,	NULL,	NULL,	'N;'),
('NivelPrecio',	1,	'',	'',	's:0:\"\";'),
('NivelPrecioAdmin',	0,	NULL,	NULL,	'N;'),
('NivelPrecioCreate',	0,	NULL,	NULL,	'N;'),
('NivelPrecioDelete',	0,	NULL,	NULL,	'N;'),
('NivelPrecioIndex',	0,	NULL,	NULL,	'N;'),
('NivelPrecioUpdate',	0,	NULL,	NULL,	'N;'),
('NivelPrecioView',	0,	NULL,	NULL,	'N;'),
('OrdenCompra',	1,	'',	'',	's:0:\"\";'),
('OrdenCompraActualizaImpuesto',	0,	NULL,	NULL,	'N;'),
('OrdenCompraAdmin',	0,	NULL,	NULL,	'N;'),
('OrdenCompraAutorizar',	0,	NULL,	NULL,	'N;'),
('OrdenCompraCancelar',	0,	NULL,	NULL,	'N;'),
('OrdenCompraCargarArticulo',	0,	NULL,	NULL,	'N;'),
('OrdenCompraCargarLineas',	0,	NULL,	NULL,	'N;'),
('OrdenCompraCargarProveedor',	0,	NULL,	NULL,	'N;'),
('OrdenCompraCerrar',	0,	NULL,	NULL,	'N;'),
('OrdenCompraCreate',	0,	NULL,	NULL,	'N;'),
('OrdenCompraDelete',	0,	NULL,	NULL,	'N;'),
('OrdenCompraIndex',	0,	NULL,	NULL,	'N;'),
('OrdenCompraReversar',	0,	NULL,	NULL,	'N;'),
('OrdenCompraUpdate',	0,	NULL,	NULL,	'N;'),
('OrdenCompraView',	0,	NULL,	NULL,	'N;'),
('Pais',	1,	'',	'',	's:0:\"\";'),
('PaisAdmin',	0,	NULL,	NULL,	'N;'),
('PaisCreate',	0,	NULL,	NULL,	'N;'),
('PaisDelete',	0,	NULL,	NULL,	'N;'),
('PaisIndex',	0,	NULL,	NULL,	'N;'),
('PaisUpdate',	0,	NULL,	NULL,	'N;'),
('PaisView',	0,	NULL,	NULL,	'N;'),
('Proveedor',	1,	'',	'',	's:0:\"\";'),
('ProveedorAdmin',	0,	NULL,	NULL,	'N;'),
('ProveedorAutocompletar',	0,	NULL,	NULL,	'N;'),
('ProveedorCargarNit',	0,	NULL,	NULL,	'N;'),
('ProveedorCargarproveedor',	0,	NULL,	NULL,	'N;'),
('ProveedorCreate',	0,	NULL,	NULL,	'N;'),
('ProveedorDelete',	0,	NULL,	NULL,	'N;'),
('ProveedorIndex',	0,	NULL,	NULL,	'N;'),
('ProveedorUpdate',	0,	NULL,	NULL,	'N;'),
('ProveedorView',	0,	NULL,	NULL,	'N;'),
('Retencion',	1,	'',	'',	's:0:\"\";'),
('RetencionAdmin',	0,	NULL,	NULL,	'N;'),
('RetencionCargarretencion',	0,	NULL,	NULL,	'N;'),
('RetencionCreate',	0,	NULL,	NULL,	'N;'),
('RetencionDelete',	0,	NULL,	NULL,	'N;'),
('RetencionIndex',	0,	NULL,	NULL,	'N;'),
('RetencionUpdate',	0,	NULL,	NULL,	'N;'),
('RetencionView',	0,	NULL,	NULL,	'N;'),
('SolicitudOc',	1,	'',	'',	's:0:\"\";'),
('SolicitudOcAdmin',	0,	NULL,	NULL,	'N;'),
('SolicitudOcCargarArticulo',	0,	NULL,	NULL,	'N;'),
('SolicitudOcCreate',	0,	NULL,	NULL,	'N;'),
('SolicitudOcDelete',	0,	NULL,	NULL,	'N;'),
('SolicitudOcIndex',	0,	NULL,	NULL,	'N;'),
('SolicitudOcLinea',	1,	'',	'',	's:0:\"\";'),
('SolicitudOcLineaAdmin',	0,	NULL,	NULL,	'N;'),
('SolicitudOcLineaCreate',	0,	NULL,	NULL,	'N;'),
('SolicitudOcLineaDelete',	0,	NULL,	NULL,	'N;'),
('SolicitudOcLineaIndex',	0,	NULL,	NULL,	'N;'),
('SolicitudOcLineaUpdate',	0,	NULL,	NULL,	'N;'),
('SolicitudOcLineaView',	0,	NULL,	NULL,	'N;'),
('SolicitudOcUpdate',	0,	NULL,	NULL,	'N;'),
('SolicitudOcView',	0,	NULL,	NULL,	'N;'),
('SuperAdministrador',	2,	NULL,	NULL,	NULL),
('TipoArticulo',	1,	'',	'',	's:0:\"\";'),
('TipoArticuloAdmin',	0,	NULL,	NULL,	'N;'),
('TipoArticuloCreate',	0,	NULL,	NULL,	'N;'),
('TipoArticuloDelete',	0,	NULL,	NULL,	'N;'),
('TipoArticuloIndex',	0,	NULL,	NULL,	'N;'),
('TipoArticuloUpdate',	0,	NULL,	NULL,	'N;'),
('TipoArticuloView',	0,	NULL,	NULL,	'N;'),
('TipoDocumento',	1,	'',	'',	's:0:\"\";'),
('TipoDocumentoAdmin',	0,	NULL,	NULL,	'N;'),
('TipoDocumentoCreate',	0,	NULL,	NULL,	'N;'),
('TipoDocumentoDelete',	0,	NULL,	NULL,	'N;'),
('TipoDocumentoIndex',	0,	NULL,	NULL,	'N;'),
('TipoDocumentoUpdate',	0,	NULL,	NULL,	'N;'),
('TipoDocumentoView',	0,	NULL,	NULL,	'N;'),
('TipoTarjeta',	1,	'',	'',	's:0:\"\";'),
('TipoTarjetaAdmin',	0,	NULL,	NULL,	'N;'),
('TipoTarjetaCreate',	0,	NULL,	NULL,	'N;'),
('TipoTarjetaDelete',	0,	NULL,	NULL,	'N;'),
('TipoTarjetaIndex',	0,	NULL,	NULL,	'N;'),
('TipoTarjetaUpdate',	0,	NULL,	NULL,	'N;'),
('TipoTarjetaView',	0,	NULL,	NULL,	'N;'),
('TipoTransaccion',	1,	'',	'',	's:0:\"\";'),
('TipoTransaccionAdmin',	0,	NULL,	NULL,	'N;'),
('TipoTransaccionCargarcantidad',	0,	NULL,	NULL,	'N;'),
('TipoTransaccionCargarsubtipo',	0,	NULL,	NULL,	'N;'),
('TipoTransaccionCreate',	0,	NULL,	NULL,	'N;'),
('TipoTransaccionDelete',	0,	NULL,	NULL,	'N;'),
('TipoTransaccionIndex',	0,	NULL,	NULL,	'N;'),
('TipoTransaccionUpdate',	0,	NULL,	NULL,	'N;'),
('TipoTransaccionView',	0,	NULL,	NULL,	'N;'),
('UbicacionGeografica1',	1,	'',	'',	's:0:\"\";'),
('UbicacionGeografica1Admin',	0,	NULL,	NULL,	'N;'),
('UbicacionGeografica1Create',	0,	NULL,	NULL,	'N;'),
('UbicacionGeografica1Delete',	0,	NULL,	NULL,	'N;'),
('UbicacionGeografica1Index',	0,	NULL,	NULL,	'N;'),
('UbicacionGeografica1Update',	0,	NULL,	NULL,	'N;'),
('UbicacionGeografica1View',	0,	NULL,	NULL,	'N;'),
('UbicacionGeografica2',	1,	'',	'',	's:0:\"\";'),
('UbicacionGeografica2Admin',	0,	NULL,	NULL,	'N;'),
('UbicacionGeografica2Create',	0,	NULL,	NULL,	'N;'),
('UbicacionGeografica2Delete',	0,	NULL,	NULL,	'N;'),
('UbicacionGeografica2Index',	0,	NULL,	NULL,	'N;'),
('UbicacionGeografica2Update',	0,	NULL,	NULL,	'N;'),
('UbicacionGeografica2View',	0,	NULL,	NULL,	'N;'),
('UnidadMedida',	1,	'',	'',	's:0:\"\";'),
('UnidadMedidaAdmin',	0,	NULL,	NULL,	'N;'),
('UnidadMedidaCreate',	0,	NULL,	NULL,	'N;'),
('UnidadMedidaDelete',	0,	NULL,	NULL,	'N;'),
('UnidadMedidaIndex',	0,	NULL,	NULL,	'N;'),
('UnidadMedidaUpdate',	0,	NULL,	NULL,	'N;'),
('UnidadMedidaView',	0,	NULL,	NULL,	'N;'),
('Usuarios',	1,	'',	'',	's:0:\"\";'),
('UsuariosAdmin',	0,	NULL,	NULL,	'N;'),
('UsuariosCreate',	0,	NULL,	NULL,	'N;'),
('UsuariosDelete',	0,	NULL,	NULL,	'N;'),
('UsuariosIndex',	0,	NULL,	NULL,	'N;'),
('UsuariosUpdate',	0,	NULL,	NULL,	'N;'),
('UsuariosView',	0,	NULL,	NULL,	'N;'),
('Zona',	1,	'',	'',	's:0:\"\";'),
('ZonaAdmin',	0,	NULL,	NULL,	'N;'),
('ZonaCreate',	0,	NULL,	NULL,	'N;'),
('ZonaDelete',	0,	NULL,	NULL,	'N;'),
('ZonaIndex',	0,	NULL,	NULL,	'N;'),
('ZonaUpdate',	0,	NULL,	NULL,	'N;'),
('ZonaView',	0,	NULL,	NULL,	'N;');

DROP TABLE IF EXISTS `auth_relaciones`;
CREATE TABLE `auth_relaciones` (
  `parent` varchar(64) NOT NULL,
  `child` varchar(64) NOT NULL,
  PRIMARY KEY (`parent`,`child`),
  KEY `child` (`child`),
  CONSTRAINT `auth_relaciones_ibfk_1` FOREIGN KEY (`parent`) REFERENCES `auth_items` (`name`) ON DELETE CASCADE ON UPDATE CASCADE,
  CONSTRAINT `auth_relaciones_ibfk_2` FOREIGN KEY (`child`) REFERENCES `auth_items` (`name`) ON DELETE CASCADE ON UPDATE CASCADE
) ENGINE=InnoDB DEFAULT CHARSET=latin1;

INSERT INTO `auth_relaciones` (`parent`, `child`) VALUES
('SuperAdministrador',	'Articulo'),
('Articulo',	'ArticuloAdmin'),
('Articulo',	'ArticuloCargar'),
('Articulo',	'ArticuloCargarAjax'),
('Articulo',	'ArticuloCargarAjax2'),
('Articulo',	'ArticuloCargarAjax3'),
('Articulo',	'ArticuloCargarAjax4'),
('Articulo',	'ArticuloCargarAjax5'),
('Articulo',	'ArticuloCargararticulo'),
('Articulo',	'ArticuloCreate'),
('Articulo',	'ArticuloDelete'),
('Articulo',	'ArticuloIndex'),
('SuperAdministrador',	'ArticuloMultimedia'),
('ArticuloMultimedia',	'ArticuloMultimediaAdmin'),
('ArticuloMultimedia',	'ArticuloMultimediaCreate'),
('ArticuloMultimedia',	'ArticuloMultimediaDelete'),
('ArticuloMultimedia',	'ArticuloMultimediaIndex'),
('ArticuloMultimedia',	'ArticuloMultimediaUpdate'),
('ArticuloMultimedia',	'ArticuloMultimediaView'),
('SuperAdministrador',	'ArticuloProveedor'),
('ArticuloProveedor',	'ArticuloProveedorAdmin'),
('ArticuloProveedor',	'ArticuloProveedorCargarAjax'),
('ArticuloProveedor',	'ArticuloProveedorCreate'),
('ArticuloProveedor',	'ArticuloProveedorDelete'),
('ArticuloProveedor',	'ArticuloProveedorIndex'),
('ArticuloProveedor',	'ArticuloProveedorUpdate'),
('ArticuloProveedor',	'ArticuloProveedorView'),
('Articulo',	'ArticuloUpdate'),
('Articulo',	'ArticuloView'),
('SuperAdministrador',	'Bodega'),
('Bodega',	'BodegaAdmin'),
('Bodega',	'BodegaCargarbodega'),
('Bodega',	'BodegaCreate'),
('Bodega',	'BodegaDelete'),
('Bodega',	'BodegaIndex'),
('Bodega',	'BodegaUpdate'),
('Bodega',	'BodegaView'),
('SuperAdministrador',	'Categoria'),
('Categoria',	'CategoriaAdmin'),
('Categoria',	'CategoriaCreate'),
('Categoria',	'CategoriaDelete'),
('Categoria',	'CategoriaIndex'),
('Categoria',	'CategoriaUpdate'),
('Categoria',	'CategoriaView'),
('SuperAdministrador',	'CentroCostos'),
('CentroCostos',	'CentroCostosAdmin'),
('CentroCostos',	'CentroCostosCreate'),
('CentroCostos',	'CentroCostosDelete'),
('CentroCostos',	'CentroCostosIndex'),
('CentroCostos',	'CentroCostosUpdate'),
('CentroCostos',	'CentroCostosView'),
('SuperAdministrador',	'ClasifiacionAdicional'),
('SuperAdministrador',	'Clasificacion'),
('ClasifiacionAdicional',	'ClasificacionAdiAdmin'),
('SuperAdministrador',	'ClasificacionAdicionalValor'),
('ClasifiacionAdicional',	'ClasificacionAdiCreate'),
('ClasifiacionAdicional',	'ClasificacionAdiDelete'),
('ClasifiacionAdicional',	'ClasificacionAdiIndex'),
('ClasifiacionAdicional',	'ClasificacionAdiUpdate'),
('ClasificacionAdicionalValor',	'ClasificacionAdiValorAdmin'),
('ClasificacionAdicionalValor',	'ClasificacionAdiValorCreate'),
('ClasificacionAdicionalValor',	'ClasificacionAdiValorDelete'),
('ClasificacionAdicionalValor',	'ClasificacionAdiValorIndex'),
('ClasificacionAdicionalValor',	'ClasificacionAdiValorUpdate'),
('ClasificacionAdicionalValor',	'ClasificacionAdiValorView'),
('ClasifiacionAdicional',	'ClasificacionAdiView'),
('Clasificacion',	'ClasificacionAdmin'),
('Clasificacion',	'ClasificacionCreate'),
('Clasificacion',	'ClasificacionDelete'),
('Clasificacion',	'ClasificacionIndex'),
('Clasificacion',	'ClasificacionUpdate'),
('Clasificacion',	'ClasificacionView'),
('SuperAdministrador',	'CodicionPago'),
('CodicionPago',	'CodicionPagoAdmin'),
('CodicionPago',	'CodicionPagoCreate'),
('CodicionPago',	'CodicionPagoDelete'),
('CodicionPago',	'CodicionPagoIndex'),
('CodicionPago',	'CodicionPagoUpdate'),
('CodicionPago',	'CodicionPagoView'),
('SuperAdministrador',	'Compania'),
('Compania',	'CompaniaAdmin'),
('Compania',	'CompaniaCargar'),
('Compania',	'CompaniaCreate'),
('Compania',	'CompaniaDelete'),
('Compania',	'CompaniaIndex'),
('Compania',	'CompaniaUpdate'),
('Compania',	'CompaniaView'),
('ConfiguracionAdministracion',	'ConfAsAdmin'),
('ConfiguracionAdministracion',	'ConfAsCreate'),
('ConfiguracionAdministracion',	'ConfAsDelete'),
('ConfiguracionAdministracion',	'ConfAsIndex'),
('ConfiguracionAdministracion',	'ConfAsUpdate'),
('ConfiguracionAdministracion',	'ConfAsView'),
('ConfiguracionInventario',	'ConfCiAdmin'),
('ConfiguracionInventario',	'ConfCiCreate'),
('ConfiguracionInventario',	'ConfCiDelete'),
('ConfiguracionInventario',	'ConfCiUpdate'),
('ConfiguracionInventario',	'ConfCiView'),
('ConfiguracionCompras',	'ConfCoAdmin'),
('ConfiguracionCompras',	'ConfCoCreate'),
('ConfiguracionCompras',	'ConfCoDelete'),
('ConfiguracionCompras',	'ConfCoIndex'),
('ConfiguracionCompras',	'ConfCoUpdate'),
('ConfiguracionCompras',	'ConfCoView'),
('SuperAdministrador',	'ConfiguracionAdministracion'),
('SuperAdministrador',	'ConfiguracionCompras'),
('SuperAdministrador',	'ConfiguracionInventario'),
('Consecutivos',	'ConsecutivoCiAdmin'),
('Consecutivos',	'ConsecutivoCiCargartransaccion'),
('Consecutivos',	'ConsecutivoCiCreate'),
('Consecutivos',	'ConsecutivoCiDelete'),
('Consecutivos',	'ConsecutivoCiIndex'),
('Consecutivos',	'ConsecutivoCiUpdate'),
('Consecutivos',	'ConsecutivoCiView'),
('SuperAdministrador',	'Consecutivos'),
('SuperAdministrador',	'Departamento'),
('Departamento',	'DepartamentoAdmin'),
('Departamento',	'DepartamentoCreate'),
('Departamento',	'DepartamentoDelete'),
('Departamento',	'DepartamentoIndex'),
('Departamento',	'DepartamentoUpdate'),
('Departamento',	'DepartamentoView'),
('SuperAdministrador',	'DiaFeriado'),
('DiaFeriado',	'DiaFeriadoAdmin'),
('DiaFeriado',	'DiaFeriadoCreate'),
('DiaFeriado',	'DiaFeriadoDelete'),
('DiaFeriado',	'DiaFeriadoIndex'),
('DiaFeriado',	'DiaFeriadoUpdate'),
('DiaFeriado',	'DiaFeriadoView'),
('Documentos de Inventario',	'DocumentoInvAdmin'),
('Documentos de Inventario',	'DocumentoInvAgregarlinea'),
('Documentos de Inventario',	'DocumentoInvAplicar'),
('Documentos de Inventario',	'DocumentoInvAprobar'),
('Documentos de Inventario',	'DocumentoInvCancelar'),
('Documentos de Inventario',	'DocumentoInvCargarconsecutivo'),
('Documentos de Inventario',	'DocumentoInvCreate'),
('Documentos de Inventario',	'DocumentoInvUpdate'),
('Documentos de Inventario',	'DocumentoInvView'),
('SuperAdministrador',	'Documentos de Inventario'),
('SuperAdministrador',	'EntidadFinanciera'),
('EntidadFinanciera',	'EntidadFinancieraAdmin'),
('EntidadFinanciera',	'EntidadFinancieraCreate'),
('EntidadFinanciera',	'EntidadFinancieraDelete'),
('EntidadFinanciera',	'EntidadFinancieraIndex'),
('EntidadFinanciera',	'EntidadFinancieraUpdate'),
('EntidadFinanciera',	'EntidadFinancieraView'),
('ExistenciasBodegas',	'ExistenciaBodegaAdmin'),
('ExistenciasBodegas',	'ExistenciaBodegaCargarAjax'),
('ExistenciasBodegas',	'ExistenciaBodegaCreate'),
('ExistenciasBodegas',	'ExistenciaBodegaDelete'),
('ExistenciasBodegas',	'ExistenciaBodegaIndex'),
('ExistenciasBodegas',	'ExistenciaBodegaUpdate'),
('ExistenciasBodegas',	'ExistenciaBodegaView'),
('SuperAdministrador',	'ExistenciasBodegas'),
('SuperAdministrador',	'Impuesto'),
('Impuesto',	'ImpuestoAdmin'),
('Impuesto',	'ImpuestoCargarimpuesto'),
('Impuesto',	'ImpuestoCreate'),
('Impuesto',	'ImpuestoDelete'),
('Impuesto',	'ImpuestoIndex'),
('Impuesto',	'ImpuestoUpdate'),
('Impuesto',	'ImpuestoView'),
('SuperAdministrador',	'MetodoValuacion'),
('MetodoValuacion',	'MetodoValuacionInvAdmin'),
('MetodoValuacion',	'MetodoValuacionInvCreate'),
('MetodoValuacion',	'MetodoValuacionInvDelete'),
('MetodoValuacion',	'MetodoValuacionInvIndex'),
('MetodoValuacion',	'MetodoValuacionInvUpdate'),
('MetodoValuacion',	'MetodoValuacionInvView'),
('SuperAdministrador',	'Nit'),
('Nit',	'NitAdmin'),
('Nit',	'NitCreate'),
('Nit',	'NitDelete'),
('Nit',	'NitIndex'),
('Nit',	'NitUpdate'),
('Nit',	'NitView'),
('SuperAdministrador',	'NivelPrecio'),
('NivelPrecio',	'NivelPrecioAdmin'),
('NivelPrecio',	'NivelPrecioCreate'),
('NivelPrecio',	'NivelPrecioDelete'),
('NivelPrecio',	'NivelPrecioIndex'),
('NivelPrecio',	'NivelPrecioUpdate'),
('NivelPrecio',	'NivelPrecioView'),
('SuperAdministrador',	'OrdenCompra'),
('OrdenCompra',	'OrdenCompraActualizaImpuesto'),
('OrdenCompra',	'OrdenCompraAdmin'),
('OrdenCompra',	'OrdenCompraAutorizar'),
('OrdenCompra',	'OrdenCompraCancelar'),
('OrdenCompra',	'OrdenCompraCargarArticulo'),
('OrdenCompra',	'OrdenCompraCargarLineas'),
('OrdenCompra',	'OrdenCompraCargarProveedor'),
('OrdenCompra',	'OrdenCompraCerrar'),
('OrdenCompra',	'OrdenCompraCreate'),
('OrdenCompra',	'OrdenCompraDelete'),
('OrdenCompra',	'OrdenCompraIndex'),
('OrdenCompra',	'OrdenCompraReversar'),
('OrdenCompra',	'OrdenCompraUpdate'),
('OrdenCompra',	'OrdenCompraView'),
('SuperAdministrador',	'Pais'),
('Pais',	'PaisAdmin'),
('Pais',	'PaisCreate'),
('Pais',	'PaisDelete'),
('Pais',	'PaisIndex'),
('Pais',	'PaisUpdate'),
('Pais',	'PaisView'),
('SuperAdministrador',	'Proveedor'),
('Proveedor',	'ProveedorAdmin'),
('Proveedor',	'ProveedorAutocompletar'),
('Proveedor',	'ProveedorCargarNit'),
('Proveedor',	'ProveedorCargarproveedor'),
('Proveedor',	'ProveedorCreate'),
('Proveedor',	'ProveedorDelete'),
('Proveedor',	'ProveedorIndex'),
('Proveedor',	'ProveedorUpdate'),
('Proveedor',	'ProveedorView'),
('SuperAdministrador',	'Retencion'),
('Retencion',	'RetencionAdmin'),
('Retencion',	'RetencionCargarretencion'),
('Retencion',	'RetencionCreate'),
('Retencion',	'RetencionDelete'),
('Retencion',	'RetencionIndex'),
('Retencion',	'RetencionUpdate'),
('Retencion',	'RetencionView'),
('SuperAdministrador',	'SolicitudOc'),
('SolicitudOc',	'SolicitudOcAdmin'),
('SolicitudOc',	'SolicitudOcCargarArticulo'),
('SolicitudOc',	'SolicitudOcCreate'),
('SolicitudOc',	'SolicitudOcDelete'),
('SolicitudOc',	'SolicitudOcIndex'),
('SuperAdministrador',	'SolicitudOcLinea'),
('SolicitudOcLinea',	'SolicitudOcLineaAdmin'),
('SolicitudOcLinea',	'SolicitudOcLineaCreate'),
('SolicitudOcLinea',	'SolicitudOcLineaDelete'),
('SolicitudOcLinea',	'SolicitudOcLineaIndex'),
('SolicitudOcLinea',	'SolicitudOcLineaUpdate'),
('SolicitudOcLinea',	'SolicitudOcLineaView'),
('SolicitudOc',	'SolicitudOcUpdate'),
('SuperAdministrador',	'TipoArticulo'),
('TipoArticulo',	'TipoArticuloAdmin'),
('TipoArticulo',	'TipoArticuloCreate'),
('TipoArticulo',	'TipoArticuloDelete'),
('TipoArticulo',	'TipoArticuloIndex'),
('TipoArticulo',	'TipoArticuloUpdate'),
('TipoArticulo',	'TipoArticuloView'),
('SuperAdministrador',	'TipoDocumento'),
('TipoDocumento',	'TipoDocumentoAdmin'),
('TipoDocumento',	'TipoDocumentoCreate'),
('TipoDocumento',	'TipoDocumentoDelete'),
('TipoDocumento',	'TipoDocumentoIndex'),
('TipoDocumento',	'TipoDocumentoUpdate'),
('TipoDocumento',	'TipoDocumentoView'),
('SuperAdministrador',	'TipoTarjeta'),
('TipoTarjeta',	'TipoTarjetaAdmin'),
('TipoTarjeta',	'TipoTarjetaCreate'),
('TipoTarjeta',	'TipoTarjetaDelete'),
('TipoTarjeta',	'TipoTarjetaIndex'),
('TipoTarjeta',	'TipoTarjetaUpdate'),
('TipoTarjeta',	'TipoTarjetaView'),
('SuperAdministrador',	'TipoTransaccion'),
('TipoTransaccion',	'TipoTransaccionAdmin'),
('TipoTransaccion',	'TipoTransaccionCargarcantidad'),
('TipoTransaccion',	'TipoTransaccionCargarsubtipo'),
('TipoTransaccion',	'TipoTransaccionCreate'),
('TipoTransaccion',	'TipoTransaccionDelete'),
('TipoTransaccion',	'TipoTransaccionIndex'),
('TipoTransaccion',	'TipoTransaccionUpdate'),
('TipoTransaccion',	'TipoTransaccionView'),
('SuperAdministrador',	'UbicacionGeografica1'),
('UbicacionGeografica1',	'UbicacionGeografica1Admin'),
('UbicacionGeografica1',	'UbicacionGeografica1Create'),
('UbicacionGeografica1',	'UbicacionGeografica1Delete'),
('UbicacionGeografica1',	'UbicacionGeografica1Index'),
('UbicacionGeografica1',	'UbicacionGeografica1Update'),
('UbicacionGeografica1',	'UbicacionGeografica1View'),
('SuperAdministrador',	'UbicacionGeografica2'),
('UbicacionGeografica2',	'UbicacionGeografica2Admin'),
('UbicacionGeografica2',	'UbicacionGeografica2Create'),
('UbicacionGeografica2',	'UbicacionGeografica2Delete'),
('UbicacionGeografica2',	'UbicacionGeografica2Index'),
('UbicacionGeografica2',	'UbicacionGeografica2Update'),
('UbicacionGeografica2',	'UbicacionGeografica2View'),
('SuperAdministrador',	'UnidadMedida'),
('UnidadMedida',	'UnidadMedidaAdmin'),
('UnidadMedida',	'UnidadMedidaCreate'),
('UnidadMedida',	'UnidadMedidaDelete'),
('UnidadMedida',	'UnidadMedidaIndex'),
('UnidadMedida',	'UnidadMedidaUpdate'),
('UnidadMedida',	'UnidadMedidaView'),
('SuperAdministrador',	'Usuarios'),
('Usuarios',	'UsuariosAdmin'),
('Usuarios',	'UsuariosCreate'),
('Usuarios',	'UsuariosDelete'),
('Usuarios',	'UsuariosIndex'),
('Usuarios',	'UsuariosUpdate'),
('Usuarios',	'UsuariosView'),
('SuperAdministrador',	'Zona'),
('Zona',	'ZonaAdmin'),
('Zona',	'ZonaCreate'),
('Zona',	'ZonaDelete'),
('Zona',	'ZonaIndex'),
('Zona',	'ZonaUpdate'),
('Zona',	'ZonaView');

DROP TABLE IF EXISTS `bodega`;
CREATE TABLE `bodega` (
  `ID` varchar(4) NOT NULL,
  `DESCRIPCION` varchar(64) NOT NULL COMMENT 'nombre de la bodega',
  `TIPO` varchar(1) NOT NULL COMMENT 'se refiere al tipo de bodega, dependiendo del tipo de artículos que almacene, de esta manera se puede elegir entre consumo, ventas, no disponible.\n            \n            Consumo: Las bodegas de consumo son aquellas en las que normalmente se almacena la ',
  `TELEFONO` varchar(20) DEFAULT NULL,
  `DIRECCION` varchar(128) DEFAULT NULL,
  `ACTIVO` varchar(1) NOT NULL,
  `CREADO_POR` varchar(20) NOT NULL,
  `CREADO_EL` datetime NOT NULL,
  `ACTUALIZADO_POR` varchar(20) NOT NULL,
  `ACTUALIZADO_EL` datetime NOT NULL,
  PRIMARY KEY (`ID`)
) ENGINE=InnoDB DEFAULT CHARSET=latin1 COMMENT='El propósito de la tabla de Bodegas es relacionar los artícu';

INSERT INTO `bodega` (`ID`, `DESCRIPCION`, `TIPO`, `TELEFONO`, `DIRECCION`, `ACTIVO`, `CREADO_POR`, `CREADO_EL`, `ACTUALIZADO_POR`, `ACTUALIZADO_EL`) VALUES
('1',	'esta es una bodega pequeña',	'p',	'asd',	'as32d1',	'S',	'admin',	'2012-05-11 15:20:32',	'admin',	'2012-05-16 22:41:16'),
('23',	'asd',	'V',	'a',	'a',	'S',	'admin',	'2012-05-18 16:54:36',	'admin',	'2012-05-18 16:54:36'),
('2354',	'asdfasdf',	'C',	'',	'',	'S',	'admin',	'2012-09-27 10:01:12',	'admin',	'2012-09-27 10:01:12'),
('504',	'bodega de ejemplo 2',	'C',	'',	'',	'S',	'admin',	'2012-06-10 19:01:03',	'admin',	'2012-06-10 19:01:03'),
('604',	'Bodeg de ejemplo 1',	'N',	'',	'',	'S',	'admin',	'2012-06-10 19:00:35',	'admin',	'2012-06-10 19:02:09');

DROP TABLE IF EXISTS `categoria`;
CREATE TABLE `categoria` (
  `ID` int(11) NOT NULL AUTO_INCREMENT,
  `DESCRIPCION` varchar(64) NOT NULL COMMENT 'nombre la categoria',
  `TIPO` varchar(1) NOT NULL COMMENT '[C]liente o [P]roveedor',
  `ACTIVO` varchar(1) NOT NULL,
  `CREADO_POR` varchar(20) NOT NULL,
  `CREADO_EL` datetime NOT NULL,
  `ACTUALIZADO_POR` varchar(20) NOT NULL,
  `ACTUALIZADO_EL` datetime NOT NULL,
  PRIMARY KEY (`ID`)
) ENGINE=InnoDB DEFAULT CHARSET=latin1 COMMENT='Permite almacenar las categorias para los clientes y proveed';

INSERT INTO `categoria` (`ID`, `DESCRIPCION`, `TIPO`, `ACTIVO`, `CREADO_POR`, `CREADO_EL`, `ACTUALIZADO_POR`, `ACTUALIZADO_EL`) VALUES
(1,	'categoria 1',	'C',	'S',	'admin',	'2012-05-11 15:22:59',	'admin',	'2012-09-14 18:11:28');

DROP TABLE IF EXISTS `centro_costos`;
CREATE TABLE `centro_costos` (
  `ID` varchar(25) NOT NULL COMMENT 'identificación alfanumérica del centro de costo, la casilla tiene campo para 25 dígitos. Los códigos de los centros de costo se manejan de la misma manera que se manejan los códigos de las cuentas contables, generando centros padre y centros hijos.',
  `DESCRIPCION` varchar(64) NOT NULL COMMENT 'nombre del centro de costo',
  `TIPO` varchar(1) NOT NULL COMMENT 'tipo del centro de costo, puede seleccionar entre los siguientes valores: Gasto, Ingreso o Ambos.',
  `ACTIVO` varchar(1) NOT NULL,
  `CREADO_POR` varchar(20) NOT NULL,
  `CREADO_EL` datetime NOT NULL,
  `ACTUALIZADO_POR` varchar(20) NOT NULL,
  `ACTUALIZADO_EL` datetime NOT NULL,
  PRIMARY KEY (`ID`)
) ENGINE=InnoDB DEFAULT CHARSET=latin1 COMMENT='Esta tabla establece los centros de costo en que está dividi';

INSERT INTO `centro_costos` (`ID`, `DESCRIPCION`, `TIPO`, `ACTIVO`, `CREADO_POR`, `CREADO_EL`, `ACTUALIZADO_POR`, `ACTUALIZADO_EL`) VALUES
('1',	'costo',	'c',	'S',	'admin',	'2012-05-11 15:25:42',	'admin',	'2012-05-11 15:25:42'),
('2',	'asdad',	'a',	'S',	'admin',	'2012-05-11 15:40:59',	'admin',	'2012-05-11 15:40:59'),
('5',	'asd',	'4',	'S',	'admin',	'2012-05-18 14:45:07',	'admin',	'2012-05-18 14:45:07');

DROP TABLE IF EXISTS `clasific_adi_articulo`;
CREATE TABLE `clasific_adi_articulo` (
  `ID` int(11) NOT NULL AUTO_INCREMENT,
  `ARTICULO` varchar(20) NOT NULL,
  `VALOR` int(11) NOT NULL,
  `ACTIVO` varchar(1) NOT NULL,
  `CREADO_POR` varchar(20) NOT NULL,
  `CREADO_EL` datetime DEFAULT NULL,
  `ACTUALIZADO_POR` varchar(20) NOT NULL,
  `ACTUALIZADO_EL` datetime DEFAULT NULL,
  PRIMARY KEY (`ID`),
  KEY `FK_CLASIFICACION_ADI_ARTICULO` (`ARTICULO`),
  KEY `FK_VAL_CLASIF_ADI_ARTICULO` (`VALOR`),
  CONSTRAINT `FK_CLASIFICACION_ADI_ARTICULO` FOREIGN KEY (`ARTICULO`) REFERENCES `articulo` (`ARTICULO`),
  CONSTRAINT `FK_VAL_CLASIF_ADI_ARTICULO` FOREIGN KEY (`VALOR`) REFERENCES `clasificacion_adi_valor` (`ID`)
) ENGINE=InnoDB DEFAULT CHARSET=latin1 COMMENT='Clasificaciones adicionales para lo articulos';

INSERT INTO `clasific_adi_articulo` (`ID`, `ARTICULO`, `VALOR`, `ACTIVO`, `CREADO_POR`, `CREADO_EL`, `ACTUALIZADO_POR`, `ACTUALIZADO_EL`) VALUES
(9,	'001',	1,	'S',	'admin',	'2012-06-26 09:48:20',	'admin',	'2012-06-26 09:48:20'),
(12,	'001',	2,	'S',	'admin',	'2012-09-10 14:14:03',	'admin',	'2012-09-10 14:14:03'),
(13,	'001',	4,	'S',	'admin',	'2012-09-10 14:14:04',	'admin',	'2012-09-10 14:14:04'),
(14,	'001',	6,	'S',	'admin',	'2012-09-10 14:14:05',	'admin',	'2012-09-10 14:14:05');

DROP TABLE IF EXISTS `clasificacion_adi`;
CREATE TABLE `clasificacion_adi` (
  `ID` varchar(12) NOT NULL,
  `NOMBRE` varchar(64) NOT NULL,
  `OBLIGATORIO` varchar(1) NOT NULL,
  `POSICION` smallint(6) NOT NULL,
  `ACTIVO` varchar(1) NOT NULL,
  `CREADO_POR` varchar(20) NOT NULL,
  `CREADO_EL` datetime NOT NULL,
  `ACTUALIZADO_POR` varchar(20) NOT NULL,
  `ACTUALIZADO_EL` datetime DEFAULT NULL,
  PRIMARY KEY (`ID`)
) ENGINE=InnoDB DEFAULT CHARSET=latin1 COMMENT='Clasificaciones para los articulos';

INSERT INTO `clasificacion_adi` (`ID`, `NOMBRE`, `OBLIGATORIO`, `POSICION`, `ACTIVO`, `CREADO_POR`, `CREADO_EL`, `ACTUALIZADO_POR`, `ACTUALIZADO_EL`) VALUES
('0001',	'Editorial',	'S',	1,	'S',	'admin',	'2012-06-09 08:41:25',	'admin',	'2012-09-18 23:37:08'),
('0002',	'Talla',	'N',	2,	'S',	'admin',	'2012-06-09 08:42:18',	'admin',	'2012-06-09 08:42:18'),
('0003',	'Marca',	'S',	3,	'S',	'admin',	'2012-06-09 08:42:33',	'admin',	'2012-06-09 08:42:33');

DROP TABLE IF EXISTS `clasificacion_adi_valor`;
CREATE TABLE `clasificacion_adi_valor` (
  `ID` int(11) NOT NULL AUTO_INCREMENT,
  `CLASIFICACION` varchar(12) NOT NULL,
  `VALOR` varchar(12) NOT NULL,
  `ACTIVO` varchar(1) NOT NULL,
  `CREADO_POR` varchar(20) NOT NULL,
  `CREADO_EL` datetime NOT NULL,
  `ACTUALIZADO_POR` varchar(20) NOT NULL,
  `ACTUALIZADO_EL` datetime DEFAULT NULL,
  PRIMARY KEY (`ID`),
  KEY `FK_CLASIFICACION_DE_LOS_VALORES` (`CLASIFICACION`),
  CONSTRAINT `FK_CLASIFICACION_DE_LOS_VALORES` FOREIGN KEY (`CLASIFICACION`) REFERENCES `clasificacion_adi` (`ID`)
) ENGINE=InnoDB DEFAULT CHARSET=latin1 COMMENT='Valores o detalle de las clasificaciones adicionales';

INSERT INTO `clasificacion_adi_valor` (`ID`, `CLASIFICACION`, `VALOR`, `ACTIVO`, `CREADO_POR`, `CREADO_EL`, `ACTUALIZADO_POR`, `ACTUALIZADO_EL`) VALUES
(1,	'0001',	'Norma',	'S',	'admin',	'2012-06-12 10:12:20',	'admin',	'2012-06-12 10:12:20'),
(2,	'0001',	'Santillana',	'S',	'admin',	'2012-06-12 10:12:36',	'admin',	'2012-06-12 10:12:36'),
(3,	'0002',	'S',	'S',	'admin',	'2012-06-12 10:12:52',	'admin',	'2012-06-12 10:12:52'),
(4,	'0002',	'XL',	'S',	'admin',	'2012-06-12 10:13:01',	'admin',	'2012-06-12 10:13:01'),
(5,	'0003',	'Totto',	'S',	'admin',	'2012-06-12 10:13:09',	'admin',	'2012-06-12 10:13:09'),
(6,	'0003',	'Nike',	'S',	'admin',	'2012-06-12 10:13:17',	'admin',	'2012-06-12 10:13:17'),
(7,	'0002',	'M',	'S',	'admin',	'2012-06-12 14:55:54',	'admin',	'2012-06-12 14:55:54'),
(8,	'0002',	'10',	'S',	'admin',	'2012-06-26 10:50:58',	'admin',	'2012-06-26 10:50:58');

DROP TABLE IF EXISTS `codicion_pago`;
CREATE TABLE `codicion_pago` (
  `ID` varchar(4) NOT NULL COMMENT 'identificación alfanumérica de la condicion de pago',
  `DESCRIPCION` varchar(64) NOT NULL COMMENT 'nombre de la forma de pago.',
  `DIAS_NETO` int(11) NOT NULL COMMENT 'cantidad máxima de días de crédito que acepta la condición',
  `ACTIVO` varchar(1) NOT NULL,
  `CREADO_POR` varchar(20) NOT NULL,
  `CREADO_EL` datetime NOT NULL,
  `ACTUALIZADO_POR` varchar(20) NOT NULL,
  `ACTUALIZADO_EL` datetime NOT NULL,
  PRIMARY KEY (`ID`)
) ENGINE=InnoDB DEFAULT CHARSET=latin1 COMMENT='El propósito de la tabla de Condiciones de Pago, es definir ';

INSERT INTO `codicion_pago` (`ID`, `DESCRIPCION`, `DIAS_NETO`, `ACTIVO`, `CREADO_POR`, `CREADO_EL`, `ACTUALIZADO_POR`, `ACTUALIZADO_EL`) VALUES
('1',	'asdad',	21321,	'S',	'admin',	'2012-05-11 16:03:43',	'admin',	'2012-05-11 16:03:43');

DROP TABLE IF EXISTS `compania`;
CREATE TABLE `compania` (
  `ID` int(11) NOT NULL AUTO_INCREMENT,
  `NOMBRE` varchar(128) NOT NULL,
  `NOMBRE_ABREV` varchar(64) NOT NULL,
  `NIT` varchar(20) DEFAULT NULL,
  `UBICACION_GEOGRAFICA1` varchar(2) DEFAULT NULL,
  `UBICACION_GEOGRAFICA2` varchar(5) DEFAULT NULL,
  `PAIS` varchar(4) DEFAULT NULL,
  `DIRECCION` varchar(256) DEFAULT NULL,
  `TELEFONO1` varchar(20) DEFAULT NULL,
  `TELEFONO2` varchar(20) DEFAULT NULL,
  `LOGO` varchar(128) DEFAULT NULL,
  `CREADO_POR` varchar(20) NOT NULL,
  `CREADO_EL` datetime NOT NULL,
  `ACTUALIZADO_POR` varchar(20) NOT NULL,
  `ACTUALIZADO_EL` datetime NOT NULL,
  PRIMARY KEY (`ID`),
  KEY `FK_PAIS_DE_LA_COMPANIA` (`PAIS`),
  KEY `FK_UBICACION_GEOGRAFICA_COMPANIA` (`UBICACION_GEOGRAFICA2`),
  KEY `UBICACION_GEOGRAFICA1` (`UBICACION_GEOGRAFICA1`),
  CONSTRAINT `compania_ibfk_1` FOREIGN KEY (`UBICACION_GEOGRAFICA1`) REFERENCES `ubicacion_geografica1` (`ID`),
  CONSTRAINT `FK_PAIS_DE_LA_COMPANIA` FOREIGN KEY (`PAIS`) REFERENCES `pais` (`ID`),
  CONSTRAINT `FK_UBICACION_GEOGRAFICA_COMPANIA` FOREIGN KEY (`UBICACION_GEOGRAFICA2`) REFERENCES `ubicacion_geografica2` (`ID`)
) ENGINE=InnoDB DEFAULT CHARSET=latin1 COMMENT='Almacena los datos de la empresa o compañia';

INSERT INTO `compania` (`ID`, `NOMBRE`, `NOMBRE_ABREV`, `NIT`, `UBICACION_GEOGRAFICA1`, `UBICACION_GEOGRAFICA2`, `PAIS`, `DIRECCION`, `TELEFONO1`, `TELEFONO2`, `LOGO`, `CREADO_POR`, `CREADO_EL`, `ACTUALIZADO_POR`, `ACTUALIZADO_EL`) VALUES
(30,	'ALERENS',	'ALERENS',	'38361706-8',	'73',	'73001',	'COL',	'CLL 39 N 12 - 50',	'2665027',	'3138439289',	'',	'admin',	'2012-05-22 00:00:00',	'admin',	'2012-09-22 09:02:20');

DROP TABLE IF EXISTS `conf_as`;
CREATE TABLE `conf_as` (
  `ID` int(11) NOT NULL AUTO_INCREMENT,
  `IMPUESTO1_DESC` varchar(10) DEFAULT NULL COMMENT 'Se debe digitar el nombre que se desea aparezca en los reportes bajo el concepto de impuesto 1. Generalmente se utiliza “Consumo” o “Servicio”. No existe una tabla asociada a este campo, solamente es un campo de texto en el cual el usuario indica al siste',
  `IMPUESTO2_DESC` varchar(10) DEFAULT NULL COMMENT 'Se debe digitar el nombre que se desea aparezca en los reportes bajo el concepto de impuesto 2. Generalmente se utiliza "Ventas", pero si existen otros varios tipos de impuestos, se recomienda definir el mismo como Otros para poder utilizarlo de comodín. ',
  `PATRON_CCOSTO` varchar(25) DEFAULT NULL COMMENT 'es el formato que se utiliza para definir el código de los Centros de Costo.\n            La idea del patrón, es organizar los centros de costo por niveles, su funcionalidad es similar a lo que se definirá para las cuentas contables.\n            Así por ej',
  `SIMBOLO_MONEDA` varchar(3) DEFAULT NULL,
  `CREADO_POR` varchar(20) NOT NULL,
  `CREADO_EL` datetime NOT NULL,
  `ACTUALIZADO_POR` varchar(20) NOT NULL,
  `ACTUALIZADO_EL` datetime NOT NULL,
  PRIMARY KEY (`ID`)
) ENGINE=InnoDB DEFAULT CHARSET=latin1 COMMENT='Tabla que almacena la configuración para el modulo administr';

INSERT INTO `conf_as` (`ID`, `IMPUESTO1_DESC`, `IMPUESTO2_DESC`, `PATRON_CCOSTO`, `SIMBOLO_MONEDA`, `CREADO_POR`, `CREADO_EL`, `ACTUALIZADO_POR`, `ACTUALIZADO_EL`) VALUES
(1,	'Iva',	'',	'1',	'$',	'admin',	'2012-05-11 11:32:22',	'admin',	'2012-05-11 11:32:22');

DROP TABLE IF EXISTS `conf_ci`;
CREATE TABLE `conf_ci` (
  `ID` int(11) NOT NULL,
  `COSTOS_DEC` smallint(6) NOT NULL COMMENT 'Numero de decimales para los costos',
  `EXISTENCIAS_DEC` smallint(6) NOT NULL COMMENT 'Numero de decimales para existencias',
  `PESOS_DEC` smallint(6) NOT NULL COMMENT 'Numero de decimales para el peso de los articulos',
  `COSTO_FISCAL` varchar(10) NOT NULL COMMENT 'costo por omision fiscal            ',
  `COSTO_INGR_DEFAULT` varchar(1) NOT NULL COMMENT 'Costo para ingresos especiales [U]ltimo, [P]romedio o [F]iscal',
  `UNIDAD_PESO` int(11) NOT NULL COMMENT 'unidad de medida que se utilizará para definir el peso de los artículos en inventario',
  `UNIDAD_VOLUMEN` int(11) NOT NULL COMMENT 'unidad de medida que se utilizará para definir el volumen o espacio que ocupan los artículos en el inventario',
  `EXIST_DISPONIBLE` varchar(10) NOT NULL COMMENT 'tipos de existencias que se considerarán para calcular la existencia total de un artículo, se pueden marcar 3 opciones [DIS]ponible, [REM]itida, [RES]ervada, se guardaran separadas por coma en este campo',
  `EXIST_REMITIDA` varchar(3) NOT NULL,
  `EXIST_RESERVADA` varchar(3) NOT NULL,
  `INTEGRACION_CONTA` varchar(1) NOT NULL COMMENT 'Integracion del modulo de inventarios con el modulo contable Si o No',
  `USA_CODIGO_BARRAS` varchar(1) NOT NULL COMMENT 'El sistema utilizará codigo de barras Si o No',
  `LINEAS_MAX_TRANS` int(11) NOT NULL COMMENT 'Número máximo de líneas',
  `USA_UNIDADES_DIST` varchar(1) NOT NULL COMMENT 'Unidades de Distribución: permite que se utilicen las unidades de distribución. Si o No',
  `ASISTENCIA_AUTOMAT` varchar(1) DEFAULT NULL COMMENT 'Asistencia Automática, la asistencia automática en los códigos de barras consiste en un mecanismo el cual puede auxiliar tanto la creación como la validación de los códigos de barras.  Si o No',
  `USA_CODIGO_EAN13` varchar(1) DEFAULT NULL COMMENT 'Si o No',
  `USA_CODIGO_EAN8` varchar(1) DEFAULT NULL COMMENT 'Si o No',
  `USA_CODIGO_UCC12` varchar(1) DEFAULT NULL COMMENT 'Si o No',
  `USA_CODIGO_UCC8` varchar(1) DEFAULT NULL COMMENT 'Si o No',
  `EAN13_REGLA_LOCAL` varchar(18) DEFAULT NULL COMMENT 'codigos fijo de reglas locales para ean 13',
  `EAN8_REGLA_LOCAL` varchar(3) DEFAULT NULL COMMENT 'codigos fijo de reglas locales para ean 8',
  `UCC12_REGLA_LOCAL` varchar(6) DEFAULT NULL COMMENT 'codigos fijo de reglas locales para ucc 12',
  `PRIORIDAD_BUSQUEDA` varchar(1) NOT NULL COMMENT '[A]rticulo, [C]odigo de barras',
  `CREADO_POR` varchar(20) NOT NULL,
  `CREADO_EL` datetime NOT NULL,
  `ACTUALIZADO_POR` varchar(20) NOT NULL,
  `ACTUALIZADO_EL` datetime NOT NULL,
  PRIMARY KEY (`ID`),
  KEY `FK_METODO_COSTO_FISCAL` (`COSTO_FISCAL`),
  KEY `FK_UND_DEFECTO_PESO` (`UNIDAD_PESO`),
  KEY `FK_UND_DEFECTO_VOLUMEN` (`UNIDAD_VOLUMEN`),
  CONSTRAINT `FK_METODO_COSTO_FISCAL` FOREIGN KEY (`COSTO_FISCAL`) REFERENCES `metodo_valuacion_inv` (`ID`),
  CONSTRAINT `FK_UND_DEFECTO_PESO` FOREIGN KEY (`UNIDAD_PESO`) REFERENCES `unidad_medida` (`ID`),
  CONSTRAINT `FK_UND_DEFECTO_VOLUMEN` FOREIGN KEY (`UNIDAD_VOLUMEN`) REFERENCES `unidad_medida` (`ID`)
) ENGINE=InnoDB DEFAULT CHARSET=latin1 COMMENT='Tabla de configuracion del modulo de inventarios';

INSERT INTO `conf_ci` (`ID`, `COSTOS_DEC`, `EXISTENCIAS_DEC`, `PESOS_DEC`, `COSTO_FISCAL`, `COSTO_INGR_DEFAULT`, `UNIDAD_PESO`, `UNIDAD_VOLUMEN`, `EXIST_DISPONIBLE`, `EXIST_REMITIDA`, `EXIST_RESERVADA`, `INTEGRACION_CONTA`, `USA_CODIGO_BARRAS`, `LINEAS_MAX_TRANS`, `USA_UNIDADES_DIST`, `ASISTENCIA_AUTOMAT`, `USA_CODIGO_EAN13`, `USA_CODIGO_EAN8`, `USA_CODIGO_UCC12`, `USA_CODIGO_UCC8`, `EAN13_REGLA_LOCAL`, `EAN8_REGLA_LOCAL`, `UCC12_REGLA_LOCAL`, `PRIORIDAD_BUSQUEDA`, `CREADO_POR`, `CREADO_EL`, `ACTUALIZADO_POR`, `ACTUALIZADO_EL`) VALUES
(0,	0,	2,	2,	'Último',	'U',	3,	5,	'',	'',	'',	'0',	'0',	5,	'0',	'0',	'0',	'0',	'0',	'0',	'057',	'456',	'112332',	'A',	'admin',	'2012-06-26 10:47:46',	'admin',	'2012-09-10 09:58:12');

DROP TABLE IF EXISTS `conf_co`;
CREATE TABLE `conf_co` (
  `ID` int(11) NOT NULL AUTO_INCREMENT,
  `BODEGA_DEFAULT` varchar(4) DEFAULT NULL,
  `ULT_SOLICITUD` varchar(10) DEFAULT NULL COMMENT 'Ultimo numero de solicitud',
  `ULT_ORDEN_COMPRA` varchar(10) DEFAULT NULL COMMENT 'Ultimo numero de orden de compra',
  `ULT_EMBARQUE` varchar(10) DEFAULT NULL COMMENT 'Ultimo numero de embarque',
  `ULT_SOLICITUD_M` varchar(10) DEFAULT NULL COMMENT 'Mascara para las solicitudes',
  `ULT_ORDEN_COMPRA_M` varchar(10) DEFAULT NULL COMMENT 'Mascara para los numeros de ordenes de compra',
  `ULT_EMBARQUE_M` varchar(10) DEFAULT NULL COMMENT 'Mascara para los numeros de los embarques',
  `ULT_DEVOLUCION` varchar(10) DEFAULT NULL COMMENT 'Numero de la ultima devoluciòn',
  `ULT_DEVOLUCION_M` varchar(10) DEFAULT NULL COMMENT 'Mascara para los numeros de las devoluciones',
  `USAR_RUBROS` varchar(1) DEFAULT NULL COMMENT 'define si las solicitudes, órdenes y embarques de compra usarán rubros (SI) o no los utilizarán (NO).',
  `ORDEN_OBSERVACION` text COMMENT 'dentro de este espacio se ingresan notas adicionales o leyendas que se requieran ingresar en el reporte de órdenes de compra ',
  `MAXIMO_LINORDEN` int(11) DEFAULT NULL COMMENT 'Numero maximo de lineas en la orden de compra',
  `POR_VARIAC_COSTO` decimal(28,0) DEFAULT NULL,
  `CP_EN_LINEA` varchar(1) DEFAULT NULL COMMENT 'Generar factura en linea al aplicar el embarque',
  `IMP1_AFECTA_DESCTO` varchar(1) DEFAULT NULL COMMENT 'Como se afecata el impuesto 1, existen 3 opciones [L]inea, [A]mbos descuentos y [N]ingun descuento',
  `FACTOR_REDONDEO` decimal(28,0) DEFAULT NULL COMMENT 'Factor de redondeo para los movimientos generados en el modulo de compra',
  `PRECIO_DEC` smallint(6) DEFAULT NULL COMMENT 'Numero de decimales utilizados para precios en el modulo',
  `CANTIDAD_DEC` smallint(6) DEFAULT NULL COMMENT 'numero de decimales para las cantidades que se utilicen en el modulo',
  `PEDIDOS_SOLICITUD` varchar(1) DEFAULT NULL COMMENT 'Visualizar columnas de pedidos en solicitudes de compra S o N',
  `PEDIDOS_ORDEN` varchar(1) DEFAULT NULL COMMENT 'Visualizar columnas de pedidos en ordenes de compra S o N',
  `PEDIDOS_EMBARQUE` varchar(1) DEFAULT NULL COMMENT 'Visualizar columnas de pedidos en embarque S o N',
  `DIRECCION_EMBARQUE` text COMMENT 'La dirección donde los proveedores deberán enviar la mercadería',
  `DIRECCION_COBRO` text COMMENT 'la dirección donde se deben cobrar las facturas generadas debido a los embarques enviados',
  `RUBRO1_SOLNOM` varchar(15) DEFAULT NULL,
  `RUBRO2_SOLNOM` varchar(15) DEFAULT NULL,
  `RUBRO3_SOLNOM` varchar(15) DEFAULT NULL,
  `RUBRO4_SOLNOM` varchar(15) DEFAULT NULL,
  `RUBRO5_SOLNOM` varchar(15) DEFAULT NULL,
  `RUBRO1_EMBNOM` varchar(15) DEFAULT NULL,
  `RUBRO2_EMBNOM` varchar(15) DEFAULT NULL,
  `RUBRO3_EMBNOM` varchar(15) DEFAULT NULL,
  `RUBRO4_EMBNOM` varchar(15) DEFAULT NULL,
  `RUBRO5_EMBNOM` varchar(15) DEFAULT NULL,
  `RUBRO1_ORDNOM` varchar(15) DEFAULT NULL,
  `RUBRO2_ORDNOM` varchar(15) DEFAULT NULL,
  `RUBRO3_ORDNOM` varchar(15) DEFAULT NULL,
  `RUBRO4_ORDNOM` varchar(15) DEFAULT NULL,
  `RUBRO5_ORDNOM` varchar(15) DEFAULT NULL,
  `CREADO_POR` varchar(20) NOT NULL,
  `CREADO_EL` datetime NOT NULL,
  `ACTUALIZADO_POR` varchar(20) NOT NULL,
  `ACTUALIZADO_EL` datetime NOT NULL,
  PRIMARY KEY (`ID`),
  KEY `FK_BODEGA_DEFECTO_COMPRAS` (`BODEGA_DEFAULT`),
  CONSTRAINT `FK_BODEGA_DEFECTO_COMPRAS` FOREIGN KEY (`BODEGA_DEFAULT`) REFERENCES `bodega` (`ID`)
) ENGINE=InnoDB DEFAULT CHARSET=latin1 COMMENT='Configuracion del modulo de compras';

INSERT INTO `conf_co` (`ID`, `BODEGA_DEFAULT`, `ULT_SOLICITUD`, `ULT_ORDEN_COMPRA`, `ULT_EMBARQUE`, `ULT_SOLICITUD_M`, `ULT_ORDEN_COMPRA_M`, `ULT_EMBARQUE_M`, `ULT_DEVOLUCION`, `ULT_DEVOLUCION_M`, `USAR_RUBROS`, `ORDEN_OBSERVACION`, `MAXIMO_LINORDEN`, `POR_VARIAC_COSTO`, `CP_EN_LINEA`, `IMP1_AFECTA_DESCTO`, `FACTOR_REDONDEO`, `PRECIO_DEC`, `CANTIDAD_DEC`, `PEDIDOS_SOLICITUD`, `PEDIDOS_ORDEN`, `PEDIDOS_EMBARQUE`, `DIRECCION_EMBARQUE`, `DIRECCION_COBRO`, `RUBRO1_SOLNOM`, `RUBRO2_SOLNOM`, `RUBRO3_SOLNOM`, `RUBRO4_SOLNOM`, `RUBRO5_SOLNOM`, `RUBRO1_EMBNOM`, `RUBRO2_EMBNOM`, `RUBRO3_EMBNOM`, `RUBRO4_EMBNOM`, `RUBRO5_EMBNOM`, `RUBRO1_ORDNOM`, `RUBRO2_ORDNOM`, `RUBRO3_ORDNOM`, `RUBRO4_ORDNOM`, `RUBRO5_ORDNOM`, `CREADO_POR`, `CREADO_EL`, `ACTUALIZADO_POR`, `ACTUALIZADO_EL`) VALUES
(1,	'1',	'',	'OC0011',	'',	'SC9999',	'OC9999',	'IC9999',	'',	'DC9999',	'',	'',	NULL,	0,	'0',	'L',	0,	NULL,	NULL,	'0',	'0',	'0',	'',	'',	NULL,	NULL,	NULL,	NULL,	NULL,	NULL,	NULL,	NULL,	NULL,	NULL,	NULL,	NULL,	NULL,	NULL,	NULL,	'',	'0000-00-00 00:00:00',	'admin',	'2012-10-03 08:43:03');

DROP TABLE IF EXISTS `conf_fa`;
CREATE TABLE `conf_fa` (
  `ID` int(11) NOT NULL AUTO_INCREMENT,
  `COND_PAGO_CONTADO` varchar(4) DEFAULT NULL,
  `BODEGA_DEFECTO` varchar(4) DEFAULT NULL,
  `CATEGORIA_CLIENTE` int(11) DEFAULT NULL,
  `NIVEL_PRECIO` varchar(12) DEFAULT NULL,
  `DECIMALES_PRECIO` smallint(6) NOT NULL,
  `DESCUENTO_PRECIO` varchar(1) NOT NULL COMMENT 'Descuento a lineas de documentos            [U] Precio Unitario            [T]otal de la linea',
  `DESCUENTO_AFECTA_IMP` varchar(1) NOT NULL COMMENT '[L]ineas            [A]mbos            [T]otal            [N]inguno',
  `FORMATO_PEDIDO` int(11) DEFAULT NULL,
  `FORMATO_FACTURA` int(11) DEFAULT NULL,
  `FORMATO_REMISION` int(11) DEFAULT NULL,
  `USAR_RUBROS` varchar(1) DEFAULT NULL COMMENT '[S]i            [N]o',
  `RUBRO1_NOMBRE` varchar(15) DEFAULT NULL,
  `RUBRO2_NOMBRE` varchar(15) DEFAULT NULL,
  `RUBRO3_NOMBRE` varchar(15) DEFAULT NULL,
  `RUBRO4_NOMBRE` varchar(15) DEFAULT NULL,
  `RUBRO5_NOMBRE` varchar(15) DEFAULT NULL,
  `CREADO_POR` varchar(20) NOT NULL,
  `CREADO_EL` datetime NOT NULL,
  `ACTUALIZADO_POR` varchar(20) NOT NULL,
  `ACTUALIZADO_EL` datetime NOT NULL,
  PRIMARY KEY (`ID`),
  KEY `FK_BODEGA_DEFECTO_FACTURA` (`BODEGA_DEFECTO`),
  KEY `FK_CATEGORIA_CLIENTE_DEFECTO` (`CATEGORIA_CLIENTE`),
  KEY `FK_CONDICION_PAGO_CONTADO_FACTURA` (`COND_PAGO_CONTADO`),
  KEY `FK_FORMATO_DEFECTO_FACTURA` (`FORMATO_FACTURA`),
  KEY `FK_FORMATO_DEFECTO_PEDIDO` (`FORMATO_PEDIDO`),
  KEY `FK_FORMATO_DEFECTO_REMISION` (`FORMATO_REMISION`),
  KEY `FK_NIVEL_PRECIO_DEFECTO` (`NIVEL_PRECIO`),
  CONSTRAINT `FK_BODEGA_DEFECTO_FACTURA` FOREIGN KEY (`BODEGA_DEFECTO`) REFERENCES `bodega` (`ID`),
  CONSTRAINT `FK_CATEGORIA_CLIENTE_DEFECTO` FOREIGN KEY (`CATEGORIA_CLIENTE`) REFERENCES `categoria` (`ID`),
  CONSTRAINT `FK_CONDICION_PAGO_CONTADO_FACTURA` FOREIGN KEY (`COND_PAGO_CONTADO`) REFERENCES `codicion_pago` (`ID`),
  CONSTRAINT `FK_FORMATO_DEFECTO_FACTURA` FOREIGN KEY (`FORMATO_FACTURA`) REFERENCES `formato_impresion` (`ID`),
  CONSTRAINT `FK_FORMATO_DEFECTO_PEDIDO` FOREIGN KEY (`FORMATO_PEDIDO`) REFERENCES `formato_impresion` (`ID`),
  CONSTRAINT `FK_FORMATO_DEFECTO_REMISION` FOREIGN KEY (`FORMATO_REMISION`) REFERENCES `formato_impresion` (`ID`),
  CONSTRAINT `FK_NIVEL_PRECIO_DEFECTO` FOREIGN KEY (`NIVEL_PRECIO`) REFERENCES `nivel_precio` (`ID`)
) ENGINE=InnoDB DEFAULT CHARSET=latin1 COMMENT='Tabla que almacena la configuración para el modulo de factur';


DROP TABLE IF EXISTS `consec_ci_tipo_trans`;
CREATE TABLE `consec_ci_tipo_trans` (
  `ID` int(11) NOT NULL AUTO_INCREMENT,
  `CONSECUTIVO_CI` varchar(10) NOT NULL,
  `TIPO_TRANSACCION` varchar(4) NOT NULL,
  `ACTIVO` varchar(1) NOT NULL,
  `CREADO_POR` varchar(20) NOT NULL,
  `CREADO_EL` datetime NOT NULL,
  `ACTUALIZADO_POR` varchar(20) NOT NULL,
  `ACTUALIZADO_EL` datetime NOT NULL,
  PRIMARY KEY (`ID`),
  KEY `FK_CONSECUTIVO_CI_PARA_TIPO_TRANSACCION` (`CONSECUTIVO_CI`),
  KEY `FK_TIPO_TRANSACCION_PARA_CONSECUTIVO_CI` (`TIPO_TRANSACCION`),
  CONSTRAINT `FK_CONSECUTIVO_CI_PARA_TIPO_TRANSACCION` FOREIGN KEY (`CONSECUTIVO_CI`) REFERENCES `consecutivo_ci` (`ID`),
  CONSTRAINT `FK_TIPO_TRANSACCION_PARA_CONSECUTIVO_CI` FOREIGN KEY (`TIPO_TRANSACCION`) REFERENCES `tipo_transaccion` (`TIPO_TRANSACCION`)
) ENGINE=InnoDB DEFAULT CHARSET=latin1 COMMENT='Tabla en la que se almacena los tipos de trasnaccion asociad';

INSERT INTO `consec_ci_tipo_trans` (`ID`, `CONSECUTIVO_CI`, `TIPO_TRANSACCION`, `ACTIVO`, `CREADO_POR`, `CREADO_EL`, `ACTUALIZADO_POR`, `ACTUALIZADO_EL`) VALUES
(3,	'0001',	'ENSA',	'S',	'admin',	'2012-08-10 11:12:36',	'admin',	'2012-08-13 14:41:29'),
(4,	'INV',	'COMP',	'S',	'admin',	'2012-09-07 16:46:04',	'admin',	'2012-09-07 16:46:04');

DROP TABLE IF EXISTS `consec_ci_usuario`;
CREATE TABLE `consec_ci_usuario` (
  `ID` int(11) NOT NULL AUTO_INCREMENT,
  `CONSECUTIVO_CI` varchar(10) NOT NULL,
  `USUARIO` varchar(20) NOT NULL,
  `ACTIVO` varchar(1) NOT NULL,
  `CREADO_POR` varchar(20) NOT NULL,
  `CREADO_EL` datetime NOT NULL,
  `ACTUALIZADO_POR` varchar(20) NOT NULL,
  `ACTUALIZADO_EL` datetime NOT NULL,
  PRIMARY KEY (`ID`),
  KEY `FK_CONSECUTIVO_CI_HABILITADO_PARA_USUARIO` (`CONSECUTIVO_CI`),
  CONSTRAINT `FK_CONSECUTIVO_CI_HABILITADO_PARA_USUARIO` FOREIGN KEY (`CONSECUTIVO_CI`) REFERENCES `consecutivo_ci` (`ID`)
) ENGINE=InnoDB DEFAULT CHARSET=latin1 COMMENT='Tabla que almacena que usuarios pueden usar un determinado c';

INSERT INTO `consec_ci_usuario` (`ID`, `CONSECUTIVO_CI`, `USUARIO`, `ACTIVO`, `CREADO_POR`, `CREADO_EL`, `ACTUALIZADO_POR`, `ACTUALIZADO_EL`) VALUES
(2,	'0001',	'admin',	'S',	'admin',	'2012-08-10 11:12:36',	'admin',	'2012-08-13 14:41:29'),
(5,	'0001',	'demo',	'S',	'admin',	'2012-08-13 12:01:08',	'admin',	'2012-08-13 14:41:29');

DROP TABLE IF EXISTS `consecutivo_ci`;
CREATE TABLE `consecutivo_ci` (
  `ID` varchar(10) NOT NULL,
  `FORMATO_IMPRESION` int(11) DEFAULT NULL COMMENT 'Formato de impresiòn que se utilizará cuando se vayan a imprimir documentos de inventario con este consecutivo',
  `DESCRIPCION` varchar(48) NOT NULL,
  `MASCARA` varchar(20) NOT NULL,
  `SIGUIENTE_VALOR` varchar(20) NOT NULL COMMENT 'Siguiente valor que se usara para un documento de inventarios que tenga este consecutivo',
  `TODOS_USUARIOS` varchar(1) NOT NULL COMMENT 'S = Cualquier usuario puede usar el consecutivo\r\n            N = Solo los usuarios definidos en la tabla consec_ci_usuario puede usar el consecutivo.',
  `ACTIVO` varchar(1) NOT NULL,
  `CREADO_POR` varchar(20) NOT NULL,
  `CREADO_EL` datetime NOT NULL,
  `ACTUALIZADO_POR` varchar(20) NOT NULL,
  `ACTUALIZADO_EL` datetime NOT NULL,
  PRIMARY KEY (`ID`),
  KEY `FK_FORMATO_IMPRESION_CONSECUTIVO_CI` (`FORMATO_IMPRESION`),
  CONSTRAINT `FK_FORMATO_IMPRESION_CONSECUTIVO_CI` FOREIGN KEY (`FORMATO_IMPRESION`) REFERENCES `formato_impresion` (`ID`)
) ENGINE=InnoDB DEFAULT CHARSET=latin1 COMMENT='Almacena los consecutivos para los documentos de control de ';

INSERT INTO `consecutivo_ci` (`ID`, `FORMATO_IMPRESION`, `DESCRIPCION`, `MASCARA`, `SIGUIENTE_VALOR`, `TODOS_USUARIOS`, `ACTIVO`, `CREADO_POR`, `CREADO_EL`, `ACTUALIZADO_POR`, `ACTUALIZADO_EL`) VALUES
('0001',	NULL,	'Ajustes Varios',	'AJV-9999',	'AJV-0003',	'N',	'S',	'admin',	'2012-08-10 11:12:35',	'admin',	'2012-09-13 16:21:20'),
('INV',	NULL,	'Ingreso a Inventario',	'INV-9999',	'INV-0002',	'S',	'S',	'admin',	'2012-09-07 16:46:04',	'admin',	'2012-09-14 15:49:23');

DROP TABLE IF EXISTS `departamento`;
CREATE TABLE `departamento` (
  `ID` varchar(10) NOT NULL COMMENT 'identificación alfanumérica del departamento, la casilla tiene campo para 10 dígitos.',
  `DESCRIPCION` varchar(64) NOT NULL COMMENT 'nombre del departamento, la casilla tiene campo para 40 dígitos.',
  `ACTIVO` varchar(1) NOT NULL,
  `CREADO_POR` varchar(20) NOT NULL,
  `CREADO_EL` datetime NOT NULL,
  `ACTUALIZADO_POR` varchar(20) NOT NULL,
  `ACTUALIZADO_EL` datetime NOT NULL,
  PRIMARY KEY (`ID`)
) ENGINE=InnoDB DEFAULT CHARSET=latin1 COMMENT='La tabla de datos que despliega la opción, sirve para establ';

INSERT INTO `departamento` (`ID`, `DESCRIPCION`, `ACTIVO`, `CREADO_POR`, `CREADO_EL`, `ACTUALIZADO_POR`, `ACTUALIZADO_EL`) VALUES
('1',	'adas',	'S',	'admin',	'2012-05-11 16:23:09',	'admin',	'2012-05-11 16:23:09');

DROP TABLE IF EXISTS `dia_feriado`;
CREATE TABLE `dia_feriado` (
  `ID` int(11) NOT NULL AUTO_INCREMENT COMMENT 'Id',
  `TIPO` varchar(1) NOT NULL COMMENT 'Este espacio dispone de un botón con una flecha que señala hacia abajo, el cual le da la opción al usuario de elegir entre dos tipos de feriado predestinados, los cuales son: Fijo y Variable.\n            El Fijo es el que se da por ley, establecido por ob',
  `DIA` int(11) NOT NULL COMMENT 'nombre del departamento, la casilla tiene campo para 40 dígitos.',
  `MES` int(11) NOT NULL,
  `ANIO` int(11) DEFAULT NULL,
  `DESCRIPCION` varchar(64) NOT NULL,
  `ACTIVO` varchar(1) NOT NULL,
  `CREADO_POR` varchar(20) NOT NULL,
  `CREADO_EL` datetime NOT NULL,
  `ACTUALIZADO_POR` varchar(20) NOT NULL,
  `ACTUALIZADO_EL` datetime NOT NULL,
  PRIMARY KEY (`ID`)
) ENGINE=InnoDB DEFAULT CHARSET=latin1 COMMENT='Permite definir los dias festivos o feriados para que no los';

INSERT INTO `dia_feriado` (`ID`, `TIPO`, `DIA`, `MES`, `ANIO`, `DESCRIPCION`, `ACTIVO`, `CREADO_POR`, `CREADO_EL`, `ACTUALIZADO_POR`, `ACTUALIZADO_EL`) VALUES
(1,	'c',	1,	1,	1,	'asd',	'S',	'admin',	'2012-05-12 08:47:01',	'admin',	'2012-05-12 08:47:01');

DROP TABLE IF EXISTS `documento_inv`;
CREATE TABLE `documento_inv` (
  `DOCUMENTO_INV` varchar(20) NOT NULL,
  `CONSECUTIVO` varchar(10) NOT NULL,
  `FECHA_DOCUMENTO` date NOT NULL,
  `REFERENCIA` varchar(200) NOT NULL,
  `ESTADO` varchar(1) NOT NULL COMMENT '[P]endiente\n            [A]probado\n            [L]isto o Aplicado\n            [C]ancelado',
  `CREADO_POR` varchar(20) NOT NULL,
  `CREADO_EL` datetime NOT NULL,
  `ACTUALIZADO_POR` varchar(20) NOT NULL,
  `ACTUALIZADO_EL` datetime NOT NULL,
  PRIMARY KEY (`DOCUMENTO_INV`),
  KEY `FK_TIPO_CONSECUTIVO_DOCUMENTO` (`CONSECUTIVO`),
  CONSTRAINT `FK_TIPO_CONSECUTIVO_DOCUMENTO` FOREIGN KEY (`CONSECUTIVO`) REFERENCES `consecutivo_ci` (`ID`)
) ENGINE=InnoDB DEFAULT CHARSET=latin1 COMMENT='Almacena los documentos creados en el modulo de inventarios';

INSERT INTO `documento_inv` (`DOCUMENTO_INV`, `CONSECUTIVO`, `FECHA_DOCUMENTO`, `REFERENCIA`, `ESTADO`, `CREADO_POR`, `CREADO_EL`, `ACTUALIZADO_POR`, `ACTUALIZADO_EL`) VALUES
('AJV-0001',	'0001',	'2012-09-10',	'este es un documento de prueba',	'A',	'admin',	'2012-09-13 09:52:31',	'admin',	'2012-09-18 07:31:51'),
('AJV-0002',	'0001',	'2012-09-10',	'otro documento de prueba',	'A',	'admin',	'2012-09-13 16:21:19',	'admin',	'2012-09-18 06:40:22'),
('INV-0001',	'INV',	'2012-09-14',	'documento de prueba',	'P',	'admin',	'2012-09-14 15:49:22',	'admin',	'2012-09-18 02:27:35');

DROP TABLE IF EXISTS `documento_inv_linea`;
CREATE TABLE `documento_inv_linea` (
  `DOCUMENTO_INV_LINEA` int(11) NOT NULL AUTO_INCREMENT,
  `DOCUMENTO_INV` varchar(20) NOT NULL,
  `LINEA_NUM` smallint(6) NOT NULL,
  `TIPO_TRANSACCION` varchar(4) NOT NULL,
  `SUBTIPO` int(11) DEFAULT NULL,
  `TIPO_TRANSACCION_CANTIDAD` varchar(1) DEFAULT NULL,
  `BODEGA` varchar(4) NOT NULL,
  `BODEGA_DESTINO` varchar(4) DEFAULT NULL,
  `ARTICULO` varchar(20) NOT NULL,
  `CANTIDAD` decimal(28,8) NOT NULL,
  `UNIDAD` int(11) NOT NULL,
  `COSTO_UNITARIO` decimal(28,8) NOT NULL,
  `ACTIVO` varchar(1) NOT NULL,
  `CREADO_POR` varchar(20) NOT NULL,
  `CREADO_EL` datetime NOT NULL,
  `ACTUALIZADO_POR` varchar(20) NOT NULL,
  `ACTUALIZADO_EL` datetime NOT NULL,
  PRIMARY KEY (`DOCUMENTO_INV_LINEA`),
  KEY `FK_ARTICULO_MOVIMIENTO` (`ARTICULO`),
  KEY `FK_BODEFA_A_AFECTAR` (`BODEGA`),
  KEY `FK_DOCUMENTO_INV` (`DOCUMENTO_INV`),
  KEY `FK_SUBTIPO_TRANSACCION` (`SUBTIPO`),
  KEY `FK_TIPO_TRANSACCION` (`TIPO_TRANSACCION`),
  KEY `FK_UNIDAD_MOVIMIENTO` (`UNIDAD`),
  KEY `FK_TIPO_CANTIDAD_AFECTAR` (`TIPO_TRANSACCION_CANTIDAD`),
  KEY `FK_BODEGA_DESTINO` (`BODEGA_DESTINO`),
  CONSTRAINT `FK_ARTICULO_MOVIMIENTO` FOREIGN KEY (`ARTICULO`) REFERENCES `articulo` (`ARTICULO`),
  CONSTRAINT `FK_BODEFA_A_AFECTAR` FOREIGN KEY (`BODEGA`) REFERENCES `bodega` (`ID`),
  CONSTRAINT `FK_BODEGA_DESTINO` FOREIGN KEY (`BODEGA_DESTINO`) REFERENCES `bodega` (`ID`),
  CONSTRAINT `FK_DOCUMENTO_INV` FOREIGN KEY (`DOCUMENTO_INV`) REFERENCES `documento_inv` (`DOCUMENTO_INV`),
  CONSTRAINT `FK_SUBTIPO_TRANSACCION` FOREIGN KEY (`SUBTIPO`) REFERENCES `subtipo_transaccion` (`ID`),
  CONSTRAINT `FK_TIPO_CANTIDAD_AFECTAR` FOREIGN KEY (`TIPO_TRANSACCION_CANTIDAD`) REFERENCES `tipo_cantidad_articulo` (`ID`),
  CONSTRAINT `FK_TIPO_TRANSACCION` FOREIGN KEY (`TIPO_TRANSACCION`) REFERENCES `tipo_transaccion` (`TIPO_TRANSACCION`),
  CONSTRAINT `FK_UNIDAD_MOVIMIENTO` FOREIGN KEY (`UNIDAD`) REFERENCES `unidad_medida` (`ID`)
) ENGINE=InnoDB DEFAULT CHARSET=latin1 COMMENT='Lineas del documento de inventario';

INSERT INTO `documento_inv_linea` (`DOCUMENTO_INV_LINEA`, `DOCUMENTO_INV`, `LINEA_NUM`, `TIPO_TRANSACCION`, `SUBTIPO`, `TIPO_TRANSACCION_CANTIDAD`, `BODEGA`, `BODEGA_DESTINO`, `ARTICULO`, `CANTIDAD`, `UNIDAD`, `COSTO_UNITARIO`, `ACTIVO`, `CREADO_POR`, `CREADO_EL`, `ACTUALIZADO_POR`, `ACTUALIZADO_EL`) VALUES
(2,	'AJV-0001',	1,	'ENSA',	NULL,	'D',	'23',	NULL,	'12',	454.00000000,	2,	50540.00000000,	'S',	'admin',	'2012-09-13 09:52:31',	'admin',	'2012-09-18 07:31:35'),
(4,	'AJV-0002',	1,	'ENSA',	NULL,	NULL,	'604',	NULL,	'B-AMMO',	454.00000000,	3,	50540.00000000,	'S',	'admin',	'2012-09-13 16:21:20',	'admin',	'2012-09-13 18:44:31'),
(5,	'AJV-0002',	2,	'ENSA',	NULL,	NULL,	'604',	NULL,	'1',	454.00000000,	2,	50540.00000000,	'S',	'admin',	'2012-09-13 16:21:20',	'admin',	'2012-09-13 18:44:31'),
(6,	'AJV-0002',	3,	'ENSA',	NULL,	NULL,	'604',	NULL,	'10',	5.00000000,	2,	54.56000000,	'S',	'admin',	'2012-09-13 16:21:20',	'admin',	'2012-09-13 18:44:31'),
(10,	'AJV-0001',	2,	'ENSA',	NULL,	'R',	'504',	NULL,	'B-AMMO',	454.00000000,	2,	54.56000000,	'S',	'admin',	'2012-09-13 18:32:15',	'admin',	'2012-09-18 07:31:35'),
(11,	'INV-0001',	1,	'COMP',	NULL,	NULL,	'23',	NULL,	'10',	0.10000000,	1,	500.00000000,	'S',	'admin',	'2012-09-14 15:49:22',	'admin',	'2012-09-14 15:49:22'),
(12,	'INV-0001',	2,	'COMP',	NULL,	NULL,	'1',	NULL,	'HO',	5.00000000,	3,	54.56000000,	'S',	'admin',	'2012-09-14 15:49:22',	'admin',	'2012-09-14 15:49:22'),
(13,	'INV-0001',	3,	'COMP',	NULL,	NULL,	'604',	NULL,	'1',	0.10000000,	2,	50540.00000000,	'S',	'admin',	'2012-09-14 15:49:22',	'admin',	'2012-09-14 15:49:22'),
(14,	'INV-0001',	4,	'COMP',	NULL,	NULL,	'23',	NULL,	'12',	10.00000000,	3,	50540.00000000,	'S',	'admin',	'2012-09-14 15:49:23',	'admin',	'2012-09-14 15:49:23'),
(15,	'INV-0001',	5,	'COMP',	NULL,	NULL,	'23',	NULL,	'10',	454.00000000,	2,	50540.00000000,	'S',	'admin',	'2012-09-14 15:49:23',	'admin',	'2012-09-14 15:49:23');

DROP TABLE IF EXISTS `entidad_financiera`;
CREATE TABLE `entidad_financiera` (
  `ID` int(11) NOT NULL,
  `NIT` varchar(20) NOT NULL,
  `DESCRIPCION` varchar(64) NOT NULL,
  `ACTIVO` varchar(1) NOT NULL,
  `CREADO_POR` varchar(20) NOT NULL,
  `CREADO_EL` datetime NOT NULL,
  `ACTUALIZADO_POR` varchar(20) NOT NULL,
  `ACTUALIZADO_EL` datetime NOT NULL,
  PRIMARY KEY (`ID`),
  KEY `FK_NIT_ENTIDAD_FINACIERA` (`NIT`),
  CONSTRAINT `FK_NIT_ENTIDAD_FINACIERA` FOREIGN KEY (`NIT`) REFERENCES `nit` (`ID`)
) ENGINE=InnoDB DEFAULT CHARSET=latin1 COMMENT='El objetivo de esta tabla es definir todas las entidades fin';


DROP TABLE IF EXISTS `existencia_bodega`;
CREATE TABLE `existencia_bodega` (
  `ID` int(11) NOT NULL AUTO_INCREMENT,
  `ARTICULO` varchar(20) NOT NULL,
  `BODEGA` varchar(4) NOT NULL,
  `EXISTENCIA_MINIMA` decimal(28,8) NOT NULL,
  `EXISTENCIA_MAXIMA` decimal(28,8) NOT NULL,
  `PUNTO_REORDEN` decimal(28,8) NOT NULL,
  `CANT_DISPONIBLE` decimal(28,8) NOT NULL,
  `CANT_RESERVADA` decimal(28,8) NOT NULL,
  `CANT_REMITIDA` decimal(28,8) NOT NULL,
  `CANT_CUARENTENA` decimal(28,8) NOT NULL,
  `CANT_VENCIDA` decimal(28,8) NOT NULL,
  `ACTIVO` varchar(1) NOT NULL,
  `CREADO_POR` varchar(20) NOT NULL,
  `CREADO_EL` datetime NOT NULL,
  `ACTUALIZADO_POR` varchar(20) NOT NULL,
  `ACTUALIZADO_EL` datetime NOT NULL,
  PRIMARY KEY (`ID`),
  KEY `FK_ARTICULO_BODEGA` (`ARTICULO`),
  KEY `FK_BODEGA_ARTICULO` (`BODEGA`),
  CONSTRAINT `FK_ARTICULO_BODEGA` FOREIGN KEY (`ARTICULO`) REFERENCES `articulo` (`ARTICULO`),
  CONSTRAINT `FK_BODEGA_ARTICULO` FOREIGN KEY (`BODEGA`) REFERENCES `bodega` (`ID`)
) ENGINE=InnoDB DEFAULT CHARSET=latin1 COMMENT='Tabla donde se relaciona un articulo con una bodega donde se';

INSERT INTO `existencia_bodega` (`ID`, `ARTICULO`, `BODEGA`, `EXISTENCIA_MINIMA`, `EXISTENCIA_MAXIMA`, `PUNTO_REORDEN`, `CANT_DISPONIBLE`, `CANT_RESERVADA`, `CANT_REMITIDA`, `CANT_CUARENTENA`, `CANT_VENCIDA`, `ACTIVO`, `CREADO_POR`, `CREADO_EL`, `ACTUALIZADO_POR`, `ACTUALIZADO_EL`) VALUES
(1,	'001',	'23',	5.00000000,	400.00000000,	10.00000000,	2528.00000000,	0.00000000,	0.00000000,	0.00000000,	0.00000000,	'S',	'admin',	'2012-06-28 17:02:03',	'admin',	'2012-10-04 09:58:13'),
(2,	'12',	'23',	20.00000000,	100.00000000,	30.00000000,	0.00000000,	0.00000000,	0.00000000,	0.00000000,	0.00000000,	'S',	'admin',	'2012-09-18 06:32:07',	'admin',	'2012-09-18 06:32:07'),
(3,	'B-AMMO',	'504',	20.00000000,	100.00000000,	30.00000000,	0.00000000,	0.00000000,	0.00000000,	0.00000000,	0.00000000,	'S',	'admin',	'2012-09-18 06:32:52',	'admin',	'2012-09-18 06:32:52'),
(4,	'003',	'23',	0.00000000,	0.00000000,	0.00000000,	2.00000000,	0.00000000,	0.00000000,	0.00000000,	0.00000000,	'S',	'',	'2012-09-27 09:55:23',	'',	'2012-09-27 09:55:23'),
(5,	'001',	'604',	0.00000000,	0.00000000,	0.00000000,	3.00000000,	0.00000000,	0.00000000,	0.00000000,	0.00000000,	'S',	'',	'2012-09-27 10:08:45',	'',	'2012-09-27 10:08:45'),
(6,	'002',	'504',	0.00000000,	0.00000000,	0.00000000,	58.00000000,	0.00000000,	0.00000000,	0.00000000,	0.00000000,	'S',	'',	'2012-10-04 09:19:33',	'',	'2012-10-04 09:19:33'),
(7,	'002',	'23',	0.00000000,	0.00000000,	0.00000000,	45.00000000,	0.00000000,	0.00000000,	0.00000000,	0.00000000,	'S',	'',	'2012-10-04 09:19:33',	'',	'2012-10-04 09:19:33'),
(8,	'001',	'1',	0.00000000,	0.00000000,	0.00000000,	0.00000000,	0.00000000,	0.00000000,	0.00000000,	0.00000000,	'S',	'',	'2012-10-04 17:17:25',	'',	'2012-10-04 17:17:25'),
(9,	'002',	'1',	0.00000000,	0.00000000,	0.00000000,	1.00000000,	0.00000000,	0.00000000,	0.00000000,	0.00000000,	'S',	'',	'2012-10-04 17:17:25',	'',	'2012-10-04 17:17:25'),
(10,	'003',	'1',	0.00000000,	0.00000000,	0.00000000,	0.00000000,	0.00000000,	0.00000000,	0.00000000,	0.00000000,	'S',	'',	'2012-10-04 17:17:25',	'',	'2012-10-04 17:17:25');

DROP TABLE IF EXISTS `formato_impresion`;
CREATE TABLE `formato_impresion` (
  `ID` int(11) NOT NULL,
  `NOMBRE` varchar(64) NOT NULL,
  `OBSERVACION` text,
  `MODULO` varchar(4) NOT NULL COMMENT 'Modulo al cual pertenece este formato de impresiòn por ejemplo\r\n            Compras COMP\r\n            Control de Inventarios COIN',
  `SUBMODULO` varchar(4) NOT NULL COMMENT 'Submodulo para el cual aplica este formato de impresión, por ejemplo el modulo de compras tiene\r\n            Solicitudes SOLI\r\n            Ordenes de Compra ORCO\r\n            etc.',
  `RUTA` varchar(128) NOT NULL COMMENT 'ruta donde esta ubicado el archivo que genera el formato',
  `TIPO` varchar(4) NOT NULL COMMENT 'Tipo de archivo en que se genera el formato\r\n            xls\r\n            pdf\r\n            doc\r\n            etc',
  `ACTIVO` varchar(1) NOT NULL,
  `CREADO_POR` varchar(20) NOT NULL,
  `CREADO_EL` datetime NOT NULL,
  `ACTUALIZADO_POR` varchar(20) NOT NULL,
  `ACTUALIZADO_EL` datetime NOT NULL,
  PRIMARY KEY (`ID`)
) ENGINE=InnoDB DEFAULT CHARSET=latin1 COMMENT='Tabla que almacena los diferentes formatos de impresion que ';


DROP TABLE IF EXISTS `impuesto`;
CREATE TABLE `impuesto` (
  `ID` varchar(4) NOT NULL,
  `NOMBRE` varchar(64) NOT NULL COMMENT 'nombre del tipo de impuesto o tipo de iva',
  `PROCENTAJE` decimal(28,8) NOT NULL,
  `ACTIVO` varchar(1) NOT NULL,
  `CREADO_POR` varchar(20) NOT NULL,
  `CREADO_EL` datetime NOT NULL,
  `ACTUALIZADO_POR` varchar(20) NOT NULL,
  `ACTUALIZADO_EL` datetime DEFAULT NULL,
  PRIMARY KEY (`ID`)
) ENGINE=InnoDB DEFAULT CHARSET=latin1 COMMENT='Permite definir los diferentes porcentajes para el impuesto ';

INSERT INTO `impuesto` (`ID`, `NOMBRE`, `PROCENTAJE`, `ACTIVO`, `CREADO_POR`, `CREADO_EL`, `ACTUALIZADO_POR`, `ACTUALIZADO_EL`) VALUES
('123',	'IVA 16%',	16.00000000,	'S',	'admin',	'2012-06-07 11:32:41',	'admin',	'2012-06-08 16:51:23'),
('223',	'impuesto ejemplo 1',	15.00000000,	'S',	'admin',	'2012-06-10 20:43:04',	'admin',	'2012-06-10 20:43:04'),
('224',	'impuesto ejemplo 2',	20.00000000,	'S',	'admin',	'2012-06-10 20:43:18',	'admin',	'2012-06-10 20:43:18'),
('NING',	'NInguno',	0.00000000,	'S',	'admin',	'2012-07-10 16:27:05',	'admin',	'2012-07-10 16:27:05');

DROP TABLE IF EXISTS `ingreso_compra`;
CREATE TABLE `ingreso_compra` (
  `INGRESO_COMPRA` varchar(10) NOT NULL,
  `PROVEEDOR` varchar(20) NOT NULL,
  `FECHA_INGRESO` date NOT NULL COMMENT 'Fecha en que ingresan los articulos a la compañia',
  `TIENE_FACTURA` varchar(1) NOT NULL COMMENT 'Ingreso de Compra tiene factura [S] o [N]',
  `RUBRO1` varchar(50) DEFAULT NULL,
  `RUBRO2` varchar(50) DEFAULT NULL,
  `RUBRO3` varchar(50) DEFAULT NULL,
  `RUBRO4` varchar(50) DEFAULT NULL,
  `RUBRO5` varchar(50) DEFAULT NULL,
  `NOTAS` text,
  `ESTADO` varchar(1) NOT NULL COMMENT '[P]endiente\n            [A]plicado\n            [C]ancelado',
  `APLICADO_POR` varchar(20) DEFAULT NULL,
  `APLICADO_EL` datetime DEFAULT NULL,
  `CANCELADO_POR` varchar(20) DEFAULT NULL,
  `CANCELADO_EL` datetime DEFAULT NULL,
  `CREADO_POR` varchar(20) NOT NULL,
  `CREADO_EL` datetime NOT NULL,
  `MODIFICADO_POR` varchar(20) NOT NULL,
  `MODIFICADO_EL` datetime NOT NULL,
  PRIMARY KEY (`INGRESO_COMPRA`),
  KEY `FK_INGRESO_COMPRA_PROVEEDOR` (`PROVEEDOR`),
  CONSTRAINT `FK_INGRESO_COMPRA_PROVEEDOR` FOREIGN KEY (`PROVEEDOR`) REFERENCES `proveedor` (`PROVEEDOR`)
) ENGINE=InnoDB DEFAULT CHARSET=latin1 COMMENT='Documentos de ingreso de compra a partir de ordenes de compr';

INSERT INTO `ingreso_compra` (`INGRESO_COMPRA`, `PROVEEDOR`, `FECHA_INGRESO`, `TIENE_FACTURA`, `RUBRO1`, `RUBRO2`, `RUBRO3`, `RUBRO4`, `RUBRO5`, `NOTAS`, `ESTADO`, `APLICADO_POR`, `APLICADO_EL`, `CANCELADO_POR`, `CANCELADO_EL`, `CREADO_POR`, `CREADO_EL`, `MODIFICADO_POR`, `MODIFICADO_EL`) VALUES
('IC0000',	'13',	'2012-09-19',	'',	NULL,	NULL,	NULL,	NULL,	NULL,	'',	'C',	'admin',	'2012-09-27 14:55:23',	'admin',	'2012-09-27 15:54:11',	'',	'2012-09-19 09:24:18',	'admin',	'2012-09-27 10:54:11'),
('IC0001',	'13',	'2012-09-19',	'0',	NULL,	NULL,	NULL,	NULL,	NULL,	'',	'A',	'admin',	'2012-09-27 15:08:45',	'',	'0000-00-00 00:00:00',	'admin',	'2012-09-19 09:32:13',	'admin',	'2012-09-27 10:08:45'),
('IC0002',	'13',	'2012-09-19',	'1',	NULL,	NULL,	NULL,	NULL,	NULL,	'',	'A',	'admin',	'2012-10-04 14:01:56',	'',	'0000-00-00 00:00:00',	'admin',	'2012-09-19 09:32:28',	'admin',	'2012-10-04 09:01:56'),
('IC0003',	'13',	'2012-09-19',	'N',	NULL,	NULL,	NULL,	NULL,	NULL,	'',	'A',	'admin',	'2012-10-04 14:14:03',	'',	'0000-00-00 00:00:00',	'admin',	'2012-09-19 09:37:56',	'admin',	'2012-10-04 09:14:03'),
('IC0004',	'13',	'2012-09-19',	'N',	NULL,	NULL,	NULL,	NULL,	NULL,	'',	'A',	'admin',	'2012-10-04 14:17:06',	'',	'0000-00-00 00:00:00',	'admin',	'2012-09-19 09:38:16',	'admin',	'2012-10-04 09:17:06'),
('IC0005',	'14',	'2012-09-19',	'S',	NULL,	NULL,	NULL,	NULL,	NULL,	'',	'A',	'admin',	'2012-10-04 14:19:33',	'',	'0000-00-00 00:00:00',	'admin',	'2012-09-19 09:38:49',	'admin',	'2012-10-04 09:19:33'),
('IC0006',	'10',	'2012-09-21',	'N',	NULL,	NULL,	NULL,	NULL,	NULL,	'',	'R',	'admin',	'2012-10-04 14:58:12',	'',	'0000-00-00 00:00:00',	'admin',	'2012-09-21 08:25:35',	'admin',	'2012-10-04 09:58:12'),
('IC0007',	'1',	'2012-10-04',	'N',	NULL,	NULL,	NULL,	NULL,	NULL,	'',	'P',	'',	'0000-00-00 00:00:00',	'',	'0000-00-00 00:00:00',	'admin',	'2012-10-04 15:30:18',	'admin',	'2012-10-04 15:30:18'),
('IC0008',	'1',	'2012-10-04',	'N',	NULL,	NULL,	NULL,	NULL,	NULL,	'',	'P',	'',	'0000-00-00 00:00:00',	'',	'0000-00-00 00:00:00',	'admin',	'2012-10-04 15:56:38',	'admin',	'2012-10-04 15:56:38'),
('IC0009',	'1',	'2012-10-04',	'N',	NULL,	NULL,	NULL,	NULL,	NULL,	'',	'P',	'',	'0000-00-00 00:00:00',	'',	'0000-00-00 00:00:00',	'admin',	'2012-10-04 15:57:34',	'admin',	'2012-10-04 15:57:34'),
('IC0010',	'1',	'2012-10-04',	'N',	NULL,	NULL,	NULL,	NULL,	NULL,	'',	'P',	'',	'0000-00-00 00:00:00',	'',	'0000-00-00 00:00:00',	'admin',	'2012-10-04 15:58:24',	'admin',	'2012-10-04 15:58:24'),
('IC0011',	'1',	'2012-10-04',	'N',	NULL,	NULL,	NULL,	NULL,	NULL,	'',	'P',	'',	'0000-00-00 00:00:00',	'',	'0000-00-00 00:00:00',	'admin',	'2012-10-04 16:17:23',	'admin',	'2012-10-04 16:17:23'),
('IC0012',	'1',	'2012-10-04',	'N',	NULL,	NULL,	NULL,	NULL,	NULL,	'',	'P',	'',	'0000-00-00 00:00:00',	'',	'0000-00-00 00:00:00',	'admin',	'2012-10-04 17:06:57',	'admin',	'2012-10-04 17:06:57'),
('IC0013',	'1',	'2012-10-04',	'N',	NULL,	NULL,	NULL,	NULL,	NULL,	'',	'R',	'admin',	'2012-10-04 22:17:24',	'',	'0000-00-00 00:00:00',	'admin',	'2012-10-04 17:08:16',	'admin',	'2012-10-04 17:17:24'),
('IC0014',	'1',	'2012-10-05',	'N',	NULL,	NULL,	NULL,	NULL,	NULL,	'',	'R',	'admin',	'2012-10-05 13:56:11',	'',	'0000-00-00 00:00:00',	'admin',	'2012-10-05 08:55:54',	'admin',	'2012-10-05 08:56:11'),
('IC0015',	'1',	'2012-10-05',	'N',	NULL,	NULL,	NULL,	NULL,	NULL,	'',	'R',	'admin',	'2012-10-05 14:29:41',	'',	'0000-00-00 00:00:00',	'admin',	'2012-10-05 09:29:32',	'admin',	'2012-10-05 09:29:41'),
('IC0016',	'1',	'2012-10-05',	'N',	NULL,	NULL,	NULL,	NULL,	NULL,	'',	'R',	'admin',	'2012-10-05 14:31:18',	'',	'0000-00-00 00:00:00',	'admin',	'2012-10-05 09:31:09',	'admin',	'2012-10-05 09:31:18'),
('IC0017',	'1',	'2012-10-05',	'N',	NULL,	NULL,	NULL,	NULL,	NULL,	'',	'R',	'admin',	'2012-10-05 15:00:00',	'',	'0000-00-00 00:00:00',	'admin',	'2012-10-05 09:59:52',	'admin',	'2012-10-05 10:00:01'),
('IC0018',	'1',	'2012-10-05',	'N',	NULL,	NULL,	NULL,	NULL,	NULL,	'',	'R',	'admin',	'2012-10-05 15:01:10',	'',	'0000-00-00 00:00:00',	'admin',	'2012-10-05 10:00:45',	'admin',	'2012-10-05 10:01:10');

DROP TABLE IF EXISTS `ingreso_compra_linea`;
CREATE TABLE `ingreso_compra_linea` (
  `INGRESO_COMPRA_LINEA` int(11) NOT NULL AUTO_INCREMENT,
  `INGRESO_COMPRA` varchar(10) NOT NULL,
  `LINEA_NUM` smallint(6) NOT NULL,
  `ORDEN_COMPRA_LINEA` int(11) DEFAULT NULL,
  `ARTICULO` varchar(20) NOT NULL,
  `BODEGA` varchar(4) NOT NULL,
  `CANTIDAD_ORDENADA` decimal(28,8) NOT NULL,
  `UNIDAD_ORDENADA` int(11) NOT NULL,
  `CANTIDAD_ACEPTADA` decimal(28,8) NOT NULL,
  `CANTIDAD_RECHAZADA` decimal(28,8) NOT NULL,
  `PRECIO_UNITARIO` decimal(28,8) NOT NULL,
  `COSTO_FISCAL_UNITARIO` decimal(28,8) NOT NULL,
  `ACTIVO` varchar(1) NOT NULL,
  `CREADO_POR` varchar(20) NOT NULL,
  `CREADO_EL` datetime NOT NULL,
  `ACTUALIZADO_POR` varchar(20) NOT NULL,
  `ACTUALIZADO_EL` datetime NOT NULL,
  PRIMARY KEY (`INGRESO_COMPRA_LINEA`),
  KEY `FK_ARTICULO_INGRESO_COMPRA` (`ARTICULO`),
  KEY `FK_BODEGA_INGRESO_COMPRA` (`BODEGA`),
  KEY `FK_LINEA_PERTENECE_INGRESO_COMPRA` (`INGRESO_COMPRA`),
  KEY `FK_SATISFACE_LINEA_OC` (`ORDEN_COMPRA_LINEA`),
  KEY `FK_UNIDAD_INGRESO_COMPRA` (`UNIDAD_ORDENADA`),
  CONSTRAINT `FK_ARTICULO_INGRESO_COMPRA` FOREIGN KEY (`ARTICULO`) REFERENCES `articulo` (`ARTICULO`),
  CONSTRAINT `FK_BODEGA_INGRESO_COMPRA` FOREIGN KEY (`BODEGA`) REFERENCES `bodega` (`ID`),
  CONSTRAINT `FK_LINEA_PERTENECE_INGRESO_COMPRA` FOREIGN KEY (`INGRESO_COMPRA`) REFERENCES `ingreso_compra` (`INGRESO_COMPRA`),
  CONSTRAINT `FK_SATISFACE_LINEA_OC` FOREIGN KEY (`ORDEN_COMPRA_LINEA`) REFERENCES `orden_compra_linea` (`ORDEN_COMPRA_LINEA`),
  CONSTRAINT `FK_UNIDAD_INGRESO_COMPRA` FOREIGN KEY (`UNIDAD_ORDENADA`) REFERENCES `unidad_medida` (`ID`)
) ENGINE=InnoDB DEFAULT CHARSET=latin1 COMMENT='Lineas del ingreso de la compra';

INSERT INTO `ingreso_compra_linea` (`INGRESO_COMPRA_LINEA`, `INGRESO_COMPRA`, `LINEA_NUM`, `ORDEN_COMPRA_LINEA`, `ARTICULO`, `BODEGA`, `CANTIDAD_ORDENADA`, `UNIDAD_ORDENADA`, `CANTIDAD_ACEPTADA`, `CANTIDAD_RECHAZADA`, `PRECIO_UNITARIO`, `COSTO_FISCAL_UNITARIO`, `ACTIVO`, `CREADO_POR`, `CREADO_EL`, `ACTUALIZADO_POR`, `ACTUALIZADO_EL`) VALUES
(1,	'IC0000',	1,	4,	'003',	'23',	2.00000000,	3,	2.00000000,	0.00000000,	2.00000000,	0.00000000,	'S',	'admin',	'2012-09-19 09:24:18',	'admin',	'2012-09-19 09:24:18'),
(2,	'IC0001',	1,	3,	'001',	'604',	3.00000000,	3,	3.00000000,	0.00000000,	2.00000000,	0.00000000,	'S',	'admin',	'2012-09-19 09:32:13',	'admin',	'2012-09-19 09:32:13'),
(3,	'IC0001',	2,	5,	'001',	'23',	20.00000000,	3,	20.00000000,	0.00000000,	800.00000000,	0.00000000,	'S',	'admin',	'2012-09-19 09:32:13',	'admin',	'2012-09-19 09:32:13'),
(4,	'IC0002',	1,	7,	'003',	'23',	43.00000000,	3,	43.00000000,	0.00000000,	500.00000000,	0.00000000,	'S',	'admin',	'2012-09-19 09:32:28',	'admin',	'2012-09-19 09:32:28'),
(5,	'IC0003',	1,	5,	'001',	'23',	20.00000000,	3,	20.00000000,	0.00000000,	800.00000000,	0.00000000,	'S',	'admin',	'2012-09-19 09:37:56',	'admin',	'2012-09-19 09:37:56'),
(6,	'IC0004',	1,	5,	'001',	'23',	20.00000000,	3,	20.00000000,	0.00000000,	800.00000000,	0.00000000,	'S',	'admin',	'2012-09-19 09:38:16',	'admin',	'2012-09-19 09:38:16'),
(7,	'IC0004',	2,	2,	'001',	'23',	12.00000000,	3,	12.00000000,	0.00000000,	2.00000000,	0.00000000,	'S',	'admin',	'2012-09-19 09:38:16',	'admin',	'2012-09-19 09:38:16'),
(8,	'IC0004',	3,	7,	'003',	'23',	43.00000000,	3,	43.00000000,	0.00000000,	500.00000000,	0.00000000,	'S',	'admin',	'2012-09-19 09:38:16',	'admin',	'2012-09-19 09:38:16'),
(9,	'IC0005',	1,	7,	'003',	'23',	43.00000000,	3,	43.00000000,	0.00000000,	500.00000000,	0.00000000,	'S',	'admin',	'2012-09-19 09:38:49',	'admin',	'2012-09-19 09:38:49'),
(10,	'IC0005',	2,	8,	'001',	'23',	456.00000000,	3,	456.00000000,	0.00000000,	456.00000000,	0.00000000,	'S',	'admin',	'2012-09-19 09:38:49',	'admin',	'2012-09-19 09:38:49'),
(11,	'IC0005',	3,	6,	'002',	'504',	58.00000000,	2,	58.00000000,	0.00000000,	700.00000000,	0.00000000,	'S',	'admin',	'2012-09-19 09:38:49',	'admin',	'2012-09-19 09:38:49'),
(12,	'IC0005',	4,	9,	'002',	'23',	45.00000000,	2,	45.00000000,	0.00000000,	8797.00000000,	0.00000000,	'S',	'admin',	'2012-09-19 09:38:49',	'admin',	'2012-09-19 09:38:49'),
(13,	'IC0006',	1,	37,	'001',	'23',	2000.00000000,	3,	2000.00000000,	0.00000000,	20.00000000,	0.00000000,	'S',	'admin',	'2012-09-21 08:25:35',	'admin',	'2012-09-21 08:25:35'),
(14,	'IC0008',	1,	6,	'003',	'1',	9.00000000,	3,	5.00000000,	0.00000000,	12.00000000,	0.00000000,	'S',	'admin',	'2012-10-04 15:56:38',	'admin',	'2012-10-04 15:56:38'),
(15,	'IC0009',	1,	6,	'003',	'1',	5.00000000,	3,	5.00000000,	0.00000000,	12.00000000,	0.00000000,	'S',	'admin',	'2012-10-04 15:57:34',	'admin',	'2012-10-04 15:57:34'),
(16,	'IC0010',	1,	6,	'003',	'1',	4.00000000,	3,	4.00000000,	0.00000000,	12.00000000,	0.00000000,	'S',	'admin',	'2012-10-04 15:58:24',	'admin',	'2012-10-04 15:58:24'),
(17,	'IC0011',	1,	6,	'003',	'1',	5.00000000,	3,	5.00000000,	0.00000000,	12.00000000,	0.00000000,	'S',	'admin',	'2012-10-04 16:17:23',	'admin',	'2012-10-04 16:17:23'),
(18,	'IC0012',	1,	1,	'001',	'1',	1.00000000,	4,	1.00000000,	0.00000000,	10.00000000,	10.00000000,	'S',	'admin',	'2012-10-04 17:06:57',	'admin',	'2012-10-04 17:06:57'),
(19,	'IC0013',	1,	1,	'001',	'1',	0.00000000,	4,	0.00000000,	0.00000000,	10.00000000,	10.00000000,	'S',	'admin',	'2012-10-04 17:08:16',	'admin',	'2012-10-04 17:08:16'),
(20,	'IC0013',	2,	2,	'002',	'1',	1.00000000,	1,	1.00000000,	0.00000000,	10.00000000,	0.00000000,	'S',	'admin',	'2012-10-04 17:08:16',	'admin',	'2012-10-04 17:08:16'),
(21,	'IC0013',	3,	3,	'001',	'1',	12.00000000,	3,	12.00000000,	0.00000000,	12.00000000,	10.00000000,	'S',	'admin',	'2012-10-04 17:08:17',	'admin',	'2012-10-04 17:08:17'),
(22,	'IC0013',	4,	4,	'001',	'1',	1.00000000,	4,	1.00000000,	0.00000000,	12.00000000,	10.00000000,	'S',	'admin',	'2012-10-04 17:08:17',	'admin',	'2012-10-04 17:08:17'),
(23,	'IC0013',	5,	5,	'001',	'1',	4.00000000,	3,	4.00000000,	0.00000000,	12.00000000,	10.00000000,	'S',	'admin',	'2012-10-04 17:08:17',	'admin',	'2012-10-04 17:08:17'),
(24,	'IC0013',	6,	6,	'003',	'1',	0.00000000,	3,	0.00000000,	0.00000000,	12.00000000,	0.00000000,	'S',	'admin',	'2012-10-04 17:08:17',	'admin',	'2012-10-04 17:08:17'),
(25,	'IC0013',	7,	7,	'001',	'1',	3.00000000,	3,	3.00000000,	0.00000000,	12.00000000,	10.00000000,	'S',	'admin',	'2012-10-04 17:08:17',	'admin',	'2012-10-04 17:08:17'),
(26,	'IC0013',	8,	8,	'002',	'1',	1.00000000,	1,	1.00000000,	0.00000000,	12.00000000,	0.00000000,	'S',	'admin',	'2012-10-04 17:08:17',	'admin',	'2012-10-04 17:08:17'),
(27,	'IC0014',	1,	3,	'001',	'1',	0.00000000,	3,	0.00000000,	0.00000000,	12.00000000,	0.00000000,	'S',	'admin',	'2012-10-05 08:55:54',	'admin',	'2012-10-05 08:55:54'),
(28,	'IC0014',	2,	6,	'003',	'1',	0.00000000,	3,	0.00000000,	0.00000000,	12.00000000,	0.00000000,	'S',	'admin',	'2012-10-05 08:55:54',	'admin',	'2012-10-05 08:55:54'),
(29,	'IC0014',	3,	2,	'002',	'1',	0.00000000,	1,	0.00000000,	0.00000000,	10.00000000,	0.00000000,	'S',	'admin',	'2012-10-05 08:55:54',	'admin',	'2012-10-05 08:55:54'),
(30,	'IC0014',	4,	4,	'001',	'1',	0.00000000,	4,	0.00000000,	0.00000000,	12.00000000,	0.00000000,	'S',	'admin',	'2012-10-05 08:55:55',	'admin',	'2012-10-05 08:55:55'),
(31,	'IC0014',	5,	1,	'001',	'1',	0.00000000,	4,	0.00000000,	0.00000000,	10.00000000,	0.00000000,	'S',	'admin',	'2012-10-05 08:55:55',	'admin',	'2012-10-05 08:55:55'),
(32,	'IC0014',	6,	5,	'001',	'1',	0.00000000,	3,	0.00000000,	0.00000000,	12.00000000,	0.00000000,	'S',	'admin',	'2012-10-05 08:55:55',	'admin',	'2012-10-05 08:55:55'),
(33,	'IC0014',	7,	7,	'001',	'1',	0.00000000,	3,	0.00000000,	0.00000000,	12.00000000,	0.00000000,	'S',	'admin',	'2012-10-05 08:55:55',	'admin',	'2012-10-05 08:55:55'),
(34,	'IC0014',	8,	8,	'002',	'1',	0.00000000,	1,	0.00000000,	0.00000000,	12.00000000,	0.00000000,	'S',	'admin',	'2012-10-05 08:55:55',	'admin',	'2012-10-05 08:55:55'),
(35,	'IC0015',	1,	1,	'001',	'1',	10.00000000,	4,	8.00000000,	0.00000000,	10.00000000,	0.07911392,	'S',	'admin',	'2012-10-05 09:29:32',	'admin',	'2012-10-05 09:29:32'),
(36,	'IC0015',	2,	2,	'002',	'1',	12.00000000,	1,	12.00000000,	0.00000000,	10.00000000,	0.00000000,	'S',	'admin',	'2012-10-05 09:29:32',	'admin',	'2012-10-05 09:29:32'),
(37,	'IC0016',	1,	1,	'001',	'1',	8.00000000,	4,	8.00000000,	0.00000000,	10.00000000,	0.07911392,	'S',	'admin',	'2012-10-05 09:31:09',	'admin',	'2012-10-05 09:31:09'),
(38,	'IC0017',	1,	2,	'002',	'1',	12.00000000,	1,	8.00000000,	0.00000000,	10.00000000,	0.00000000,	'S',	'admin',	'2012-10-05 09:59:52',	'admin',	'2012-10-05 09:59:52'),
(39,	'IC0017',	2,	1,	'001',	'1',	10.00000000,	4,	10.00000000,	0.00000000,	10.00000000,	0.07911392,	'S',	'admin',	'2012-10-05 09:59:52',	'admin',	'2012-10-05 09:59:52'),
(40,	'IC0018',	1,	2,	'002',	'1',	8.00000000,	1,	8.00000000,	0.00000000,	10.00000000,	0.00000000,	'S',	'admin',	'2012-10-05 10:00:45',	'admin',	'2012-10-05 10:00:45');

DROP TABLE IF EXISTS `mensaje_sistema`;
CREATE TABLE `mensaje_sistema` (
  `CODIGO` varchar(4) NOT NULL,
  `TIPO` varchar(10) NOT NULL,
  `MENSAJE` text NOT NULL,
  `ACTIVO` varchar(1) NOT NULL,
  `CREADO_POR` varchar(20) NOT NULL,
  `CREADO_EL` datetime NOT NULL,
  `ACTUALIZADO_POR` varchar(20) NOT NULL,
  `ACTUALIZADO_EL` datetime NOT NULL,
  PRIMARY KEY (`CODIGO`)
) ENGINE=InnoDB DEFAULT CHARSET=latin1 COMMENT='Tabla que almacena los mensajes del sistema';

INSERT INTO `mensaje_sistema` (`CODIGO`, `TIPO`, `MENSAJE`, `ACTIVO`, `CREADO_POR`, `CREADO_EL`, `ACTUALIZADO_POR`, `ACTUALIZADO_EL`) VALUES
('A001',	'warning',	'Advertencias en la Operación\r\n',	'S',	'admin',	'2012-08-21 00:00:00',	'admin',	'2012-08-21 00:00:00'),
('E001',	'error',	'Error al intentar realizar la operación, verifique nuevamente',	'S',	'admin',	'2012-08-21 00:00:00',	'admin',	'2012-08-21 00:00:00'),
('S001',	'success',	'Se realizo la operación con éxito',	'S',	'admin',	'2012-08-21 00:00:00',	'admin',	'2012-08-21 00:00:00'),
('S002',	'success',	'Los siguientes documentos van a ser procesados',	'S',	'admin',	'2012-08-21 00:00:00',	'admin',	'2012-08-21 00:00:00');

DROP TABLE IF EXISTS `metodo_valuacion_inv`;
CREATE TABLE `metodo_valuacion_inv` (
  `ID` varchar(10) NOT NULL,
  `DESCRIPCION` varchar(64) NOT NULL,
  `ACTIVO` varchar(1) NOT NULL,
  `CREADO_POR` varchar(20) NOT NULL,
  `CREADO_EL` datetime NOT NULL,
  `ACTUALIZADO_POR` varchar(20) NOT NULL,
  `ACTUALIZADO_EL` datetime NOT NULL,
  PRIMARY KEY (`ID`)
) ENGINE=InnoDB DEFAULT CHARSET=latin1 COMMENT='Tabla que almacena los metodos de valuación de inventario (e';

INSERT INTO `metodo_valuacion_inv` (`ID`, `DESCRIPCION`, `ACTIVO`, `CREADO_POR`, `CREADO_EL`, `ACTUALIZADO_POR`, `ACTUALIZADO_EL`) VALUES
('Estándar',	'descripcion',	'S',	'admin',	'2012-05-29 10:30:54',	'admin',	'2012-05-29 10:30:54'),
('PEPS',	'descripcion',	'S',	'admin',	'2012-05-29 10:31:24',	'admin',	'2012-05-29 10:31:24'),
('Promedio',	'descripcion',	'S',	'admin',	'2012-05-29 10:31:06',	'admin',	'2012-05-29 10:31:06'),
('UEPS',	'descripcion',	'S',	'admin',	'2012-05-29 10:31:15',	'admin',	'2012-05-29 10:31:15'),
('Último',	'descripcion',	'S',	'admin',	'2012-05-29 10:31:32',	'admin',	'2012-05-29 10:31:32');

DROP TABLE IF EXISTS `nit`;
CREATE TABLE `nit` (
  `ID` varchar(12) NOT NULL COMMENT 'identificación alfanumérica del departamento, la casilla tiene campo para 10 dígitos.',
  `TIIPO_DOCUMENTO` varchar(10) NOT NULL,
  `RAZON_SOCIAL` varchar(128) NOT NULL COMMENT 'nombre del departamento, la casilla tiene campo para 40 dígitos.',
  `ALIAS` varchar(128) DEFAULT NULL,
  `OBSERVACIONES` text,
  `ACTIVO` varchar(1) NOT NULL,
  `CREADO_POR` varchar(20) NOT NULL,
  `CREADO_EL` datetime NOT NULL,
  `ACTUALIZADO_POR` varchar(20) NOT NULL,
  `ACTUALIZADO_EL` datetime NOT NULL,
  PRIMARY KEY (`ID`),
  KEY `FK_TIPO_DOCUMENTO_NIT` (`TIIPO_DOCUMENTO`),
  CONSTRAINT `FK_TIPO_DOCUMENTO_NIT` FOREIGN KEY (`TIIPO_DOCUMENTO`) REFERENCES `tipo_documento` (`ID`)
) ENGINE=InnoDB DEFAULT CHARSET=latin1 COMMENT='La tabla de datos denominada NIT’s sirve para registrar los ';

INSERT INTO `nit` (`ID`, `TIIPO_DOCUMENTO`, `RAZON_SOCIAL`, `ALIAS`, `OBSERVACIONES`, `ACTIVO`, `CREADO_POR`, `CREADO_EL`, `ACTUALIZADO_POR`, `ACTUALIZADO_EL`) VALUES
('0',	'NIT',	'Distribuidora La Veneciana S.A',	NULL,	NULL,	'S',	'admin',	'2012-07-15 16:38:28',	'admin',	'2012-07-15 16:38:28'),
('14212809-2',	'NIT',	'Depocito y Trilladora Primavera',	NULL,	NULL,	'S',	'admin',	'2012-08-01 16:38:28',	'admin',	'2012-08-01 16:38:28'),
('14240456-5',	'NIT',	'TRAPIASEO',	NULL,	NULL,	'S',	'admin',	'2012-07-24 16:38:28',	'admin',	'2012-07-24 16:38:28'),
('14242316-1',	'NIT',	'Agropecuaria la Granjita',	NULL,	NULL,	'S',	'admin',	'2012-07-16 16:38:28',	'admin',	'2012-07-16 16:38:28'),
('38144770-1',	'NIT',	'Luz Adriana Diaz',	NULL,	NULL,	'S',	'admin',	'2012-08-14 16:38:28',	'admin',	'2012-08-14 16:38:28'),
('54554',	'NIT',	'asd',	'',	'',	'S',	'admin',	'2012-07-10 11:16:00',	'admin',	'2012-07-10 11:16:00'),
('65739683-1',	'NIT',	'Almacen y Depocito PIPO',	NULL,	NULL,	'S',	'admin',	'2012-07-31 16:38:28',	'admin',	'2012-07-31 16:38:28'),
('65739769-4',	'NIT',	'Velas y Veladoras LA LUZ',	NULL,	NULL,	'S',	'admin',	'2012-08-08 16:38:28',	'admin',	'2012-08-08 16:38:28'),
('65770886-2',	'NIT',	'distrinatalia',	NULL,	NULL,	'S',	'admin',	'2012-07-12 10:42:00',	'admin',	'2012-07-12 10:42:00'),
('79054051-5',	'NIT',	'Comapan',	NULL,	NULL,	'S',	'admin',	'2012-08-11 16:38:28',	'admin',	'2012-08-11 16:38:28'),
('800077198-2',	'NIT',	'Surti Lima S.A.S.',	NULL,	NULL,	'S',	'admin',	'2012-07-10 16:38:28',	'admin',	'2012-07-10 16:38:28'),
('800098870-4',	'NIT',	'Ventas Del Tolima',	NULL,	NULL,	'S',	'admin',	'2012-07-21 16:38:28',	'admin',	'2012-07-21 16:38:28'),
('800186960-6',	'NIT',	'Altipal S.A.',	NULL,	NULL,	'S',	'admin',	'2012-07-13 16:38:28',	'admin',	'2012-07-13 16:38:28'),
('800245795-0',	'NIT',	'Parmalat Colombia Ltda',	NULL,	NULL,	'S',	'admin',	'2012-07-17 16:38:28',	'admin',	'2012-07-17 16:38:28'),
('809002831-8',	'NIT',	'Distribuidora Martines y Villanueva Ltda',	NULL,	NULL,	'S',	'admin',	'2012-07-18 16:38:28',	'admin',	'2012-07-18 16:38:28'),
('809002939-4',	'NIT',	'Distribuciones  MYL',	NULL,	NULL,	'S',	'admin',	'2012-08-06 16:38:28',	'admin',	'2012-08-06 16:38:28'),
('809006578-7',	'NIT',	'Distribuciones en Red Ltda',	NULL,	NULL,	'S',	'admin',	'2012-07-12 16:38:28',	'admin',	'2012-07-12 16:38:28'),
('830006651-3',	'NIT',	'Alpina',	NULL,	NULL,	'S',	'admin',	'2012-08-05 16:38:28',	'admin',	'2012-08-05 16:38:28'),
('830069726-7',	'NIT',	'profrance eu',	NULL,	NULL,	'S',	'admin',	'2012-07-12 10:42:00',	'admin',	'2012-07-12 10:42:00'),
('860000135-6',	'NIT',	'AZUL K',	NULL,	NULL,	'S',	'admin',	'2012-08-07 16:38:28',	'admin',	'2012-08-07 16:38:28'),
('860005224-6',	'NIT',	'Bavaria S.A',	NULL,	NULL,	'S',	'admin',	'2012-08-09 16:38:28',	'admin',	'2012-08-09 16:38:28'),
('860007955-0',	'NIT',	'Dtergentes Ltda ',	NULL,	NULL,	'S',	'admin',	'2012-07-28 16:38:28',	'admin',	'2012-07-28 16:38:28'),
('860521637-7',	'NIT',	'Organización Cardenas',	NULL,	NULL,	'S',	'admin',	'2012-07-23 16:38:28',	'admin',	'2012-07-23 16:38:28'),
('860753429',	'C.C.',	'Coca Cola Femsa. S.A de C. V',	NULL,	NULL,	'S',	'admin',	'2012-07-27 16:38:28',	'admin',	'2012-07-27 16:38:28'),
('890702902-0',	'NIT',	'Elias A costa y CIA S en C',	NULL,	NULL,	'S',	'admin',	'2012-07-26 16:38:28',	'admin',	'2012-07-26 16:38:28'),
('890705018-8',	'NIT',	'Promotora Comercial Andina',	NULL,	NULL,	'S',	'admin',	'2012-08-02 16:38:28',	'admin',	'2012-08-02 16:38:28'),
('890800718-1',	'NIT',	'Susesores de Jesus Restrepo CIA S.A',	NULL,	NULL,	'S',	'admin',	'2012-07-22 16:38:28',	'admin',	'2012-07-22 16:38:28'),
('890900250-6',	'NIT',	'Jhon Restrepo a y Cia s.a ',	NULL,	NULL,	'S',	'admin',	'2012-07-30 16:38:28',	'admin',	'2012-07-30 16:38:28'),
('8910003244',	'C.C.',	'Postobon Gaseosa de cordoba S.A ',	NULL,	NULL,	'S',	'admin',	'2012-08-03 16:38:28',	'admin',	'2012-08-03 16:38:28'),
('891100158-7',	'NIT',	'Tolimax Industrias Cacaoteras del ahauila',	NULL,	NULL,	'S',	'admin',	'2012-07-29 16:38:28',	'admin',	'2012-07-29 16:38:28'),
('891300382-9',	'NIT',	'Harinera del Valle S.A.',	NULL,	NULL,	'S',	'admin',	'2012-07-11 16:38:28',	'admin',	'2012-07-11 16:38:28'),
('900333483-8',	'NIT',	'comercializadora spaisons',	NULL,	NULL,	'S',	'admin',	'2012-07-12 10:42:00',	'admin',	'2012-07-12 10:42:00'),
('900340659-6',	'NIT',	'Inverciones Distriorinoquia S.A.S',	NULL,	NULL,	'S',	'admin',	'2012-07-19 16:38:28',	'admin',	'2012-07-19 16:38:28'),
('900341086-0',	'NIT',	'Comercial Ntresa S.A.S',	NULL,	NULL,	'S',	'admin',	'2012-07-14 16:38:28',	'admin',	'2012-07-14 16:38:28'),
('900369023-9',	'NIT',	'Tropi LimaS.A.S',	NULL,	NULL,	'S',	'admin',	'2012-07-20 16:38:28',	'admin',	'2012-07-20 16:38:28'),
('900414293',	'C.C.',	'Distri Lineas',	NULL,	NULL,	'S',	'admin',	'2012-07-25 16:38:28',	'admin',	'2012-07-25 16:38:28'),
('900428914-1',	'NIT',	'Productos la esperansa vio vida Ltda',	NULL,	NULL,	'S',	'admin',	'2012-08-10 16:38:28',	'admin',	'2012-08-10 16:38:28'),
('900482649-1',	'NIT',	'San Sebastian',	NULL,	NULL,	'S',	'admin',	'2012-08-04 16:38:28',	'admin',	'2012-08-04 16:38:28'),
('9336317-3',	'NIT',	'POLLOS DEL CAMPO',	NULL,	NULL,	'S',	'admin',	'2012-08-12 16:38:28',	'admin',	'2012-08-12 16:38:28'),
('97777164',	'C.C.',	'FRITO LAY',	NULL,	NULL,	'S',	'admin',	'2012-08-13 16:38:28',	'admin',	'2012-08-13 16:38:28');

DROP TABLE IF EXISTS `nivel_precio`;
CREATE TABLE `nivel_precio` (
  `ID` varchar(12) NOT NULL COMMENT 'identificación alfanumérica del nivel de precio.',
  `DESCRIPCION` varchar(64) NOT NULL COMMENT 'nombre del nivel de precio',
  `ESQUEMA_TRABAJO` varchar(4) NOT NULL COMMENT 'se refiere al procedimiento que se utilizará para calcular los precios de los artículos.\n            \n            Al posicionarse en la casilla de esquema de trabajo, también aparece un icono con una flecha hacia abajo. Las opciones que se pueden escoger ',
  `CONDICION_PAGO` varchar(4) DEFAULT NULL,
  `ACTIVO` varchar(1) NOT NULL,
  `CREADO_POR` varchar(20) NOT NULL,
  `CREADO_EL` datetime NOT NULL,
  `ACTUALIZADO_POR` varchar(20) NOT NULL,
  `ACTUALIZADO_EL` datetime NOT NULL,
  PRIMARY KEY (`ID`),
  KEY `FK_COND_PAGO_NV_PRECIO` (`CONDICION_PAGO`),
  CONSTRAINT `FK_COND_PAGO_NV_PRECIO` FOREIGN KEY (`CONDICION_PAGO`) REFERENCES `codicion_pago` (`ID`)
) ENGINE=InnoDB DEFAULT CHARSET=latin1 COMMENT='Almacena los posibles tipos precios de los artículos de la c';

INSERT INTO `nivel_precio` (`ID`, `DESCRIPCION`, `ESQUEMA_TRABAJO`, `CONDICION_PAGO`, `ACTIVO`, `CREADO_POR`, `CREADO_EL`, `ACTUALIZADO_POR`, `ACTUALIZADO_EL`) VALUES
('1',	'asd',	'23',	'1',	'S',	'admin',	'2012-05-12 08:15:20',	'admin',	'2012-05-12 08:15:20');

DROP TABLE IF EXISTS `orden_compra`;
CREATE TABLE `orden_compra` (
  `ORDEN_COMPRA` varchar(10) NOT NULL,
  `PROVEEDOR` varchar(20) NOT NULL,
  `FECHA` date NOT NULL COMMENT 'Fecha de creacion de la orden de compra',
  `BODEGA` varchar(4) NOT NULL COMMENT 'Bodega a donde se ingresaran los articulos de la orden de compra',
  `DEPARTAMENTO` varchar(10) DEFAULT NULL,
  `FECHA_COTIZACION` date DEFAULT NULL,
  `FECHA_OFRECIDA` date DEFAULT NULL,
  `FECHA_REQUERIDA` date DEFAULT NULL,
  `FECHA_REQ_EMBARQUE` date DEFAULT NULL,
  `PRIORIDAD` varchar(1) NOT NULL COMMENT '[A]lta,             [M]edia            [B]aja',
  `CONDICION_PAGO` varchar(4) NOT NULL,
  `DIRECCION_EMBARQUE` varchar(250) DEFAULT NULL,
  `DIRECCION_COBRO` varchar(250) DEFAULT NULL,
  `RUBRO1` varchar(50) DEFAULT NULL,
  `RUBRO2` varchar(50) DEFAULT NULL,
  `RUBRO3` varchar(50) DEFAULT NULL,
  `RUBRO4` varchar(50) DEFAULT NULL,
  `RUBRO5` varchar(50) DEFAULT NULL,
  `COMENTARIO_CXP` varchar(250) DEFAULT NULL,
  `INSTRUCCIONES` varchar(250) DEFAULT NULL,
  `OBSERVACIONES` text,
  `PORC_DESCUENTO` decimal(28,8) NOT NULL,
  `MONTO_FLETE` decimal(28,8) NOT NULL,
  `MONTO_SEGURO` decimal(28,8) NOT NULL,
  `MONTO_ANTICIPO` decimal(28,8) NOT NULL,
  `TIPO_PRORRATEO_OC` varchar(3) DEFAULT NULL COMMENT '[CAN]tidad            [PRE]cio            [PRO]medio',
  `TOTAL_A_COMPRAR` decimal(28,8) NOT NULL COMMENT 'Total de la orden de compra',
  `USUARIO_CANCELA` varchar(20) DEFAULT NULL,
  `FECHA_CANCELA` datetime DEFAULT NULL,
  `ESTADO` varchar(1) NOT NULL COMMENT '[P]laneada            [B]ackorder            [R]ecibida            [C]ancelada',
  `CREADO_POR` varchar(20) NOT NULL,
  `CREADO_EL` datetime NOT NULL,
  `ACTUALIZADO_POR` varchar(20) NOT NULL,
  `ACTUALIZADO_EL` datetime NOT NULL,
  `USUARIO_CIERRA` varchar(20) NOT NULL,
  `FECHA_CIERRA` datetime NOT NULL,
  `AUTORIZADA_POR` varchar(20) NOT NULL,
  `FECHA_AUTORIZADA` datetime NOT NULL,
  PRIMARY KEY (`ORDEN_COMPRA`),
  KEY `FK_BODEGA_ORDEN_COMPRA` (`BODEGA`),
  KEY `FK_CONDICION_PAGO_OC` (`CONDICION_PAGO`),
  KEY `FK_DEPARTAMENTO_ORDEN_COMPRA` (`DEPARTAMENTO`),
  KEY `FK_PROVEEDOR_ORDEN_COMPRA` (`PROVEEDOR`),
  CONSTRAINT `FK_BODEGA_ORDEN_COMPRA` FOREIGN KEY (`BODEGA`) REFERENCES `bodega` (`ID`),
  CONSTRAINT `FK_CONDICION_PAGO_OC` FOREIGN KEY (`CONDICION_PAGO`) REFERENCES `codicion_pago` (`ID`),
  CONSTRAINT `FK_DEPARTAMENTO_ORDEN_COMPRA` FOREIGN KEY (`DEPARTAMENTO`) REFERENCES `departamento` (`ID`),
  CONSTRAINT `FK_PROVEEDOR_ORDEN_COMPRA` FOREIGN KEY (`PROVEEDOR`) REFERENCES `proveedor` (`PROVEEDOR`)
) ENGINE=InnoDB DEFAULT CHARSET=latin1 COMMENT='Tabla que almacena las ordenes de compra';

INSERT INTO `orden_compra` (`ORDEN_COMPRA`, `PROVEEDOR`, `FECHA`, `BODEGA`, `DEPARTAMENTO`, `FECHA_COTIZACION`, `FECHA_OFRECIDA`, `FECHA_REQUERIDA`, `FECHA_REQ_EMBARQUE`, `PRIORIDAD`, `CONDICION_PAGO`, `DIRECCION_EMBARQUE`, `DIRECCION_COBRO`, `RUBRO1`, `RUBRO2`, `RUBRO3`, `RUBRO4`, `RUBRO5`, `COMENTARIO_CXP`, `INSTRUCCIONES`, `OBSERVACIONES`, `PORC_DESCUENTO`, `MONTO_FLETE`, `MONTO_SEGURO`, `MONTO_ANTICIPO`, `TIPO_PRORRATEO_OC`, `TOTAL_A_COMPRAR`, `USUARIO_CANCELA`, `FECHA_CANCELA`, `ESTADO`, `CREADO_POR`, `CREADO_EL`, `ACTUALIZADO_POR`, `ACTUALIZADO_EL`, `USUARIO_CIERRA`, `FECHA_CIERRA`, `AUTORIZADA_POR`, `FECHA_AUTORIZADA`) VALUES
('OC0000',	'1',	'2012-10-01',	'1',	'1',	'0000-00-00',	'0000-00-00',	'0000-00-00',	'0000-00-00',	'A',	'1',	'',	'',	NULL,	NULL,	NULL,	NULL,	NULL,	'',	'',	'',	10.00000000,	10.00000000,	10.00000000,	10.00000000,	'PRE',	36.20000000,	'admin',	'2012-10-02 14:17:49',	'R',	'admin',	'2012-10-01 16:18:05',	'admin',	'2012-10-03 15:26:40',	'',	'0000-00-00 00:00:00',	'admin',	'2012-10-03 20:26:40'),
('OC0001',	'1',	'2012-10-02',	'1',	'1',	'0000-00-00',	'0000-00-00',	'0000-00-00',	'0000-00-00',	'A',	'1',	'',	'',	NULL,	NULL,	NULL,	NULL,	NULL,	'',	'',	'',	10.00000000,	10.00000000,	10.00000000,	10.00000000,	'CAN',	340.76000000,	NULL,	NULL,	'A',	'admin',	'2012-10-02 15:09:08',	'admin',	'2012-10-03 15:26:40',	'',	'0000-00-00 00:00:00',	'admin',	'2012-10-03 20:26:40'),
('OC0002',	'1',	'2012-10-02',	'1',	'1',	'0000-00-00',	'0000-00-00',	'0000-00-00',	'0000-00-00',	'A',	'1',	'',	'',	NULL,	NULL,	NULL,	NULL,	NULL,	'',	'',	'',	10.00000000,	10.00000000,	10.00000000,	10.00000000,	'CAN',	287.30000000,	NULL,	NULL,	'P',	'admin',	'2012-10-02 15:32:56',	'admin',	'2012-10-02 15:32:56',	'',	'0000-00-00 00:00:00',	'',	'0000-00-00 00:00:00'),
('OC0003',	'1',	'2012-10-02',	'1',	'1',	'0000-00-00',	'0000-00-00',	'0000-00-00',	'0000-00-00',	'A',	'1',	'',	'',	NULL,	NULL,	NULL,	NULL,	NULL,	'',	'',	'',	10.00000000,	10.00000000,	10.00000000,	10.00000000,	'CAN',	82.37000000,	NULL,	NULL,	'P',	'admin',	'2012-10-02 15:40:44',	'admin',	'2012-10-02 15:40:44',	'',	'0000-00-00 00:00:00',	'',	'0000-00-00 00:00:00'),
('OC0004',	'1',	'2012-10-02',	'1',	'1',	'0000-00-00',	'0000-00-00',	'0000-00-00',	'0000-00-00',	'A',	'1',	'',	'',	NULL,	NULL,	NULL,	NULL,	NULL,	'',	'',	'',	10.00000000,	10.00000000,	10.00000000,	10.00000000,	'CAN',	425.72000000,	NULL,	NULL,	'P',	'admin',	'2012-10-02 15:42:15',	'admin',	'2012-10-02 15:42:15',	'',	'0000-00-00 00:00:00',	'',	'0000-00-00 00:00:00'),
('OC0005',	'1',	'2012-10-02',	'1',	'1',	'0000-00-00',	'0000-00-00',	'0000-00-00',	'0000-00-00',	'A',	'1',	'',	'',	NULL,	NULL,	NULL,	NULL,	NULL,	'',	'',	'',	10.00000000,	10.00000000,	10.00000000,	10.00000000,	'CAN',	21047.60000000,	NULL,	NULL,	'P',	'admin',	'2012-10-02 15:45:31',	'admin',	'2012-10-02 15:45:31',	'',	'0000-00-00 00:00:00',	'',	'0000-00-00 00:00:00'),
('OC0006',	'1',	'2012-10-02',	'1',	'1',	'0000-00-00',	'0000-00-00',	'0000-00-00',	'0000-00-00',	'A',	'1',	'',	'',	NULL,	NULL,	NULL,	NULL,	NULL,	'',	'',	'',	10.00000000,	50.00000000,	50.00000000,	50.00000000,	'CAN',	17110.00000000,	NULL,	NULL,	'P',	'admin',	'2012-10-02 15:49:00',	'admin',	'2012-10-02 15:49:00',	'',	'0000-00-00 00:00:00',	'',	'0000-00-00 00:00:00'),
('OC0007',	'1',	'2012-10-02',	'1',	'1',	'0000-00-00',	'0000-00-00',	'0000-00-00',	'0000-00-00',	'A',	'1',	'',	'',	NULL,	NULL,	NULL,	NULL,	NULL,	'',	'',	'',	10.00000000,	10.00000000,	10.00000000,	10.00000000,	'CAN',	8039.00000000,	NULL,	NULL,	'P',	'admin',	'2012-10-02 15:58:46',	'admin',	'2012-10-02 15:58:46',	'',	'0000-00-00 00:00:00',	'',	'0000-00-00 00:00:00'),
('OC0008',	'1',	'2012-10-02',	'1',	'1',	'0000-00-00',	'0000-00-00',	'0000-00-00',	'0000-00-00',	'A',	'1',	'',	'',	NULL,	NULL,	NULL,	NULL,	NULL,	'',	'',	'',	10.00000000,	10.00000000,	10.00000000,	10.00000000,	'CAN',	4880.00000000,	NULL,	NULL,	'P',	'admin',	'2012-10-02 15:59:51',	'admin',	'2012-10-02 15:59:51',	'',	'0000-00-00 00:00:00',	'',	'0000-00-00 00:00:00'),
('OC0009',	'1',	'2012-10-02',	'1',	'1',	'0000-00-00',	'0000-00-00',	'0000-00-00',	'0000-00-00',	'A',	'1',	'',	'',	NULL,	NULL,	NULL,	NULL,	NULL,	'',	'',	'',	10.00000000,	10.00000000,	10.00000000,	10.00000000,	'CAN',	4880.00000000,	NULL,	NULL,	'P',	'admin',	'2012-10-02 16:00:51',	'admin',	'2012-10-02 16:00:51',	'',	'0000-00-00 00:00:00',	'',	'0000-00-00 00:00:00'),
('OC0010',	'1',	'2012-10-03',	'1',	'1',	'2012-10-03',	'2012-10-26',	'2012-10-04',	'2012-10-04',	'A',	'1',	'',	'',	NULL,	NULL,	NULL,	NULL,	NULL,	'',	'',	'',	10.00000000,	20.00000000,	20.00000000,	20.00000000,	'CAN',	202.00000000,	NULL,	NULL,	'P',	'admin',	'2012-10-03 08:37:36',	'admin',	'2012-10-03 08:37:36',	'',	'0000-00-00 00:00:00',	'',	'0000-00-00 00:00:00'),
('OC0011',	'13',	'2012-10-03',	'1',	'1',	'0000-00-00',	'0000-00-00',	'0000-00-00',	'0000-00-00',	'A',	'1',	'',	'',	NULL,	NULL,	NULL,	NULL,	NULL,	'',	'',	'',	10.00000000,	10.00000000,	10.00000000,	10.00000000,	'CAN',	830.00000000,	NULL,	NULL,	'A',	'admin',	'2012-10-03 08:43:03',	'admin',	'2012-10-03 10:06:25',	'',	'0000-00-00 00:00:00',	'admin',	'2012-10-03 15:06:25');

DROP TABLE IF EXISTS `orden_compra_linea`;
CREATE TABLE `orden_compra_linea` (
  `ORDEN_COMPRA_LINEA` int(11) NOT NULL AUTO_INCREMENT,
  `ORDEN_COMPRA` varchar(10) NOT NULL,
  `LINEA_NUM` smallint(6) NOT NULL,
  `ARTICULO` varchar(20) NOT NULL,
  `DESCRIPCION` varchar(128) DEFAULT NULL,
  `BODEGA` varchar(4) NOT NULL,
  `FECHA_REQUERIDA` date NOT NULL,
  `FACTURA` varchar(20) DEFAULT NULL,
  `CANTIDAD_ORDENADA` decimal(28,8) NOT NULL,
  `UNIDAD_COMPRA` int(11) NOT NULL,
  `PRECIO_UNITARIO` decimal(28,8) NOT NULL,
  `PORC_DESCUENTO` decimal(28,8) NOT NULL,
  `MONTO_DESCUENTO` decimal(28,8) NOT NULL,
  `PORC_IMPUESTO` decimal(28,8) NOT NULL,
  `VALOR_IMPUESTO` decimal(28,8) NOT NULL,
  `CANTIDAD_RECIBIDA` decimal(28,8) NOT NULL,
  `CANTIDAD_RECHAZADA` decimal(28,8) NOT NULL,
  `SALDO` decimal(28,8) NOT NULL DEFAULT '0.00000000',
  `FECHA` date NOT NULL COMMENT 'Fecha de creación de la orden de compra',
  `OBSERVACION` text,
  `ESTADO` varchar(1) NOT NULL COMMENT '[P]laneada            [B]ackorder            [R]ecibida            [C]ancelada',
  `CREADO_POR` varchar(20) NOT NULL,
  `CREADO_EL` datetime NOT NULL,
  `ACTUALIZADO_POR` varchar(20) NOT NULL,
  `ACTUALIZADO_EL` datetime NOT NULL,
  PRIMARY KEY (`ORDEN_COMPRA_LINEA`),
  KEY `FK_ARTICULO_LINEA_COMPRA` (`ARTICULO`),
  KEY `FK_BODEGA_LINEA_ORDEN_COMPRA` (`BODEGA`),
  KEY `FK_LINEA_PERTENECE_A_ORDEN_COMPRA` (`ORDEN_COMPRA`),
  KEY `FK_UNIDAD_COMPRA_LINEA` (`UNIDAD_COMPRA`),
  CONSTRAINT `FK_ARTICULO_LINEA_COMPRA` FOREIGN KEY (`ARTICULO`) REFERENCES `articulo` (`ARTICULO`),
  CONSTRAINT `FK_BODEGA_LINEA_ORDEN_COMPRA` FOREIGN KEY (`BODEGA`) REFERENCES `bodega` (`ID`),
  CONSTRAINT `FK_LINEA_PERTENECE_A_ORDEN_COMPRA` FOREIGN KEY (`ORDEN_COMPRA`) REFERENCES `orden_compra` (`ORDEN_COMPRA`),
  CONSTRAINT `FK_UNIDAD_COMPRA_LINEA` FOREIGN KEY (`UNIDAD_COMPRA`) REFERENCES `unidad_medida` (`ID`)
) ENGINE=InnoDB DEFAULT CHARSET=latin1 COMMENT='Lineas de la orden de compra';

INSERT INTO `orden_compra_linea` (`ORDEN_COMPRA_LINEA`, `ORDEN_COMPRA`, `LINEA_NUM`, `ARTICULO`, `DESCRIPCION`, `BODEGA`, `FECHA_REQUERIDA`, `FACTURA`, `CANTIDAD_ORDENADA`, `UNIDAD_COMPRA`, `PRECIO_UNITARIO`, `PORC_DESCUENTO`, `MONTO_DESCUENTO`, `PORC_IMPUESTO`, `VALOR_IMPUESTO`, `CANTIDAD_RECIBIDA`, `CANTIDAD_RECHAZADA`, `SALDO`, `FECHA`, `OBSERVACION`, `ESTADO`, `CREADO_POR`, `CREADO_EL`, `ACTUALIZADO_POR`, `ACTUALIZADO_EL`) VALUES
(1,	'OC0000',	1,	'001',	'Articulo de ejemplo ',	'1',	'2012-10-31',	'',	10.00000000,	4,	10.00000000,	10.00000000,	1.00000000,	0.00000000,	0.00000000,	0.00000000,	0.00000000,	10.00000000,	'2012-10-24',	'45',	'R',	'admin',	'2012-10-01 16:18:05',	'admin',	'2012-10-05 10:00:00'),
(2,	'OC0000',	2,	'002',	'fsdf',	'1',	'2012-10-31',	'',	12.00000000,	1,	10.00000000,	10.00000000,	1.00000000,	0.00000000,	0.00000000,	0.00000000,	0.00000000,	12.00000000,	'2012-10-27',	'78',	'R',	'admin',	'2012-10-01 16:18:05',	'admin',	'2012-10-05 10:01:10'),
(3,	'OC0001',	1,	'001',	'Articulo de ejemplo ',	'1',	'2012-07-03',	'',	12.00000000,	3,	12.00000000,	1.00000000,	1.44000000,	0.00000000,	0.00000000,	0.00000000,	0.00000000,	12.00000000,	'2012-10-02',	'asd',	'R',	'admin',	'2012-10-02 15:09:08',	'admin',	'2012-10-05 08:56:09'),
(4,	'OC0001',	2,	'001',	'Articulo de ejemplo ',	'1',	'0000-00-00',	'',	1.00000000,	4,	12.00000000,	1.00000000,	0.12000000,	0.00000000,	0.00000000,	0.00000000,	0.00000000,	1.00000000,	'2012-10-02',	'45',	'R',	'admin',	'2012-10-02 15:09:08',	'admin',	'2012-10-05 08:56:10'),
(5,	'OC0001',	3,	'001',	'Articulo de ejemplo ',	'1',	'2012-07-18',	'',	4.00000000,	3,	12.00000000,	1.00000000,	0.48000000,	0.00000000,	0.00000000,	0.00000000,	0.00000000,	4.00000000,	'2012-10-02',	'asd',	'R',	'admin',	'2012-10-02 15:09:08',	'admin',	'2012-10-05 08:56:10'),
(6,	'OC0001',	4,	'003',	'asdfsdfger',	'1',	'2012-07-13',	'',	9.00000000,	3,	12.00000000,	1.00000000,	1.08000000,	0.00000000,	0.00000000,	0.00000000,	0.00000000,	9.00000000,	'2012-10-02',	'gdfg',	'R',	'admin',	'2012-10-02 15:09:08',	'admin',	'2012-10-05 08:56:10'),
(7,	'OC0001',	5,	'001',	'Articulo de ejemplo ',	'1',	'2012-07-04',	'',	3.00000000,	3,	12.00000000,	1.00000000,	0.36000000,	0.00000000,	0.00000000,	0.00000000,	0.00000000,	3.00000000,	'2012-10-02',	'asd',	'R',	'admin',	'2012-10-02 15:09:08',	'admin',	'2012-10-05 08:56:10'),
(8,	'OC0001',	6,	'002',	'fsdf',	'1',	'0000-00-00',	'',	1.00000000,	1,	12.00000000,	1.00000000,	0.12000000,	0.00000000,	0.00000000,	0.00000000,	0.00000000,	1.00000000,	'2012-10-02',	'78',	'R',	'admin',	'2012-10-02 15:09:09',	'admin',	'2012-10-05 08:56:11'),
(9,	'OC0002',	1,	'001',	'Articulo de ejemplo ',	'1',	'2012-07-04',	'',	3.00000000,	3,	10.00000000,	1.00000000,	0.30000000,	0.00000000,	0.00000000,	0.00000000,	0.00000000,	0.00000000,	'2012-10-02',	'asd',	'P',	'admin',	'2012-10-02 15:32:56',	'admin',	'2012-10-02 15:32:56'),
(10,	'OC0002',	2,	'001',	'Articulo de ejemplo ',	'1',	'2012-07-03',	'',	12.00000000,	3,	10.00000000,	1.00000000,	1.20000000,	0.00000000,	0.00000000,	0.00000000,	0.00000000,	0.00000000,	'2012-10-03',	'asd',	'P',	'admin',	'2012-10-02 15:32:56',	'admin',	'2012-10-02 15:32:56'),
(11,	'OC0002',	3,	'001',	'Articulo de ejemplo ',	'1',	'2012-07-18',	'',	4.00000000,	3,	10.00000000,	1.00000000,	0.40000000,	0.00000000,	0.00000000,	0.00000000,	0.00000000,	0.00000000,	'2012-10-02',	'asd',	'P',	'admin',	'2012-10-02 15:32:56',	'admin',	'2012-10-02 15:32:56'),
(12,	'OC0002',	4,	'003',	'asdfsdfger',	'1',	'2012-07-13',	'',	9.00000000,	3,	10.00000000,	1.00000000,	0.90000000,	0.00000000,	0.00000000,	0.00000000,	0.00000000,	0.00000000,	'2012-10-03',	'gdfg',	'P',	'admin',	'2012-10-02 15:32:56',	'admin',	'2012-10-02 15:32:56'),
(13,	'OC0002',	5,	'002',	'fsdf',	'1',	'0000-00-00',	'',	1.00000000,	1,	10.00000000,	1.00000000,	0.10000000,	0.00000000,	0.00000000,	0.00000000,	0.00000000,	0.00000000,	'2012-10-31',	'78',	'P',	'admin',	'2012-10-02 15:32:56',	'admin',	'2012-10-02 15:32:56'),
(14,	'OC0002',	6,	'001',	'Articulo de ejemplo ',	'1',	'0000-00-00',	'',	1.00000000,	4,	10.00000000,	1.00000000,	0.10000000,	0.00000000,	0.00000000,	0.00000000,	0.00000000,	0.00000000,	'2012-10-12',	'45',	'P',	'admin',	'2012-10-02 15:32:57',	'admin',	'2012-10-02 15:32:57'),
(15,	'OC0003',	1,	'001',	'Articulo de ejemplo ',	'1',	'2012-07-04',	'',	3.00000000,	3,	10.00000000,	1.00000000,	0.30000000,	0.00000000,	0.00000000,	0.00000000,	0.00000000,	0.00000000,	'2012-10-02',	'asd',	'P',	'admin',	'2012-10-02 15:40:44',	'admin',	'2012-10-02 15:40:44'),
(16,	'OC0003',	2,	'001',	'Articulo de ejemplo ',	'1',	'2012-07-18',	'',	4.00000000,	3,	10.00000000,	1.00000000,	0.40000000,	0.00000000,	0.00000000,	0.00000000,	0.00000000,	0.00000000,	'2012-10-04',	'asd',	'P',	'admin',	'2012-10-02 15:40:44',	'admin',	'2012-10-02 15:40:44'),
(17,	'OC0004',	1,	'001',	'Articulo de ejemplo ',	'1',	'0000-00-00',	'',	1.00000000,	4,	20.00000000,	2.00000000,	0.40000000,	0.00000000,	0.00000000,	0.00000000,	0.00000000,	0.00000000,	'2012-10-09',	'45',	'P',	'admin',	'2012-10-02 15:42:15',	'admin',	'2012-10-02 15:42:15'),
(18,	'OC0004',	2,	'002',	'fsdf',	'1',	'0000-00-00',	'',	1.00000000,	1,	20.00000000,	2.00000000,	0.40000000,	0.00000000,	0.00000000,	0.00000000,	0.00000000,	0.00000000,	'2012-10-11',	'78',	'P',	'admin',	'2012-10-02 15:42:15',	'admin',	'2012-10-02 15:42:15'),
(19,	'OC0004',	3,	'001',	'Articulo de ejemplo ',	'1',	'2012-07-03',	'',	12.00000000,	3,	20.00000000,	2.00000000,	4.80000000,	0.00000000,	0.00000000,	0.00000000,	0.00000000,	0.00000000,	'2012-10-04',	'asd',	'P',	'admin',	'2012-10-02 15:42:15',	'admin',	'2012-10-02 15:42:15'),
(20,	'OC0004',	4,	'003',	'asdfsdfger',	'1',	'2012-07-13',	'',	9.00000000,	3,	20.00000000,	2.00000000,	3.60000000,	0.00000000,	0.00000000,	0.00000000,	0.00000000,	0.00000000,	'2012-10-25',	'gdfg',	'P',	'admin',	'2012-10-02 15:42:16',	'admin',	'2012-10-02 15:42:16'),
(21,	'OC0005',	1,	'003',	'asdfsdfger',	'1',	'2012-09-14',	'',	30.00000000,	3,	200.00000000,	1.00000000,	60.00000000,	0.00000000,	0.00000000,	0.00000000,	0.00000000,	0.00000000,	'2012-10-02',	'20',	'P',	'admin',	'2012-10-02 15:45:31',	'admin',	'2012-10-02 15:45:31'),
(22,	'OC0005',	2,	'003',	'asdfsdfger',	'1',	'2012-09-07',	'',	20.00000000,	3,	200.00000000,	1.00000000,	40.00000000,	0.00000000,	0.00000000,	0.00000000,	0.00000000,	0.00000000,	'2012-10-03',	'',	'P',	'admin',	'2012-10-02 15:45:31',	'admin',	'2012-10-02 15:45:31'),
(23,	'OC0005',	3,	'001',	'Articulo de ejemplo ',	'1',	'2012-09-06',	'',	18.00000000,	3,	200.00000000,	1.00000000,	36.00000000,	0.00000000,	0.00000000,	0.00000000,	0.00000000,	0.00000000,	'2012-10-10',	'',	'P',	'admin',	'2012-10-02 15:45:32',	'admin',	'2012-10-02 15:45:32'),
(24,	'OC0005',	4,	'001',	'Articulo de ejemplo ',	'1',	'2012-09-07',	'',	10.00000000,	3,	200.00000000,	1.00000000,	20.00000000,	0.00000000,	0.00000000,	0.00000000,	0.00000000,	0.00000000,	'2012-10-18',	'20',	'P',	'admin',	'2012-10-02 15:45:32',	'admin',	'2012-10-02 15:45:32'),
(25,	'OC0005',	5,	'002',	'fsdf',	'1',	'2012-09-29',	'',	20.00000000,	1,	200.00000000,	1.00000000,	40.00000000,	0.00000000,	0.00000000,	0.00000000,	0.00000000,	0.00000000,	'2012-10-31',	'fghdfgh',	'P',	'admin',	'2012-10-02 15:45:32',	'admin',	'2012-10-02 15:45:32'),
(26,	'OC0005',	6,	'001',	'Articulo de ejemplo ',	'1',	'2012-09-29',	'',	20.00000000,	3,	200.00000000,	1.00000000,	40.00000000,	0.00000000,	0.00000000,	0.00000000,	0.00000000,	0.00000000,	'2012-10-25',	'',	'P',	'admin',	'2012-10-02 15:45:32',	'admin',	'2012-10-02 15:45:32'),
(27,	'OC0006',	1,	'001',	'Articulo de ejemplo ',	'1',	'2012-09-06',	'',	10.00000000,	3,	100.00000000,	10.00000000,	100.00000000,	0.00000000,	0.00000000,	0.00000000,	0.00000000,	0.00000000,	'2012-10-30',	'',	'P',	'admin',	'2012-10-02 15:49:00',	'admin',	'2012-10-02 15:49:00'),
(28,	'OC0006',	2,	'003',	'asdfsdfger',	'1',	'2012-09-07',	'',	20.00000000,	3,	1000.00000000,	10.00000000,	2000.00000000,	0.00000000,	0.00000000,	0.00000000,	0.00000000,	0.00000000,	'2012-10-26',	'',	'P',	'admin',	'2012-10-02 15:49:00',	'admin',	'2012-10-02 15:49:00'),
(29,	'OC0007',	1,	'001',	'Articulo de ejemplo ',	'1',	'2012-09-06',	'',	10.00000000,	3,	300.00000000,	1.00000000,	30.00000000,	0.00000000,	0.00000000,	0.00000000,	0.00000000,	0.00000000,	'2012-10-16',	'',	'P',	'admin',	'2012-10-02 15:58:46',	'admin',	'2012-10-02 15:58:46'),
(30,	'OC0007',	2,	'003',	'asdfsdfger',	'1',	'2012-09-07',	'',	20.00000000,	3,	300.00000000,	1.00000000,	60.00000000,	0.00000000,	0.00000000,	0.00000000,	0.00000000,	0.00000000,	'2012-10-17',	'',	'P',	'admin',	'2012-10-02 15:58:46',	'admin',	'2012-10-02 15:58:46'),
(31,	'OC0008',	1,	'001',	'Articulo de ejemplo ',	'1',	'2012-09-06',	'',	10.00000000,	3,	200.00000000,	10.00000000,	200.00000000,	0.00000000,	0.00000000,	0.00000000,	0.00000000,	0.00000000,	'2012-10-30',	'',	'P',	'admin',	'2012-10-02 15:59:51',	'admin',	'2012-10-02 15:59:51'),
(32,	'OC0008',	2,	'003',	'asdfsdfger',	'1',	'2012-09-07',	'',	20.00000000,	3,	200.00000000,	10.00000000,	400.00000000,	0.00000000,	0.00000000,	0.00000000,	0.00000000,	0.00000000,	'2012-10-11',	'',	'P',	'admin',	'2012-10-02 15:59:51',	'admin',	'2012-10-02 15:59:51'),
(33,	'OC0009',	1,	'003',	'asdfsdfger',	'1',	'2012-09-07',	'',	10.00000000,	3,	200.00000000,	10.00000000,	200.00000000,	0.00000000,	0.00000000,	0.00000000,	0.00000000,	0.00000000,	'2012-10-09',	'',	'P',	'admin',	'2012-10-02 16:00:51',	'admin',	'2012-10-02 16:00:51'),
(34,	'OC0009',	2,	'001',	'Articulo de ejemplo ',	'1',	'2012-09-06',	'',	20.00000000,	3,	200.00000000,	10.00000000,	400.00000000,	0.00000000,	0.00000000,	0.00000000,	0.00000000,	0.00000000,	'2012-10-25',	'',	'P',	'admin',	'2012-10-02 16:00:51',	'admin',	'2012-10-02 16:00:51'),
(35,	'OC0010',	1,	'003',	'asdfsdfger',	'1',	'2012-09-07',	'',	10.00000000,	3,	20.00000000,	10.00000000,	20.00000000,	0.00000000,	0.00000000,	0.00000000,	0.00000000,	0.00000000,	'2012-10-24',	'',	'P',	'admin',	'2012-10-03 08:37:36',	'admin',	'2012-10-03 08:37:36'),
(36,	'OC0011',	1,	'003',	'asdfsdfger',	'1',	'2012-09-07',	'',	10.00000000,	3,	100.00000000,	10.00000000,	100.00000000,	0.00000000,	0.00000000,	0.00000000,	0.00000000,	0.00000000,	'2012-10-17',	'',	'A',	'admin',	'2012-10-03 08:43:03',	'admin',	'2012-10-03 10:06:25');

DROP TABLE IF EXISTS `pais`;
CREATE TABLE `pais` (
  `ID` varchar(4) NOT NULL,
  `NOMBRE` varchar(64) NOT NULL,
  `CODIGO_ISO` varchar(4) DEFAULT NULL,
  `ACTIVO` varchar(1) DEFAULT NULL,
  `CREADO_POR` varchar(20) NOT NULL,
  `CREADO_EL` datetime NOT NULL,
  `ACTUALIZADO_POR` varchar(20) NOT NULL,
  `ACTUALIZADIO_EL` datetime NOT NULL,
  PRIMARY KEY (`ID`)
) ENGINE=InnoDB DEFAULT CHARSET=latin1;

INSERT INTO `pais` (`ID`, `NOMBRE`, `CODIGO_ISO`, `ACTIVO`, `CREADO_POR`, `CREADO_EL`, `ACTUALIZADO_POR`, `ACTUALIZADIO_EL`) VALUES
('COL',	'Colombia',	'123',	'S',	'admin',	'2012-05-11 09:11:40',	'admin',	'2012-05-11 09:13:24');

DROP TABLE IF EXISTS `proveedor`;
CREATE TABLE `proveedor` (
  `PROVEEDOR` varchar(20) NOT NULL,
  `CATEGORIA` int(11) NOT NULL COMMENT 'Categoria del proveedor',
  `NOMBRE` varchar(80) NOT NULL COMMENT 'Nombre del proveedor',
  `ALIAS` varchar(80) DEFAULT NULL COMMENT 'Alias es un nombre alterno con el que tambien se puede conocer al proveedor',
  `CONTACTO` varchar(30) NOT NULL COMMENT 'nombre de alguna persona que labora en la empresa proveedora, con la cual se puede establecer contacto directo, para que atienda situaciones específicas de los pedidos.',
  `CARGO` varchar(30) NOT NULL COMMENT 'puesto, o posición dentro del organigrama, que tiene la persona a contactar.',
  `DIRECCION` text NOT NULL,
  `EMAIL` varchar(128) DEFAULT NULL,
  `FECHA_INGRESO` date NOT NULL COMMENT 'se debe establecer la fecha en la que el proveedor empezó relaciones comerciales con la empresa.',
  `TELEFONO1` varchar(20) NOT NULL,
  `TELEFONO2` varchar(20) DEFAULT NULL,
  `FAX` varchar(20) DEFAULT NULL,
  `NIT` varchar(20) NOT NULL COMMENT 'Nit del proveedor',
  `CONDICION_PAGO` varchar(25) DEFAULT NULL COMMENT 'identificación alfanumérica del centro de costo, la casilla tiene campo para 25 dígitos. Los códigos de los centros de costo se manejan de la misma manera que se manejan los códigos de las cuentas contables, generando centros padre y centros hijos.',
  `ACTIVO` varchar(1) NOT NULL,
  `ORDEN_MINIMA` decimal(28,8) DEFAULT NULL,
  `DESCUENTO` decimal(28,8) DEFAULT NULL,
  `TASA_INTERES_MORA` decimal(28,8) DEFAULT NULL,
  `NOTAS` text NOT NULL,
  `CREADO_POR` varchar(20) NOT NULL,
  `CREADO_EL` datetime NOT NULL,
  `ACTUALIZADO_POR` varchar(20) NOT NULL,
  `ACTUALIZADO_EL` datetime NOT NULL,
  PRIMARY KEY (`PROVEEDOR`),
  KEY `FK_CODICION_PAGO_PROVEEDOR` (`CONDICION_PAGO`),
  KEY `FK_NIT_PROVEEDOR` (`NIT`),
  KEY `FK_REFERENCE_10` (`CATEGORIA`),
  CONSTRAINT `FK_CODICION_PAGO_PROVEEDOR` FOREIGN KEY (`CONDICION_PAGO`) REFERENCES `centro_costos` (`ID`),
  CONSTRAINT `FK_NIT_PROVEEDOR` FOREIGN KEY (`NIT`) REFERENCES `nit` (`ID`),
  CONSTRAINT `FK_REFERENCE_10` FOREIGN KEY (`CATEGORIA`) REFERENCES `categoria` (`ID`)
) ENGINE=InnoDB DEFAULT CHARSET=latin1 COMMENT='Almacena los proveedores de la empresa';

INSERT INTO `proveedor` (`PROVEEDOR`, `CATEGORIA`, `NOMBRE`, `ALIAS`, `CONTACTO`, `CARGO`, `DIRECCION`, `EMAIL`, `FECHA_INGRESO`, `TELEFONO1`, `TELEFONO2`, `FAX`, `NIT`, `CONDICION_PAGO`, `ACTIVO`, `ORDEN_MINIMA`, `DESCUENTO`, `TASA_INTERES_MORA`, `NOTAS`, `CREADO_POR`, `CREADO_EL`, `ACTUALIZADO_POR`, `ACTUALIZADO_EL`) VALUES
('1',	1,	'profrance eu',	NULL,	'miguel angel rodriguez',	'asesor de ventas',	'c.c.la quinta',	'ventasibague@marcel-france.com',	'2012-07-12',	'2781646',	'3125837927',	NULL,	'830069726-7',	'1',	'S',	NULL,	10.00000000,	NULL,	'',	'admin',	'2012-07-12 02:00:00',	'admin',	'2012-07-12 02:00:00'),
('10',	1,	'Inverciones Distriorinoquia S.A.S',	NULL,	'Johany Jimenez',	'Vendedor',	'Av Ferrocarril No 29 - 58',	'',	'2041-10-00',	'2665978',	'',	NULL,	'900340659-6',	'1',	'S',	NULL,	NULL,	NULL,	'',	'admin',	'2012-07-19 16:38:28',	'admin',	'2012-07-19 16:38:28'),
('11',	1,	'Tropi LimaS.A.S',	NULL,	'Edna F Bayona',	'Vendedor',	'Cr 1 No 66 28',	'',	'2041-10-00',	'2657979',	'2650488',	NULL,	'900369023-9',	'1',	'S',	NULL,	NULL,	NULL,	'',	'admin',	'2012-07-20 16:38:28',	'admin',	'2012-07-20 16:38:28'),
('12',	1,	'Ventas Del Tolima',	NULL,	'Barker Montealegre',	'Vendedor',	'Cl 94 No 4 - 52 ',	'',	'2041-10-00',	'2677750',	'2714854',	NULL,	'800098870-4',	'1',	'S',	NULL,	NULL,	NULL,	'',	'admin',	'2012-07-21 16:38:28',	'admin',	'2012-07-21 16:38:28'),
('123',	1,	'prueba',	'aaa',	'aaaa',	'aaa',	'asdasda',	'',	'2012-09-07',	'1133',	'',	'',	'800098870-4',	'1',	'S',	0.00000000,	0.00000000,	0.00000000,	'',	'admin',	'2012-09-06 08:29:36',	'admin',	'2012-09-06 08:29:36'),
('13',	1,	'Susesores de Jesus Restrepo CIA S.A',	NULL,	'contacto',	'Vendedor',	'Torre casa luker',	'',	'2041-10-00',	'2695777',	'',	NULL,	'890800718-1',	'1',	'S',	NULL,	NULL,	NULL,	'',	'admin',	'2012-07-22 16:38:28',	'admin',	'2012-07-22 16:38:28'),
('14',	1,	'Organización Cardenas',	NULL,	'Carmen Andrea',	'Vendedor',	'Cr 5 No 87 - 44',	'',	'2041-10-00',	'2689471',	'',	NULL,	'860521637-7',	'1',	'S',	NULL,	NULL,	NULL,	'',	'admin',	'2012-07-23 16:38:28',	'admin',	'2012-07-23 16:38:28'),
('15',	1,	'TRAPIASEO',	NULL,	'Jorge A Cardenas',	'Vendedor',	'Mza h casa 9',	'',	'2041-10-00',	'2750948',	'',	NULL,	'14240456-5',	'1',	'S',	NULL,	NULL,	NULL,	'',	'admin',	'2012-07-24 16:38:28',	'admin',	'2012-07-24 16:38:28'),
('16',	1,	'Distri Lineas',	NULL,	'Barker Montealegre',	'Vendedor',	'Cl 94 No 4 - 52 Mz E ',	'',	'2041-10-00',	'677750',	'680848',	NULL,	'900414293',	'1',	'S',	NULL,	NULL,	NULL,	'',	'admin',	'2012-07-25 16:38:28',	'admin',	'2012-07-25 16:38:28'),
('17',	1,	'Elias A costa y CIA S en C',	NULL,	'Raul Soto Sanchez',	'Vendedor',	'Cra 2 No14 33',	'',	'2041-10-00',	'2632042',	'2630700',	NULL,	'890702902-0',	'1',	'S',	NULL,	NULL,	NULL,	'',	'admin',	'2012-07-26 16:38:28',	'admin',	'2012-07-26 16:38:28'),
('18',	1,	'Coca Cola Femsa. S.A de C. V',	NULL,	'contacto',	'Vendedor',	'Avenida Mirolindo Via al Parque deportivo',	'',	'2041-10-00',	'2675644',	'',	NULL,	'860753429',	'1',	'S',	NULL,	NULL,	NULL,	'',	'admin',	'2012-07-27 16:38:28',	'admin',	'2012-07-27 16:38:28'),
('19',	1,	'Dtergentes Ltda ',	NULL,	'Gilberto Rojas',	'Vendedor',	'Cr36 No 5C -09 Apartado Aereo',	'dersa6@dersa.com.con',	'2041-10-00',	'3759600',	'3759635',	NULL,	'860007955-0',	'1',	'S',	NULL,	NULL,	NULL,	'',	'admin',	'2012-07-28 16:38:28',	'admin',	'2012-07-28 16:38:28'),
('2',	1,	'comercializadora spaisons',	NULL,	'diana cuartas',	'asesor de ventas',	'cra 4b No 31a21',	'',	'2012-07-12',	'2644815',	'',	NULL,	'900333483-8',	'1',	'S',	NULL,	NULL,	NULL,	'',	'admin',	'2012-07-12 02:00:00',	'admin',	'2012-07-12 02:00:00'),
('20',	1,	'Tolimax Industrias Cacaoteras del ahauila',	NULL,	'contacto',	'Vendedor',	'Calle 13No 1 G -09',	'tolimax@telecom.com.con',	'2041-10-00',	'8714208',	'8721006',	NULL,	'891100158-7',	'1',	'S',	NULL,	NULL,	NULL,	'',	'admin',	'2012-07-29 16:38:28',	'admin',	'2012-07-29 16:38:28'),
('21',	1,	'Jhon Restrepo a y Cia s.a ',	NULL,	'contacto',	'Vendedor',	'Zona Industrial el papayo Km 4',	'',	'2041-10-00',	'2642799',	'',	NULL,	'890900250-6',	'1',	'S',	NULL,	NULL,	NULL,	'',	'admin',	'2012-07-30 16:38:28',	'admin',	'2012-07-30 16:38:28'),
('22',	1,	'Almacen y Depocito PIPO',	NULL,	'contacto',	'Vendedor',	'Cra 4 No 19-62',	'',	'2041-10-00',	'2630517',	'',	NULL,	'65739683-1',	'1',	'S',	NULL,	NULL,	NULL,	'',	'admin',	'2012-07-31 16:38:28',	'admin',	'2012-07-31 16:38:28'),
('23',	1,	'Depocito y Trilladora Primavera',	NULL,	'contacto',	'Vendedor',	'Cra 4 No19-53',	'',	'2041-10-00',	'0',	'',	NULL,	'14212809-2',	'1',	'S',	NULL,	NULL,	NULL,	'',	'admin',	'2012-08-01 16:38:28',	'admin',	'2012-08-01 16:38:28'),
('24',	1,	'Promotora Comercial Andina',	NULL,	'Martha ',	'Vendedora',	'calle 69 No5-216 Zona industrial Papayo',	'promotoracomercia@gmail.com',	'2041-10-00',	'2770093',	'',	NULL,	'890705018-8',	'1',	'S',	NULL,	NULL,	NULL,	'',	'admin',	'2012-08-02 16:38:28',	'admin',	'2012-08-02 16:38:28'),
('25',	1,	'Postobon Gaseosa de cordoba S.A ',	NULL,	'contacto',	'Vendedora',	'aaa',	'',	'2041-10-00',	'0',	'',	NULL,	'8910003244',	'1',	'S',	NULL,	NULL,	NULL,	'',	'admin',	'2012-08-03 16:38:28',	'admin',	'2012-08-03 16:38:28'),
('26',	1,	'San Sebastian',	NULL,	'Diego Fernando Diaz',	'Vendedor',	'Av ambala 93 31 bg ',	'',	'2041-10-00',	'2716639',	'',	NULL,	'900482649-1',	'1',	'S',	NULL,	NULL,	NULL,	'',	'admin',	'2012-08-04 16:38:28',	'admin',	'2012-08-04 16:38:28'),
('27',	1,	'Alpina',	NULL,	'Alex Diaz',	'Vendedor',	'Via perales  Km 1',	'',	'2041-10-00',	'2684221',	'2689026',	NULL,	'830006651-3',	'1',	'S',	NULL,	NULL,	NULL,	'',	'admin',	'2012-08-05 16:38:28',	'admin',	'2012-08-05 16:38:28'),
('28',	1,	'Distribuciones  MYL',	NULL,	'Alvaro Flavio Alvila',	'Vendedor',	'Cra 4 estadio No 22-23',	'',	'2041-10-00',	'2635262',	'2636327',	NULL,	'809002939-4',	'1',	'S',	NULL,	NULL,	NULL,	'',	'admin',	'2012-08-06 16:38:28',	'admin',	'2012-08-06 16:38:28'),
('29',	1,	'AZUL K',	NULL,	'Jhon Cano',	'Vendedor',	'Autopista sur No 60-51 ',	'www.azulk.com',	'2041-10-00',	'7119116',	'',	NULL,	'860000135-6',	'1',	'S',	NULL,	NULL,	NULL,	'',	'admin',	'2012-08-07 16:38:28',	'admin',	'2012-08-07 16:38:28'),
('3',	1,	'distrinatalia',	NULL,	'diana hernandez mendoza',	'asesor de ventas',	'calle35No3-08',	'',	'2012-07-12',	'2669478',	'',	NULL,	'65770886-2',	'1',	'S',	NULL,	NULL,	NULL,	'',	'admin',	'2012-07-12 02:00:00',	'admin',	'2012-07-12 02:00:00'),
('30',	1,	'Velas y Veladoras LA LUZ',	NULL,	'D0RIS Carvajal',	'Vendedora',	'Cr  28 No 69-26 ciruelos ',	'',	'2041-10-00',	'2750907',	'',	NULL,	'65739769-4',	'1',	'S',	NULL,	NULL,	NULL,	'',	'admin',	'2012-08-08 16:38:28',	'admin',	'2012-08-08 16:38:28'),
('31',	1,	'Bavaria S.A',	NULL,	'Marisol',	'Vendedora',	'CL 94 No 7A-47',	'',	'2041-10-00',	'0',	'',	NULL,	'860005224-6',	'1',	'S',	NULL,	NULL,	NULL,	'',	'admin',	'2012-08-09 16:38:28',	'admin',	'2012-08-09 16:38:28'),
('32',	1,	'Productos la esperansa vio vida Ltda',	NULL,	'Ecno Guzman',	'Vendedor',	'cr 11 No 34 a 92 ',	'',	'2041-10-00',	'2657027',	'',	NULL,	'900428914-1',	'1',	'S',	NULL,	NULL,	NULL,	'',	'admin',	'2012-08-10 16:38:28',	'admin',	'2012-08-10 16:38:28'),
('33',	1,	'Comapan',	NULL,	'Alexander sanches',	'Vendedor',	'Cra 4 estadio 32-56',	'',	'2041-10-00',	'0',	'',	NULL,	'79054051-5',	'1',	'S',	NULL,	NULL,	NULL,	'',	'admin',	'2012-08-11 16:38:28',	'admin',	'2012-08-11 16:38:28'),
('34',	1,	'POLLOS DEL CAMPO',	NULL,	'Hernando Micano',	'Vendedor',	'aaa',	'',	'2041-10-00',	'0',	'',	NULL,	'9336317-3',	'1',	'S',	NULL,	NULL,	NULL,	'',	'admin',	'2012-08-12 16:38:28',	'admin',	'2012-08-12 16:38:28'),
('35',	1,	'FRITO LAY',	NULL,	'Eduardo Sebera',	'Vendedor',	'Mz q casa 29',	'',	'2041-10-00',	'3112122277',	'',	NULL,	'97777164',	'1',	'S',	NULL,	NULL,	NULL,	'',	'admin',	'2012-08-13 16:38:28',	'admin',	'2012-08-13 16:38:28'),
('36',	1,	'Luz Adriana Diaz',	NULL,	'Adriana Diaz',	'Vendedora',	'aaa',	'adica2805@hotmail.com',	'2041-10-00',	'3004676214',	'3123516269',	NULL,	'38144770-1',	'1',	'S',	NULL,	NULL,	NULL,	'',	'admin',	'2012-08-14 16:38:28',	'admin',	'2012-08-14 16:38:28'),
('4',	1,	'Altipal S.A.',	NULL,	'Edwin Fabia Castillo',	'vendedor',	'Cr 8 No129-45Km 6.5Via armero',	'',	'2041-10-00',	'2711528',	'',	NULL,	'800186960-6',	'1',	'S',	NULL,	NULL,	NULL,	'',	'admin',	'2012-07-13 16:38:28',	'admin',	'2012-07-13 16:38:28'),
('5',	1,	'Comercial Ntresa S.A.S',	NULL,	'Jose Alirio Castro',	'Vendedor',	'Cr 52 No20-124',	'',	'2041-10-00',	'0',	'',	NULL,	'900341086-0',	'1',	'S',	NULL,	NULL,	NULL,	'',	'admin',	'2012-07-14 16:38:28',	'admin',	'2012-07-14 16:38:28'),
('6',	1,	'Distribuidora La Veneciana S.A',	NULL,	'Eduardo',	'Vendedor',	'Calle 17 No 751',	'',	'2041-10-00',	'2623965',	'',	NULL,	'0',	'1',	'S',	NULL,	NULL,	NULL,	'',	'admin',	'2012-07-15 16:38:28',	'admin',	'2012-07-15 16:38:28'),
('7',	1,	'Agropecuaria la Granjita',	NULL,	'Rocio Gusman',	'Vendedor',	'Cr 4 C27 71',	'',	'2041-10-00',	'2655364',	'',	NULL,	'14242316-1',	'1',	'S',	NULL,	NULL,	NULL,	'',	'admin',	'2012-07-16 16:38:28',	'admin',	'2012-07-16 16:38:28'),
('8',	1,	'Parmalat Colombia Ltda',	NULL,	'contacto',	'Vendedor',	'Avenida mirolindo Calle 60int 3',	'',	'2041-10-00',	'2642702',	'',	NULL,	'800245795-0',	'1',	'S',	NULL,	NULL,	NULL,	'',	'admin',	'2012-07-17 16:38:28',	'admin',	'2012-07-17 16:38:28'),
('9',	1,	'Distribuidora Martines y Villanueva Ltda',	NULL,	'contacto',	'Vendedor',	'Avenida mirolindo Calle 83 No 6-93',	'',	'2041-10-00',	'2686086',	'2678988',	NULL,	'809002831-8',	'1',	'S',	NULL,	NULL,	NULL,	'',	'admin',	'2012-07-18 16:38:28',	'admin',	'2012-07-18 16:38:28');

DROP TABLE IF EXISTS `proveedor_entidad`;
CREATE TABLE `proveedor_entidad` (
  `ID` int(11) NOT NULL,
  `PROVEEDOR` varchar(20) NOT NULL,
  `ENTIDAD_FINANCIERA` int(11) NOT NULL,
  `CUENTA_BANCO` varchar(20) NOT NULL COMMENT 'Numero de cuenta',
  `NOTAS` text,
  `CTA_DEFECTO` varchar(1) DEFAULT NULL COMMENT 'Cuenta por defecto del proveedor Si o No',
  `TIPO_CUENTA` varchar(12) DEFAULT NULL,
  `ACTIVO` varchar(1) NOT NULL,
  `CREADO_POR` varchar(20) NOT NULL,
  `CREADO_EL` datetime NOT NULL,
  `ACTUALIZADO_POR` varchar(20) NOT NULL,
  `ACTUALIZADO_EL` datetime NOT NULL,
  PRIMARY KEY (`ID`),
  KEY `FK_CUENTA_PROVEEDOR` (`PROVEEDOR`),
  KEY `FK_TIPO_CUENTA_PROVEEDOR` (`TIPO_CUENTA`),
  KEY `ENTIDAD_FINANCIERA` (`ENTIDAD_FINANCIERA`),
  CONSTRAINT `FK_CUENTA_PROVEEDOR` FOREIGN KEY (`PROVEEDOR`) REFERENCES `proveedor` (`PROVEEDOR`),
  CONSTRAINT `FK_TIPO_CUENTA_PROVEEDOR` FOREIGN KEY (`TIPO_CUENTA`) REFERENCES `tipo_cuenta` (`TIPO_CUENTA`),
  CONSTRAINT `proveedor_entidad_ibfk_1` FOREIGN KEY (`ENTIDAD_FINANCIERA`) REFERENCES `entidad_financiera` (`ID`)
) ENGINE=InnoDB DEFAULT CHARSET=latin1 COMMENT='Entidades financieras asociadas a un proveedor, junto con su';


DROP TABLE IF EXISTS `retencion`;
CREATE TABLE `retencion` (
  `ID` varchar(4) NOT NULL,
  `NOMBRE` varchar(64) NOT NULL COMMENT 'nombre del tipo de impuesto o tipo de iva',
  `PORCENTAJE` decimal(28,8) NOT NULL,
  `MONTO_MINIMO` decimal(28,8) NOT NULL,
  `TIPO` varchar(1) NOT NULL COMMENT 'Modo de aplicacion al [R]egistrar o al [C]ancelar',
  `APLICA_MONTO` varchar(1) NOT NULL,
  `APLICA_SUBTOTAL` varchar(1) NOT NULL,
  `APLICA_SUB_DESC` varchar(1) NOT NULL,
  `APLICA_IMPUESTO1` varchar(1) NOT NULL,
  `APLICA_RUBRO1` varchar(1) NOT NULL,
  `APLICA_RUBRO2` varchar(1) NOT NULL,
  `ACTIVO` varchar(1) NOT NULL,
  `CREADO_POR` varchar(20) NOT NULL,
  `CREADO_EL` datetime NOT NULL,
  `ACTUALIZADO_POR` varchar(20) NOT NULL,
  `ACTUALIZADO_EL` datetime DEFAULT NULL,
  PRIMARY KEY (`ID`)
) ENGINE=InnoDB DEFAULT CHARSET=latin1 COMMENT='Permite almacenar los posibles tipos de retenciones que se a';

INSERT INTO `retencion` (`ID`, `NOMBRE`, `PORCENTAJE`, `MONTO_MINIMO`, `TIPO`, `APLICA_MONTO`, `APLICA_SUBTOTAL`, `APLICA_SUB_DESC`, `APLICA_IMPUESTO1`, `APLICA_RUBRO1`, `APLICA_RUBRO2`, `ACTIVO`, `CREADO_POR`, `CREADO_EL`, `ACTUALIZADO_POR`, `ACTUALIZADO_EL`) VALUES
('123',	'ejemplo 1',	15.00000000,	5.00000000,	'R',	'1',	'0',	'0',	'0',	'0',	'0',	'S',	'admin',	'2012-06-10 21:11:09',	'admin',	'2012-06-10 21:12:08');

DROP TABLE IF EXISTS `solicitud_oc`;
CREATE TABLE `solicitud_oc` (
  `SOLICITUD_OC` varchar(10) NOT NULL,
  `DEPARTAMENTO` varchar(10) NOT NULL,
  `FECHA_SOLICITUD` date NOT NULL,
  `FECHA_REQUERIDA` date NOT NULL,
  `AUTORIZADA_POR` varchar(20) DEFAULT NULL COMMENT 'usuario que realiza la autorizacion',
  `FECHA_AUTORIZADA` datetime DEFAULT NULL COMMENT 'Fecha y hora en que se realizo la autorizacion de la solicitud de compra',
  `PRIORIDAD` varchar(1) NOT NULL COMMENT 'Prioridad que se le da a la solicitud [A]lta, [M]edia y [B]aja',
  `LINEAS_NO_ASIG` smallint(6) NOT NULL COMMENT 'Numero de lineas q aun no se han asignado de la solicitud a alguna orden de compra. Cuando se crea la solicitud queda en 0 y se actualiza cada vez que se adiciona una linea de la solicitud a una orden de compra.',
  `COMENTARIO` text,
  `CANCELADA_POR` varchar(20) DEFAULT NULL COMMENT 'Usuario que cancelo la solicitud de compra',
  `FECHA_CANCELADA` datetime DEFAULT NULL COMMENT 'Fecha y hora en que se cancelo la solicitud de compra',
  `RUBRO1` varchar(50) DEFAULT NULL,
  `RUBRO2` varchar(50) DEFAULT NULL,
  `RUBRO3` varchar(50) DEFAULT NULL,
  `RUBRO4` varchar(50) DEFAULT NULL,
  `RUBRO5` varchar(50) DEFAULT NULL,
  `ESTADO` varchar(1) NOT NULL COMMENT '[P]laneada\n            [N]o Asignada\n            [A]signada\n            [C]ancelada\n            ',
  `CREADO_POR` varchar(20) NOT NULL,
  `CREADO_EL` datetime NOT NULL,
  `ACTUALIZADO_POR` varchar(20) NOT NULL,
  `ACTUALIZADO_EL` datetime NOT NULL,
  PRIMARY KEY (`SOLICITUD_OC`),
  KEY `FK_DEPARTAMENTO_REALIZA_SOLICITUD` (`DEPARTAMENTO`),
  CONSTRAINT `FK_DEPARTAMENTO_REALIZA_SOLICITUD` FOREIGN KEY (`DEPARTAMENTO`) REFERENCES `departamento` (`ID`)
) ENGINE=InnoDB DEFAULT CHARSET=latin1 COMMENT='Solicitudes para ordenes de compra';

INSERT INTO `solicitud_oc` (`SOLICITUD_OC`, `DEPARTAMENTO`, `FECHA_SOLICITUD`, `FECHA_REQUERIDA`, `AUTORIZADA_POR`, `FECHA_AUTORIZADA`, `PRIORIDAD`, `LINEAS_NO_ASIG`, `COMENTARIO`, `CANCELADA_POR`, `FECHA_CANCELADA`, `RUBRO1`, `RUBRO2`, `RUBRO3`, `RUBRO4`, `RUBRO5`, `ESTADO`, `CREADO_POR`, `CREADO_EL`, `ACTUALIZADO_POR`, `ACTUALIZADO_EL`) VALUES
('SC0000',	'1',	'2012-07-03',	'2012-07-04',	NULL,	NULL,	'A',	0,	'asd',	'admin',	'2012-07-16 15:37:44',	NULL,	NULL,	NULL,	NULL,	NULL,	'C',	'admin',	'2012-07-03 11:43:36',	'admin',	'2012-07-16 10:37:44'),
('SC0001',	'1',	'2012-07-19',	'2012-07-18',	'admin',	'2012-07-16 21:48:59',	'A',	0,	'asd',	'admin',	'2012-07-16 14:24:46',	NULL,	NULL,	NULL,	NULL,	NULL,	'N',	'admin',	'2012-07-03 15:06:25',	'admin',	'2012-07-16 16:49:00'),
('SC0002',	'1',	'2012-07-20',	'2012-07-26',	'admin',	'2012-10-01 15:03:43',	'A',	0,	'asd',	'admin',	'2012-10-01 13:31:39',	NULL,	NULL,	NULL,	NULL,	NULL,	'A',	'admin',	'2012-07-03 15:16:18',	'admin',	'2012-10-01 10:03:43'),
('SC0003',	'1',	'2012-07-11',	'2012-07-24',	'',	'0000-00-00 00:00:00',	'A',	0,	'',	'admin',	'2012-07-16 14:37:17',	NULL,	NULL,	NULL,	NULL,	NULL,	'A',	'admin',	'2012-07-03 15:59:55',	'admin',	'2012-07-16 16:59:59'),
('SC0004',	'1',	'2012-07-19',	'2012-07-16',	'',	'0000-00-00 00:00:00',	'A',	0,	'',	'admin',	'2012-07-16 14:37:29',	NULL,	NULL,	NULL,	NULL,	NULL,	'A',	'admin',	'2012-07-05 10:42:23',	'admin',	'2012-07-16 16:31:09'),
('SC0005',	'1',	'2012-07-25',	'2012-07-11',	'',	'0000-00-00 00:00:00',	'A',	0,	'',	'admin',	'2012-07-16 14:11:23',	NULL,	NULL,	NULL,	NULL,	NULL,	'P',	'admin',	'2012-07-05 18:03:59',	'admin',	'2012-07-16 16:31:44'),
('SC0006',	'1',	'2012-07-19',	'2012-07-28',	'admin',	'2012-10-02 20:43:41',	'A',	0,	'',	'admin',	'2012-07-16 14:11:38',	NULL,	NULL,	NULL,	NULL,	NULL,	'N',	'admin',	'2012-07-06 09:53:45',	'admin',	'2012-10-02 15:43:41'),
('SC0007',	'1',	'2012-07-14',	'2012-07-19',	'',	'0000-00-00 00:00:00',	'A',	0,	'',	'admin',	'2012-07-16 14:12:04',	NULL,	NULL,	NULL,	NULL,	NULL,	'P',	'admin',	'2012-07-14 12:24:57',	'admin',	'2012-07-18 08:56:52'),
('SC0008',	'1',	'2012-07-17',	'2012-07-17',	NULL,	NULL,	'A',	0,	'',	NULL,	NULL,	NULL,	NULL,	NULL,	NULL,	NULL,	'P',	'admin',	'2012-07-17 15:58:26',	'admin',	'2012-07-17 15:58:26'),
('SC0009',	'1',	'2012-08-17',	'2012-08-17',	'',	'0000-00-00 00:00:00',	'A',	0,	'',	NULL,	NULL,	NULL,	NULL,	NULL,	NULL,	NULL,	'P',	'admin',	'2012-08-16 11:27:28',	'admin',	'2012-10-01 11:21:59'),
('SC0010',	'1',	'2012-08-17',	'2012-08-16',	NULL,	NULL,	'A',	0,	'',	NULL,	NULL,	NULL,	NULL,	NULL,	NULL,	NULL,	'P',	'admin',	'2012-08-16 11:29:15',	'admin',	'2012-08-16 11:29:15'),
('SC0011',	'1',	'2012-08-18',	'2012-08-16',	NULL,	NULL,	'A',	0,	'',	NULL,	NULL,	NULL,	NULL,	NULL,	NULL,	NULL,	'P',	'admin',	'2012-08-16 11:30:09',	'admin',	'2012-08-16 11:30:09'),
('SC0012',	'1',	'2012-09-06',	'2012-09-06',	'admin',	'2012-10-02 20:44:05',	'M',	0,	'',	NULL,	NULL,	NULL,	NULL,	NULL,	NULL,	NULL,	'A',	'admin',	'2012-09-06 15:24:43',	'admin',	'2012-10-02 15:44:05'),
('SC0013',	'1',	'2012-09-14',	'2012-09-16',	'',	'0000-00-00 00:00:00',	'A',	0,	'',	'admin',	'2012-09-07 14:26:09',	NULL,	NULL,	NULL,	NULL,	NULL,	'C',	'admin',	'2012-09-07 09:15:17',	'admin',	'2012-09-07 09:26:09'),
('SC0014',	'1',	'2012-09-19',	'2012-09-14',	'admin',	'2012-10-02 20:44:06',	'A',	0,	'',	NULL,	NULL,	NULL,	NULL,	NULL,	NULL,	NULL,	'A',	'admin',	'2012-09-07 15:22:17',	'admin',	'2012-10-02 15:44:06');

DROP TABLE IF EXISTS `solicitud_oc_linea`;
CREATE TABLE `solicitud_oc_linea` (
  `SOLICITUD_OC_LINEA` int(11) NOT NULL AUTO_INCREMENT,
  `SOLICITUD_OC` varchar(10) NOT NULL,
  `LINEA_NUM` smallint(6) NOT NULL COMMENT 'Numero de linea dentro de la solicitud de compra',
  `ARTICULO` varchar(20) NOT NULL,
  `DESCRIPCION` varchar(128) NOT NULL,
  `CANTIDAD` decimal(28,8) NOT NULL,
  `UNIDAD` int(11) NOT NULL,
  `SALDO` decimal(28,8) NOT NULL,
  `COMENTARIO` text,
  `FECHA_REQUERIDA` date NOT NULL,
  `ESTADO` varchar(1) NOT NULL COMMENT '[P]laneada\n            [N]o Asignada\n            [A]signada\n            [C]ancelada\n            ',
  `CREADO_POR` varchar(20) NOT NULL,
  `CREADO_EL` datetime NOT NULL,
  `ACTUALIZADO_POR` varchar(20) NOT NULL,
  `ACTUALIZADO_EL` datetime NOT NULL,
  PRIMARY KEY (`SOLICITUD_OC_LINEA`),
  KEY `FK_ARTICULO_LINEA_SOL` (`ARTICULO`),
  KEY `FK_SOLICITUD_PERTENECE_LINEA` (`SOLICITUD_OC`),
  CONSTRAINT `FK_ARTICULO_LINEA_SOL` FOREIGN KEY (`ARTICULO`) REFERENCES `articulo` (`ARTICULO`),
  CONSTRAINT `FK_SOLICITUD_PERTENECE_LINEA` FOREIGN KEY (`SOLICITUD_OC`) REFERENCES `solicitud_oc` (`SOLICITUD_OC`)
) ENGINE=InnoDB DEFAULT CHARSET=latin1 COMMENT='Lineas que conforman una orden de compra.';

INSERT INTO `solicitud_oc_linea` (`SOLICITUD_OC_LINEA`, `SOLICITUD_OC`, `LINEA_NUM`, `ARTICULO`, `DESCRIPCION`, `CANTIDAD`, `UNIDAD`, `SALDO`, `COMENTARIO`, `FECHA_REQUERIDA`, `ESTADO`, `CREADO_POR`, `CREADO_EL`, `ACTUALIZADO_POR`, `ACTUALIZADO_EL`) VALUES
(1,	'SC0002',	1,	'001',	'Articulo de ejemplo ',	12.00000000,	3,	0.00000000,	'asd',	'2012-07-03',	'A',	'admin',	'2012-07-03 15:16:18',	'admin',	'2012-10-02 15:42:16'),
(2,	'SC0003',	1,	'001',	'Articulo de ejemplo ',	3.00000000,	3,	0.00000000,	'asd',	'2012-07-04',	'A',	'admin',	'2012-07-03 15:59:55',	'admin',	'2012-10-02 15:40:44'),
(3,	'SC0003',	2,	'001',	'Articulo de ejemplo ',	4.00000000,	3,	0.00000000,	'asd',	'2012-07-18',	'A',	'admin',	'2012-07-03 15:59:55',	'admin',	'2012-10-02 15:40:44'),
(4,	'SC0004',	1,	'001',	'Articulo de ejemplo ',	1.00000000,	4,	0.00000000,	'45',	'0000-00-00',	'A',	'admin',	'2012-07-05 10:42:23',	'admin',	'2012-10-02 15:42:15'),
(5,	'SC0004',	2,	'002',	'fsdf',	1.00000000,	1,	0.00000000,	'78',	'0000-00-00',	'A',	'admin',	'2012-07-05 10:42:23',	'admin',	'2012-10-02 15:42:15'),
(6,	'SC0005',	1,	'001',	'Articulo de ejemplo ',	1.00000000,	3,	0.00000000,	'',	'0000-00-00',	'P',	'admin',	'2012-07-05 18:03:59',	'admin',	'2012-07-16 16:31:44'),
(7,	'SC0005',	2,	'002',	'fsdf',	1.00000000,	2,	0.00000000,	'',	'0000-00-00',	'P',	'admin',	'2012-07-05 18:03:59',	'admin',	'2012-07-16 16:31:44'),
(13,	'SC0005',	1,	'001',	'Articulo de ejemplo ',	1.00000000,	3,	0.00000000,	'',	'0000-00-00',	'P',	'admin',	'2012-07-13 10:23:57',	'admin',	'2012-07-16 16:31:44'),
(14,	'SC0005',	2,	'002',	'fsdf',	1.00000000,	2,	0.00000000,	'',	'0000-00-00',	'P',	'admin',	'2012-07-13 10:23:57',	'admin',	'2012-07-16 16:31:45'),
(15,	'SC0005',	3,	'003',	'asdfsdfger',	2.00000000,	3,	0.00000000,	'dsfsf',	'2012-07-13',	'P',	'admin',	'2012-07-13 10:23:57',	'admin',	'2012-07-16 16:31:45'),
(16,	'SC0004',	3,	'003',	'asdfsdfger',	9.00000000,	3,	0.00000000,	'gdfg',	'2012-07-13',	'A',	'admin',	'2012-07-13 10:35:00',	'admin',	'2012-10-02 15:42:16'),
(17,	'SC0007',	1,	'002',	'fsdf',	2.00000000,	1,	0.00000000,	'hgj',	'2012-07-24',	'P',	'admin',	'2012-07-14 12:24:57',	'admin',	'2012-07-18 08:56:52'),
(18,	'SC0009',	1,	'001',	'Articulo de ejemplo ',	55.00000000,	3,	0.00000000,	'asdasd',	'2012-08-17',	'P',	'admin',	'2012-08-16 11:27:28',	'admin',	'2012-10-01 11:21:59'),
(19,	'SC0010',	1,	'002',	'fsdf',	30.00000000,	1,	0.00000000,	'asd',	'2012-08-16',	'P',	'admin',	'2012-08-16 11:29:15',	'admin',	'2012-08-16 11:29:15'),
(20,	'SC0011',	1,	'001',	'Articulo de ejemplo ',	654.00000000,	3,	0.00000000,	'',	'2012-08-15',	'P',	'admin',	'2012-08-16 11:30:09',	'admin',	'2012-08-16 11:30:09'),
(21,	'SC0012',	1,	'001',	'Articulo de ejemplo ',	20.00000000,	3,	0.00000000,	'',	'2012-09-06',	'A',	'admin',	'2012-09-06 15:24:43',	'admin',	'2012-10-02 16:00:51'),
(22,	'SC0012',	2,	'003',	'asdfsdfger',	20.00000000,	3,	0.00000000,	'',	'2012-09-07',	'A',	'admin',	'2012-09-06 15:24:43',	'admin',	'2012-10-03 08:43:03'),
(23,	'SC0013',	1,	'001',	'Articulo de ejemplo ',	20.00000000,	3,	0.00000000,	'',	'2012-09-07',	'P',	'admin',	'2012-09-07 09:15:17',	'admin',	'2012-09-07 09:26:03'),
(26,	'SC0013',	3,	'003',	'asdfsdfger',	5.00000000,	3,	0.00000000,	'',	'2012-09-07',	'P',	'admin',	'2012-09-07 09:19:14',	'admin',	'2012-09-07 09:26:03'),
(27,	'SC0013',	3,	'002',	'fsdf',	15.00000000,	1,	0.00000000,	'',	'2012-09-07',	'P',	'admin',	'2012-09-07 09:20:42',	'admin',	'2012-09-07 09:26:03'),
(28,	'SC0014',	1,	'001',	'Articulo de ejemplo ',	10.00000000,	3,	0.00000000,	'20',	'2012-09-07',	'A',	'admin',	'2012-09-07 15:22:17',	'admin',	'2012-10-02 15:45:32'),
(29,	'SC0014',	2,	'003',	'asdfsdfger',	30.00000000,	3,	0.00000000,	'20',	'2012-09-14',	'A',	'admin',	'2012-09-07 15:22:18',	'admin',	'2012-10-02 15:45:31'),
(30,	'SC0014',	3,	'002',	'fsdf',	20.00000000,	1,	0.00000000,	'fghdfgh',	'2012-09-29',	'A',	'admin',	'2012-09-07 15:22:18',	'admin',	'2012-10-02 15:45:32'),
(31,	'SC0014',	4,	'001',	'Articulo de ejemplo ',	20.00000000,	3,	0.00000000,	'',	'2012-09-29',	'A',	'admin',	'2012-09-07 15:23:18',	'admin',	'2012-10-02 15:45:32');

DROP TABLE IF EXISTS `solicitud_orden_co`;
CREATE TABLE `solicitud_orden_co` (
  `ID` int(11) NOT NULL AUTO_INCREMENT,
  `SOLICITUD_OC` varchar(10) NOT NULL,
  `SOLICITUD_OC_LINEA` int(11) NOT NULL,
  `ORDEN_COMPRA` varchar(10) NOT NULL,
  `ORDEN_COMPRA_LINEA` int(11) NOT NULL,
  `DECIMA` decimal(28,8) NOT NULL,
  `ACTIVO` varchar(1) NOT NULL,
  `CREADO_POR` varchar(20) NOT NULL,
  `CREADO_EL` datetime NOT NULL,
  `ACTUALIZADO_POR` varchar(20) NOT NULL,
  `ACTUALIZADO_EL` datetime NOT NULL,
  PRIMARY KEY (`ID`),
  KEY `FK_CUBIERTO_EN_ORDEN_COMPRA_LINEA` (`ORDEN_COMPRA_LINEA`),
  KEY `FK_CUBIERTO_EN_ORDEN_COMPRA` (`ORDEN_COMPRA`),
  KEY `FK_CUBIERTO_EN_SOLICITUD_OC_LINEA` (`SOLICITUD_OC_LINEA`),
  KEY `FK_CUBIERTO_EN_SOLICITUD_ORDEN_COMPRA` (`SOLICITUD_OC`),
  CONSTRAINT `FK_CUBIERTO_EN_ORDEN_COMPRA` FOREIGN KEY (`ORDEN_COMPRA`) REFERENCES `orden_compra` (`ORDEN_COMPRA`),
  CONSTRAINT `FK_CUBIERTO_EN_ORDEN_COMPRA_LINEA` FOREIGN KEY (`ORDEN_COMPRA_LINEA`) REFERENCES `orden_compra_linea` (`ORDEN_COMPRA_LINEA`),
  CONSTRAINT `FK_CUBIERTO_EN_SOLICITUD_OC_LINEA` FOREIGN KEY (`SOLICITUD_OC_LINEA`) REFERENCES `solicitud_oc_linea` (`SOLICITUD_OC_LINEA`),
  CONSTRAINT `FK_CUBIERTO_EN_SOLICITUD_ORDEN_COMPRA` FOREIGN KEY (`SOLICITUD_OC`) REFERENCES `solicitud_oc` (`SOLICITUD_OC`)
) ENGINE=InnoDB DEFAULT CHARSET=latin1 COMMENT='Tabla que relaciona las solicitudes de compra con las ordene';

INSERT INTO `solicitud_orden_co` (`ID`, `SOLICITUD_OC`, `SOLICITUD_OC_LINEA`, `ORDEN_COMPRA`, `ORDEN_COMPRA_LINEA`, `DECIMA`, `ACTIVO`, `CREADO_POR`, `CREADO_EL`, `ACTUALIZADO_POR`, `ACTUALIZADO_EL`) VALUES
(1,	'SC0004',	4,	'OC0000',	1,	1.00000000,	'S',	'admin',	'2012-10-01 16:18:05',	'admin',	'2012-10-01 16:18:05'),
(2,	'SC0004',	5,	'OC0000',	2,	1.00000000,	'S',	'admin',	'2012-10-01 16:18:05',	'admin',	'2012-10-01 16:18:05'),
(3,	'SC0002',	1,	'OC0001',	3,	12.00000000,	'S',	'admin',	'2012-10-02 15:09:08',	'admin',	'2012-10-02 15:09:08'),
(4,	'SC0004',	4,	'OC0001',	4,	1.00000000,	'S',	'admin',	'2012-10-02 15:09:08',	'admin',	'2012-10-02 15:09:08'),
(5,	'SC0003',	3,	'OC0001',	5,	4.00000000,	'S',	'admin',	'2012-10-02 15:09:08',	'admin',	'2012-10-02 15:09:08'),
(6,	'SC0004',	16,	'OC0001',	6,	9.00000000,	'S',	'admin',	'2012-10-02 15:09:08',	'admin',	'2012-10-02 15:09:08'),
(7,	'SC0003',	2,	'OC0001',	7,	3.00000000,	'S',	'admin',	'2012-10-02 15:09:09',	'admin',	'2012-10-02 15:09:09'),
(8,	'SC0004',	5,	'OC0001',	8,	1.00000000,	'S',	'admin',	'2012-10-02 15:09:09',	'admin',	'2012-10-02 15:09:09'),
(9,	'SC0003',	2,	'OC0002',	9,	3.00000000,	'S',	'admin',	'2012-10-02 15:32:56',	'admin',	'2012-10-02 15:32:56'),
(10,	'SC0002',	1,	'OC0002',	10,	12.00000000,	'S',	'admin',	'2012-10-02 15:32:56',	'admin',	'2012-10-02 15:32:56'),
(11,	'SC0003',	3,	'OC0002',	11,	4.00000000,	'S',	'admin',	'2012-10-02 15:32:56',	'admin',	'2012-10-02 15:32:56'),
(12,	'SC0004',	16,	'OC0002',	12,	9.00000000,	'S',	'admin',	'2012-10-02 15:32:56',	'admin',	'2012-10-02 15:32:56'),
(13,	'SC0004',	5,	'OC0002',	13,	1.00000000,	'S',	'admin',	'2012-10-02 15:32:56',	'admin',	'2012-10-02 15:32:56'),
(14,	'SC0004',	4,	'OC0002',	14,	1.00000000,	'S',	'admin',	'2012-10-02 15:32:57',	'admin',	'2012-10-02 15:32:57'),
(15,	'SC0003',	2,	'OC0003',	15,	3.00000000,	'S',	'admin',	'2012-10-02 15:40:44',	'admin',	'2012-10-02 15:40:44'),
(16,	'SC0003',	3,	'OC0003',	16,	4.00000000,	'S',	'admin',	'2012-10-02 15:40:44',	'admin',	'2012-10-02 15:40:44'),
(17,	'SC0004',	4,	'OC0004',	17,	1.00000000,	'S',	'admin',	'2012-10-02 15:42:15',	'admin',	'2012-10-02 15:42:15'),
(18,	'SC0004',	5,	'OC0004',	18,	1.00000000,	'S',	'admin',	'2012-10-02 15:42:15',	'admin',	'2012-10-02 15:42:15'),
(19,	'SC0002',	1,	'OC0004',	19,	12.00000000,	'S',	'admin',	'2012-10-02 15:42:15',	'admin',	'2012-10-02 15:42:15'),
(20,	'SC0004',	16,	'OC0004',	20,	9.00000000,	'S',	'admin',	'2012-10-02 15:42:16',	'admin',	'2012-10-02 15:42:16'),
(21,	'SC0014',	29,	'OC0005',	21,	30.00000000,	'S',	'admin',	'2012-10-02 15:45:31',	'admin',	'2012-10-02 15:45:31'),
(22,	'SC0012',	22,	'OC0005',	22,	20.00000000,	'S',	'admin',	'2012-10-02 15:45:31',	'admin',	'2012-10-02 15:45:31'),
(23,	'SC0012',	21,	'OC0005',	23,	18.00000000,	'S',	'admin',	'2012-10-02 15:45:32',	'admin',	'2012-10-02 15:45:32'),
(24,	'SC0014',	28,	'OC0005',	24,	10.00000000,	'S',	'admin',	'2012-10-02 15:45:32',	'admin',	'2012-10-02 15:45:32'),
(25,	'SC0014',	30,	'OC0005',	25,	20.00000000,	'S',	'admin',	'2012-10-02 15:45:32',	'admin',	'2012-10-02 15:45:32'),
(26,	'SC0014',	31,	'OC0005',	26,	20.00000000,	'S',	'admin',	'2012-10-02 15:45:32',	'admin',	'2012-10-02 15:45:32'),
(27,	'SC0012',	21,	'OC0006',	27,	10.00000000,	'S',	'admin',	'2012-10-02 15:49:00',	'admin',	'2012-10-02 15:49:00'),
(28,	'SC0012',	22,	'OC0006',	28,	20.00000000,	'S',	'admin',	'2012-10-02 15:49:00',	'admin',	'2012-10-02 15:49:00'),
(29,	'SC0012',	21,	'OC0007',	29,	10.00000000,	'S',	'admin',	'2012-10-02 15:58:46',	'admin',	'2012-10-02 15:58:46'),
(30,	'SC0012',	22,	'OC0007',	30,	20.00000000,	'S',	'admin',	'2012-10-02 15:58:46',	'admin',	'2012-10-02 15:58:46'),
(31,	'SC0012',	21,	'OC0008',	31,	10.00000000,	'S',	'admin',	'2012-10-02 15:59:51',	'admin',	'2012-10-02 15:59:51'),
(32,	'SC0012',	22,	'OC0008',	32,	20.00000000,	'S',	'admin',	'2012-10-02 15:59:51',	'admin',	'2012-10-02 15:59:51'),
(33,	'SC0012',	22,	'OC0009',	33,	10.00000000,	'S',	'admin',	'2012-10-02 16:00:51',	'admin',	'2012-10-02 16:00:51'),
(34,	'SC0012',	21,	'OC0009',	34,	20.00000000,	'S',	'admin',	'2012-10-02 16:00:51',	'admin',	'2012-10-02 16:00:51'),
(35,	'SC0012',	22,	'OC0010',	35,	10.00000000,	'S',	'admin',	'2012-10-03 08:37:36',	'admin',	'2012-10-03 08:37:36'),
(36,	'SC0012',	22,	'OC0011',	36,	10.00000000,	'S',	'admin',	'2012-10-03 08:43:03',	'admin',	'2012-10-03 08:43:03');

DROP TABLE IF EXISTS `subtipo_transaccion`;
CREATE TABLE `subtipo_transaccion` (
  `ID` int(11) NOT NULL AUTO_INCREMENT,
  `NOMBRE` varchar(32) NOT NULL,
  `TIPO_TRANSACCION` varchar(4) NOT NULL,
  `ACTIVO` varchar(1) NOT NULL,
  `CREADO_POR` varchar(20) NOT NULL,
  `CREADO_EL` datetime NOT NULL,
  `ACTUALIZADO_POR` varchar(20) NOT NULL,
  `ACTUALIZADO_EL` datetime NOT NULL,
  PRIMARY KEY (`ID`),
  KEY `TIPO_TRANSACCION` (`TIPO_TRANSACCION`),
  CONSTRAINT `fk_tipo_transaccion_del_subtipo` FOREIGN KEY (`TIPO_TRANSACCION`) REFERENCES `tipo_transaccion` (`TIPO_TRANSACCION`),
  CONSTRAINT `subtipo_transaccion_ibfk_1` FOREIGN KEY (`TIPO_TRANSACCION`) REFERENCES `tipo_transaccion` (`TIPO_TRANSACCION`)
) ENGINE=InnoDB DEFAULT CHARSET=latin1 COMMENT='Tabla que almacena los subtipos de transaccion';

INSERT INTO `subtipo_transaccion` (`ID`, `NOMBRE`, `TIPO_TRANSACCION`, `ACTIVO`, `CREADO_POR`, `CREADO_EL`, `ACTUALIZADO_POR`, `ACTUALIZADO_EL`) VALUES
(5,	'Desperdicio',	'CONS',	'S',	'admin',	'2012-08-08 15:47:34',	'admin',	'2012-08-13 15:53:25'),
(6,	'Retrabajo',	'CONS',	'S',	'admin',	'2012-08-08 15:47:34',	'admin',	'2012-08-13 15:53:25'),
(9,	'Gasto',	'CONS',	'S',	'admin',	'2012-08-13 16:00:06',	'admin',	'2012-08-13 16:00:06'),
(10,	'Consumo Normal',	'CONS',	'S',	'admin',	'2012-08-13 16:00:06',	'admin',	'2012-08-13 16:00:06'),
(11,	'Vencido',	'VENC',	'S',	'admin',	'2012-09-06 17:11:49',	'admin',	'2012-09-06 17:11:49'),
(12,	'Dañado',	'VENC',	'S',	'admin',	'2012-09-06 17:11:49',	'admin',	'2012-09-06 17:11:49'),
(13,	'Rechazado',	'VENC',	'S',	'admin',	'2012-09-06 17:11:49',	'admin',	'2012-09-06 17:11:49');

DROP TABLE IF EXISTS `tipo_articulo`;
CREATE TABLE `tipo_articulo` (
  `ID` int(11) NOT NULL AUTO_INCREMENT,
  `NOMBRE` varchar(32) NOT NULL,
  `DESCRIPCION` text NOT NULL,
  `ACTIVO` varchar(1) NOT NULL,
  `CREADO_POR` varchar(20) NOT NULL,
  `CREADO_EL` datetime NOT NULL,
  `ACTUALIZADO_POR` varchar(20) NOT NULL,
  `ACTUALIZADO_EL` datetime NOT NULL,
  PRIMARY KEY (`ID`)
) ENGINE=InnoDB DEFAULT CHARSET=latin1 COMMENT='Tipos de articulo';

INSERT INTO `tipo_articulo` (`ID`, `NOMBRE`, `DESCRIPCION`, `ACTIVO`, `CREADO_POR`, `CREADO_EL`, `ACTUALIZADO_POR`, `ACTUALIZADO_EL`) VALUES
(1,	'Terminado',	'artículos que se tienen en inventario y que se encuentran listos para ser embarcados a un cliente de acuerdo a un pedido en una planta de producción.',	'S',	'admin',	'2012-06-04 10:52:07',	'admin',	'2012-06-04 10:52:07'),
(2,	'Materia Prima',	'artículos esenciales que se utilizan para la elaboración de un producto, las materias primas son las que permiten iniciar el ciclo de transformación para obtener los componentes o el producto terminado que es ofrecido al cliente.',	'S',	'admin',	'2012-06-04 10:52:37',	'admin',	'2012-06-04 10:52:37'),
(3,	'Semielaborado',	'artículos que ingresan al inventario después de concluir varias etapas del proceso productivo, pero que aún no cumplen con todas las especificaciones que caracterizan al producto final que es ofrecido a los clientes. Los artículos semielaborados pueden considerarse como componentes de un artículos posterior, que se conforma a partir de ellos.',	'S',	'admin',	'2012-06-04 10:53:16',	'admin',	'2012-06-04 10:53:16'),
(4,	'Mat. Empaque',	'el material de empaque son productos utilizados para empacar el artículo terminado del proceso productivo. El material de empaque es el que evita que las condiciones del ambiente cambien las características originales del producto terminado.',	'S',	'admin',	'2012-06-04 10:53:47',	'admin',	'2012-06-04 10:53:47'),
(5,	'Proceso',	'productos que están siendo transformados por un proceso productivo en un lapso determinado.',	'S',	'admin',	'2012-06-04 10:54:05',	'admin',	'2012-06-04 10:54:05'),
(6,	'Reproceso',	'productos que han tenido que iniciar nuevamente todas o varias etapas del proceso productivo puesto que no cumplieron con las especificaciones de calidad para el mismo.',	'S',	'admin',	'2012-06-04 10:54:24',	'admin',	'2012-06-04 10:54:24'),
(7,	'Laboral',	'este tipo de artículo se utiliza para reflejar transacciones de inventario de tipo servicio, puesto que no acepta existencias en inventario.',	'S',	'admin',	'2012-06-04 10:54:43',	'admin',	'2012-06-04 10:54:43'),
(8,	'Otros',	'se utiliza cuando el artículo no coincide con ninguna de las categorías definidas en esta opción.',	'S',	'admin',	'2012-06-04 10:55:00',	'admin',	'2012-06-04 10:55:00'),
(9,	'Suministro',	'son artículos que se requieren para la realización del trabajo de la empresa, tales suministros no participan directamente en el proceso productivo pero permiten que éste se lleve a cabo.',	'S',	'admin',	'2012-06-04 10:55:23',	'admin',	'2012-06-04 10:55:23'),
(10,	'Refacción',	'artículos del inventario que sirven como repuestos o para reemplazo de piezas de la maquinaria o equipo utilizado en la empresa.',	'S',	'admin',	'2012-06-04 10:55:38',	'admin',	'2012-06-04 10:55:38'),
(11,	'Servicio',	'un artículo se define de este tipo cuando se refiere a un servicio que ofrece la empresa como parte de su labor diaria',	'S',	'admin',	'2012-06-04 10:55:56',	'admin',	'2012-06-04 10:55:56'),
(12,	'Co-producto',	'productos que son manufacturados juntos o secuencialmente, por sus similitudes de producto o proceso. Los co-productos son aquellos que parten de un mismo material inicial, pero que luego se van convirtiendo en productos finales con distintas características.',	'S',	'admin',	'2012-06-04 10:56:13',	'admin',	'2012-06-04 10:56:13'),
(13,	'Subproducto',	'material de desecho, producto del proceso de un artículo, que es usado para otros propósitos.',	'S',	'admin',	'2012-06-04 10:56:34',	'admin',	'2012-06-04 10:56:34'),
(14,	'Desecho',	'productos que son eliminados del proceso productivo por incumplimiento con las especificaciones, pero que no puede corregir el error, de manera que es imposible reprocesarlo.',	'S',	'admin',	'2012-06-04 10:56:50',	'admin',	'2012-06-04 10:56:50'),
(15,	'Fantasma',	'se refiere a artículos que no existen en la bodega como tales, pero que se definen como parte de una estructura de manufactura, es decir, es un artículo intermedio entre la materia prima y el producto terminado.',	'S',	'admin',	'2012-06-04 10:57:09',	'admin',	'2012-06-04 10:57:09'),
(16,	'Kit',	'un artículo tipo kit es aquel que está conformado por varios artículos terminados que se venden en un solo paquete.',	'S',	'admin',	'2012-06-04 10:57:27',	'admin',	'2012-06-04 10:57:27');

DROP TABLE IF EXISTS `tipo_cantidad_articulo`;
CREATE TABLE `tipo_cantidad_articulo` (
  `ID` varchar(1) NOT NULL COMMENT 'D = Disponbile            R = Reservada            T = Remitida            C = Cuarentena            V = Vencida',
  `NOMBRE` varchar(16) NOT NULL,
  `DESCRIPCION` text,
  `ACTIVO` varchar(1) NOT NULL,
  `CREADO_POR` varchar(20) NOT NULL,
  `CREADO_EL` datetime NOT NULL,
  `ACTUALIZADO_POR` varchar(20) NOT NULL,
  `ACTUALIZADO_EL` datetime NOT NULL,
  PRIMARY KEY (`ID`)
) ENGINE=InnoDB DEFAULT CHARSET=latin1 COMMENT='Almacena los diferentes tipos de cantidad que puede tener un';

INSERT INTO `tipo_cantidad_articulo` (`ID`, `NOMBRE`, `DESCRIPCION`, `ACTIVO`, `CREADO_POR`, `CREADO_EL`, `ACTUALIZADO_POR`, `ACTUALIZADO_EL`) VALUES
('C',	'Cuarentena',	'Estas son las cantidades en cuarentena',	'S',	'admin',	'2012-08-13 00:00:00',	'admin',	'2012-08-13 00:00:00'),
('D',	'Disponible',	'Estas son las cantidades disponibles ',	'S',	'admin',	'2012-08-13 00:00:00',	'admin',	'2012-08-13 00:00:00'),
('R',	'Reservada',	'Estas con las cantidades reservadas',	'S',	'admin',	'2012-08-13 00:00:00',	'admin',	'2012-08-13 00:00:00'),
('T',	'Remitida',	'Estas scon las cantidades remitidas',	'S',	'admin',	'2012-08-13 00:00:00',	'admin',	'2012-08-13 00:00:00'),
('V',	'Vencida',	'Estas son las cantidades vencidas',	'S',	'admin',	'2012-08-13 00:00:00',	'admin',	'2012-08-13 00:00:00');

DROP TABLE IF EXISTS `tipo_cuenta`;
CREATE TABLE `tipo_cuenta` (
  `TIPO_CUENTA` varchar(12) NOT NULL,
  `DESCRIPCION` varchar(40) NOT NULL,
  `ACTIVO` varchar(1) NOT NULL,
  `CREADO_POR` varchar(20) NOT NULL,
  `CREADO_EL` datetime NOT NULL,
  `ACTUALIZADO_POR` varchar(20) NOT NULL,
  `ACTUALIZADO_EL` datetime NOT NULL,
  PRIMARY KEY (`TIPO_CUENTA`)
) ENGINE=InnoDB DEFAULT CHARSET=latin1 COMMENT='Almacena los tipos de cuenta bancaria que se puede tener en ';


DROP TABLE IF EXISTS `tipo_documento`;
CREATE TABLE `tipo_documento` (
  `ID` varchar(10) NOT NULL,
  `DESCRIPCION` varchar(64) NOT NULL,
  `MASCARA` varchar(20) NOT NULL,
  `ACTIVO` varchar(1) NOT NULL,
  `CREADO_POR` varchar(20) NOT NULL,
  `CREADO_EL` datetime NOT NULL,
  `ACTUALIZADO_POR` varchar(20) NOT NULL,
  `ACTUALIZADO_EL` datetime NOT NULL,
  PRIMARY KEY (`ID`)
) ENGINE=InnoDB DEFAULT CHARSET=latin1 COMMENT='Con el fin de facilitar y estandarizar la creación de NIT’s,';

INSERT INTO `tipo_documento` (`ID`, `DESCRIPCION`, `MASCARA`, `ACTIVO`, `CREADO_POR`, `CREADO_EL`, `ACTUALIZADO_POR`, `ACTUALIZADO_EL`) VALUES
('C.C.',	'Cedula de Ciudadania',	'999999999999',	'S',	'1',	'2012-05-22 16:38:28',	'1',	'2012-05-22 16:38:28'),
('NIT',	'Nit',	'999999999999-9',	'S',	'1',	'2012-05-22 16:40:22',	'1',	'2012-05-22 16:40:22'),
('T.I.',	'Tarjeta de Identidad',	'999999-999999',	'S',	'1',	'2012-05-22 16:38:57',	'1',	'2012-05-22 16:38:57');

DROP TABLE IF EXISTS `tipo_tarjeta`;
CREATE TABLE `tipo_tarjeta` (
  `ID` int(11) NOT NULL AUTO_INCREMENT,
  `DESCRIPCION` varchar(64) NOT NULL COMMENT 'nombre del tipo de tarjeta.',
  `ACTIVO` varchar(1) NOT NULL,
  `CREADO_POR` varchar(20) NOT NULL,
  `CREADO_EL` datetime NOT NULL,
  `ACTUALIZADO_POR` varchar(20) NOT NULL,
  `ACTUALIZADO_EL` datetime NOT NULL,
  PRIMARY KEY (`ID`)
) ENGINE=InnoDB DEFAULT CHARSET=latin1 COMMENT='El objetivo de los tipos de tarjeta de crédito es establecer';

INSERT INTO `tipo_tarjeta` (`ID`, `DESCRIPCION`, `ACTIVO`, `CREADO_POR`, `CREADO_EL`, `ACTUALIZADO_POR`, `ACTUALIZADO_EL`) VALUES
(1,	'dasd',	'S',	'admin',	'2012-05-12 08:43:06',	'admin',	'2012-05-12 08:43:06');

DROP TABLE IF EXISTS `tipo_transaccion`;
CREATE TABLE `tipo_transaccion` (
  `TIPO_TRANSACCION` varchar(4) NOT NULL,
  `NOMBRE` varchar(16) NOT NULL,
  `TRANSACCION_BASE` varchar(4) DEFAULT NULL COMMENT 'Codigo del tipo de transaccion base',
  `TRANSACCION_FIJA` varchar(1) DEFAULT NULL COMMENT 'El tipo de trasnaccion se puede modificar o borrar [S]i o [N]',
  `NATURALEZA` varchar(1) DEFAULT NULL COMMENT 'La naturaleza hace referencia a si por defecto el tipo de transaccion es una Salida, Entrada, Ambas o Ninguna',
  `ACTIVO` varchar(1) NOT NULL,
  `CREADO_POR` varchar(20) NOT NULL,
  `CREADO_EL` datetime NOT NULL,
  `ACTUALIZADO_POR` varchar(20) NOT NULL,
  `ACTUALIZADO_EL` datetime NOT NULL,
  PRIMARY KEY (`TIPO_TRANSACCION`),
  KEY `FK_TIPO_TRANSACCION_BASE` (`TRANSACCION_BASE`),
  CONSTRAINT `tipo_transaccion_ibfk_1` FOREIGN KEY (`TRANSACCION_BASE`) REFERENCES `tipo_transaccion` (`TIPO_TRANSACCION`)
) ENGINE=InnoDB DEFAULT CHARSET=latin1 COMMENT='Tipo de transaccion de inventario.  Existen unos tipos fijos';

INSERT INTO `tipo_transaccion` (`TIPO_TRANSACCION`, `NOMBRE`, `TRANSACCION_BASE`, `TRANSACCION_FIJA`, `NATURALEZA`, `ACTIVO`, `CREADO_POR`, `CREADO_EL`, `ACTUALIZADO_POR`, `ACTUALIZADO_EL`) VALUES
('APRO',	'Aprobación',	'APRO',	'S',	'A',	'S',	'admin',	'2012-06-21 14:57:05',	'admin',	'2012-08-14 11:55:21'),
('COMP',	'Compra',	'COMP',	'S',	'S',	'S',	'admin',	'2012-06-21 15:04:31',	'admin',	'2012-08-14 11:57:15'),
('CONS',	'Consumo',	'CONS',	'S',	'A',	'S',	'admin',	'2012-06-21 15:06:16',	'admin',	'2012-08-13 15:53:23'),
('COST',	'Costo',	'COST',	'S',	NULL,	'S',	'admin',	'2012-06-21 15:07:31',	'admin',	'2012-06-21 15:07:31'),
('ENSA',	'Ensamble',	'ENSA',	'S',	NULL,	'S',	'admin',	'2012-06-21 15:03:45',	'admin',	'2012-06-21 16:50:18'),
('FISI',	'Físico',	'FISI',	'S',	NULL,	'S',	'admin',	'2012-06-21 15:04:58',	'admin',	'2012-06-21 15:04:58'),
('MISC',	'Misceláneo',	'MISC',	'S',	NULL,	'S',	'admin',	'2012-06-21 15:06:44',	'admin',	'2012-06-21 15:06:44'),
('PROD',	'Producción',	'PROD',	'S',	NULL,	'S',	'admin',	'2012-06-21 15:07:48',	'admin',	'2012-06-21 15:07:48'),
('REMI',	'Remisión',	'REMI',	'S',	NULL,	'S',	'admin',	'2012-06-21 15:04:07',	'admin',	'2012-06-21 15:04:07'),
('RESE',	'Reservación',	'RESE',	'S',	'N',	'S',	'admin',	'2012-06-21 15:05:36',	'admin',	'2012-08-14 14:20:32'),
('TRAS',	'Traspaso',	'TRAS',	'S',	NULL,	'S',	'admin',	'2012-06-21 15:07:01',	'admin',	'2012-06-21 15:07:01'),
('VENC',	'Vencimiento',	'VENC',	'S',	'A',	'S',	'admin',	'2012-06-21 15:08:02',	'admin',	'2012-09-06 17:11:49'),
('VENT',	'Venta',	'VENT',	'S',	'S',	'S',	'admin',	'2012-06-21 15:09:40',	'admin',	'2012-08-14 14:21:40');

DROP TABLE IF EXISTS `tipo_transaccion_cantidad`;
CREATE TABLE `tipo_transaccion_cantidad` (
  `ID` int(11) NOT NULL AUTO_INCREMENT,
  `TIPO_TRANSACCION` varchar(4) NOT NULL,
  `CANTIDAD` varchar(1) NOT NULL,
  `ACTIVO` varchar(1) NOT NULL,
  `CREADO_POR` varchar(20) NOT NULL,
  `CREADO_EL` datetime NOT NULL,
  `ACTUALIZADO_POR` varchar(20) NOT NULL,
  `ACTUALIZADO_EL` datetime NOT NULL,
  PRIMARY KEY (`ID`),
  KEY `FK_TIPO_CANTIDAD_PARA_TIPO_TRANSACCION` (`CANTIDAD`),
  KEY `FK_TIPO_TRANSACCION_AFECTA_CANTIDAD` (`TIPO_TRANSACCION`),
  CONSTRAINT `FK_TIPO_CANTIDAD_PARA_TIPO_TRANSACCION` FOREIGN KEY (`CANTIDAD`) REFERENCES `tipo_cantidad_articulo` (`ID`),
  CONSTRAINT `FK_TIPO_TRANSACCION_AFECTA_CANTIDAD` FOREIGN KEY (`TIPO_TRANSACCION`) REFERENCES `tipo_transaccion` (`TIPO_TRANSACCION`)
) ENGINE=InnoDB DEFAULT CHARSET=latin1 COMMENT='Tabla en la que se relaciona las cantidades que pueden ser a';

INSERT INTO `tipo_transaccion_cantidad` (`ID`, `TIPO_TRANSACCION`, `CANTIDAD`, `ACTIVO`, `CREADO_POR`, `CREADO_EL`, `ACTUALIZADO_POR`, `ACTUALIZADO_EL`) VALUES
(4,	'APRO',	'C',	'S',	'admin',	'2012-08-14 11:55:21',	'admin',	'2012-08-14 11:55:21'),
(5,	'APRO',	'D',	'S',	'admin',	'2012-08-14 11:55:21',	'admin',	'2012-08-14 11:55:21'),
(6,	'COMP',	'D',	'S',	'admin',	'2012-08-14 11:57:15',	'admin',	'2012-08-14 11:57:15'),
(7,	'RESE',	'D',	'S',	'admin',	'2012-08-14 14:20:32',	'admin',	'2012-08-14 14:20:32'),
(8,	'RESE',	'R',	'S',	'admin',	'2012-08-14 14:20:32',	'admin',	'2012-08-14 14:20:32'),
(9,	'VENT',	'D',	'S',	'admin',	'2012-08-14 14:21:40',	'admin',	'2012-08-14 14:21:40'),
(10,	'VENT',	'R',	'S',	'admin',	'2012-08-14 14:21:40',	'admin',	'2012-08-14 14:21:40'),
(11,	'VENC',	'D',	'S',	'admin',	'2012-08-14 14:34:01',	'admin',	'2012-09-06 17:11:49'),
(12,	'VENC',	'R',	'S',	'admin',	'2012-08-14 14:34:01',	'admin',	'2012-09-06 17:11:49'),
(13,	'VENC',	'C',	'S',	'admin',	'2012-08-14 14:34:01',	'admin',	'2012-09-06 17:11:49');

DROP TABLE IF EXISTS `transaccion_inv`;
CREATE TABLE `transaccion_inv` (
  `TRANSACCION_INV` int(11) NOT NULL AUTO_INCREMENT,
  `CONSECUTIVO_CI` varchar(20) DEFAULT NULL COMMENT 'Codigo del consecutivo usado para el movimiento',
  `CONSECUTIVO_CO` varchar(10) DEFAULT NULL COMMENT 'Codigo del consecutivo usado para el movimiento',
  `CONSECUTIVO_FA` varchar(10) DEFAULT NULL COMMENT 'Codigo del consecutivo usado para el movimiento',
  `MODULO_ORIGEN` varchar(4) NOT NULL COMMENT 'Modulo desde el cual se hizo la aplicación al inventario CI = Control de Inventario CO = Compras FA = Facturación',
  `REFERENCIA` varchar(200) NOT NULL COMMENT 'Texto con información adicional acerca del movimiento',
  `ACTIVO` varchar(1) NOT NULL,
  `CREADO_POR` varchar(20) NOT NULL,
  `CREADO_EL` datetime NOT NULL,
  `ACTUALIZADO_POR` varchar(20) NOT NULL,
  `ACTUALIZADO_EL` datetime NOT NULL,
  PRIMARY KEY (`TRANSACCION_INV`),
  KEY `FK_CONSECUTIVO_CI_ASOCIADO_TRANSACCION` (`CONSECUTIVO_CI`),
  KEY `FK_CONSECUTIVO_CO_ASOCIADO_TRANSACCION` (`CONSECUTIVO_CO`),
  CONSTRAINT `transaccion_inv_ibfk_1` FOREIGN KEY (`CONSECUTIVO_CI`) REFERENCES `documento_inv` (`DOCUMENTO_INV`),
  CONSTRAINT `transaccion_inv_ibfk_2` FOREIGN KEY (`CONSECUTIVO_CO`) REFERENCES `ingreso_compra` (`INGRESO_COMPRA`)
) ENGINE=InnoDB DEFAULT CHARSET=latin1 COMMENT='Encabezado de los movimientos aplicados al inventario';

INSERT INTO `transaccion_inv` (`TRANSACCION_INV`, `CONSECUTIVO_CI`, `CONSECUTIVO_CO`, `CONSECUTIVO_FA`, `MODULO_ORIGEN`, `REFERENCIA`, `ACTIVO`, `CREADO_POR`, `CREADO_EL`, `ACTUALIZADO_POR`, `ACTUALIZADO_EL`) VALUES
(1,	NULL,	'IC0001',	NULL,	'CO',	'Ingreso de compra',	'S',	'admin',	'2012-09-27 10:08:45',	'admin',	'2012-09-27 10:08:45'),
(2,	NULL,	'IC0002',	NULL,	'CO',	'Ingreso de compra',	'S',	'admin',	'2012-10-04 09:01:56',	'admin',	'2012-10-04 09:01:56'),
(3,	NULL,	'IC0003',	NULL,	'CO',	'Ingreso de compra',	'S',	'admin',	'2012-10-04 09:13:29',	'admin',	'2012-10-04 09:13:29'),
(4,	NULL,	'IC0003',	NULL,	'CO',	'Ingreso de compra',	'S',	'admin',	'2012-10-04 09:14:03',	'admin',	'2012-10-04 09:14:03'),
(5,	NULL,	'IC0004',	NULL,	'CO',	'Ingreso de compra',	'S',	'admin',	'2012-10-04 09:17:06',	'admin',	'2012-10-04 09:17:06'),
(6,	NULL,	'IC0005',	NULL,	'CO',	'Ingreso de compra',	'S',	'admin',	'2012-10-04 09:19:33',	'admin',	'2012-10-04 09:19:33'),
(7,	NULL,	'IC0006',	NULL,	'CO',	'Ingreso de compra',	'S',	'admin',	'2012-10-04 09:58:12',	'admin',	'2012-10-04 09:58:12'),
(8,	NULL,	'IC0013',	NULL,	'CO',	'Ingreso de compra',	'S',	'admin',	'2012-10-04 17:08:30',	'admin',	'2012-10-04 17:08:30'),
(9,	NULL,	'IC0013',	NULL,	'CO',	'Ingreso de compra',	'S',	'admin',	'2012-10-04 17:08:48',	'admin',	'2012-10-04 17:08:48'),
(10,	NULL,	'IC0013',	NULL,	'CO',	'Ingreso de compra',	'S',	'admin',	'2012-10-04 17:10:31',	'admin',	'2012-10-04 17:10:31'),
(11,	NULL,	'IC0013',	NULL,	'CO',	'Ingreso de compra',	'S',	'admin',	'2012-10-04 17:13:03',	'admin',	'2012-10-04 17:13:03'),
(12,	NULL,	'IC0013',	NULL,	'CO',	'Ingreso de compra',	'S',	'admin',	'2012-10-04 17:16:05',	'admin',	'2012-10-04 17:16:05'),
(13,	NULL,	'IC0013',	NULL,	'CO',	'Ingreso de compra',	'S',	'admin',	'2012-10-04 17:17:24',	'admin',	'2012-10-04 17:17:24'),
(14,	NULL,	'IC0014',	NULL,	'CO',	'Ingreso de compra',	'S',	'admin',	'2012-10-05 08:56:09',	'admin',	'2012-10-05 08:56:09'),
(15,	NULL,	'IC0015',	NULL,	'CO',	'Ingreso de compra',	'S',	'admin',	'2012-10-05 09:29:41',	'admin',	'2012-10-05 09:29:41'),
(16,	NULL,	'IC0016',	NULL,	'CO',	'Ingreso de compra',	'S',	'admin',	'2012-10-05 09:31:17',	'admin',	'2012-10-05 09:31:17'),
(17,	NULL,	'IC0017',	NULL,	'CO',	'Ingreso de compra',	'S',	'admin',	'2012-10-05 10:00:00',	'admin',	'2012-10-05 10:00:00'),
(18,	NULL,	'IC0018',	NULL,	'CO',	'Ingreso de compra',	'S',	'admin',	'2012-10-05 10:01:10',	'admin',	'2012-10-05 10:01:10');

DROP TABLE IF EXISTS `transaccion_inv_detalle`;
CREATE TABLE `transaccion_inv_detalle` (
  `TRANSACCION_INV_DETALLE` int(11) NOT NULL AUTO_INCREMENT,
  `TRANSACCION_INV` int(11) NOT NULL,
  `LINEA` smallint(6) NOT NULL,
  `TIPO_TRANSACCION` varchar(4) DEFAULT NULL,
  `SUBTIPO` int(11) DEFAULT NULL,
  `TIPO_TRANSACCION_CANTIDAD` varchar(1) DEFAULT NULL,
  `ARTICULO` varchar(20) NOT NULL,
  `UNIDAD` int(11) NOT NULL,
  `BODEGA` varchar(4) NOT NULL,
  `NATURALEZA` varchar(1) NOT NULL COMMENT '[C]osto [S]alida [E]ntrada',
  `CANTIDAD` decimal(28,8) NOT NULL,
  `COSTO_UNITARIO` decimal(28,8) NOT NULL,
  `PRECIO_UNITARIO` decimal(28,8) NOT NULL,
  `ACTIVO` varchar(1) NOT NULL,
  `CREADO_POR` varchar(20) NOT NULL,
  `CREADO_EL` datetime NOT NULL,
  `ACTUALIZADO_POR` varchar(20) NOT NULL,
  `ACTUALIZADO_EL` datetime NOT NULL,
  PRIMARY KEY (`TRANSACCION_INV_DETALLE`),
  KEY `FK_BODEGA_MOVIMIENTO` (`BODEGA`),
  KEY `FK_REFERENCE_92` (`TRANSACCION_INV`),
  KEY `FK_SUBTIPO_TRANSACCION_MOVIMIENTO` (`SUBTIPO`),
  KEY `FK_TIPO_TRANSACCION_MOVIMIENTO` (`TIPO_TRANSACCION`),
  KEY `FK_UNIDAD_ARTICULO_MOVIMIENTO` (`UNIDAD`),
  KEY ` FK_TIPO_TRANSACCION_CANTIDAD_MOVIMIENTO` (`TIPO_TRANSACCION_CANTIDAD`),
  KEY `FFK_ARTICULO_MOVIMIENTO` (`ARTICULO`),
  CONSTRAINT `FK_BODEGA_MOVIMIENTO` FOREIGN KEY (`BODEGA`) REFERENCES `bodega` (`ID`),
  CONSTRAINT `FK_REFERENCE_92` FOREIGN KEY (`TRANSACCION_INV`) REFERENCES `transaccion_inv` (`TRANSACCION_INV`),
  CONSTRAINT `FK_SUBTIPO_TRANSACCION_MOVIMIENTO` FOREIGN KEY (`SUBTIPO`) REFERENCES `subtipo_transaccion` (`ID`),
  CONSTRAINT `FK_TIPO_TRANSACCION_MOVIMIENTO` FOREIGN KEY (`TIPO_TRANSACCION`) REFERENCES `tipo_transaccion` (`TIPO_TRANSACCION`),
  CONSTRAINT `FK_UNIDAD_ARTICULO_MOVIMIENTO` FOREIGN KEY (`UNIDAD`) REFERENCES `unidad_medida` (`ID`),
  CONSTRAINT `transaccion_inv_detalle_ibfk_2` FOREIGN KEY (`ARTICULO`) REFERENCES `articulo` (`ARTICULO`),
  CONSTRAINT `transaccion_inv_detalle_ibfk_3` FOREIGN KEY (`TIPO_TRANSACCION_CANTIDAD`) REFERENCES `tipo_cantidad_articulo` (`ID`)
) ENGINE=InnoDB DEFAULT CHARSET=latin1 COMMENT='Tabla con el detalle de las transacciones que afectan el inv';

INSERT INTO `transaccion_inv_detalle` (`TRANSACCION_INV_DETALLE`, `TRANSACCION_INV`, `LINEA`, `TIPO_TRANSACCION`, `SUBTIPO`, `TIPO_TRANSACCION_CANTIDAD`, `ARTICULO`, `UNIDAD`, `BODEGA`, `NATURALEZA`, `CANTIDAD`, `COSTO_UNITARIO`, `PRECIO_UNITARIO`, `ACTIVO`, `CREADO_POR`, `CREADO_EL`, `ACTUALIZADO_POR`, `ACTUALIZADO_EL`) VALUES
(1,	4,	1,	NULL,	NULL,	'D',	'001',	3,	'23',	'E',	20.00000000,	0.00000000,	800.00000000,	'S',	'',	'2012-10-04 09:14:03',	'',	'2012-10-04 09:14:03'),
(2,	5,	1,	NULL,	NULL,	'D',	'001',	3,	'23',	'E',	20.00000000,	0.00000000,	800.00000000,	'S',	'',	'2012-10-04 09:17:06',	'',	'2012-10-04 09:17:06'),
(3,	5,	2,	NULL,	NULL,	'D',	'001',	3,	'23',	'E',	12.00000000,	0.00000000,	2.00000000,	'S',	'',	'2012-10-04 09:17:06',	'',	'2012-10-04 09:17:06'),
(4,	5,	3,	NULL,	NULL,	'D',	'003',	3,	'23',	'E',	43.00000000,	0.00000000,	500.00000000,	'S',	'',	'2012-10-04 09:17:06',	'',	'2012-10-04 09:17:06'),
(5,	6,	1,	NULL,	NULL,	'D',	'003',	3,	'23',	'E',	43.00000000,	0.00000000,	500.00000000,	'S',	'admin',	'2012-10-04 09:19:33',	'admin',	'2012-10-04 09:19:33'),
(6,	6,	2,	NULL,	NULL,	'D',	'001',	3,	'23',	'E',	456.00000000,	0.00000000,	456.00000000,	'S',	'admin',	'2012-10-04 09:19:33',	'admin',	'2012-10-04 09:19:33'),
(7,	6,	3,	NULL,	NULL,	'D',	'002',	2,	'504',	'E',	58.00000000,	0.00000000,	700.00000000,	'S',	'admin',	'2012-10-04 09:19:33',	'admin',	'2012-10-04 09:19:33'),
(8,	6,	4,	NULL,	NULL,	'D',	'002',	2,	'23',	'E',	45.00000000,	0.00000000,	8797.00000000,	'S',	'admin',	'2012-10-04 09:19:33',	'admin',	'2012-10-04 09:19:33'),
(9,	7,	1,	NULL,	NULL,	'D',	'001',	3,	'23',	'E',	2000.00000000,	0.00000000,	20.00000000,	'S',	'admin',	'2012-10-04 09:58:12',	'admin',	'2012-10-04 09:58:12'),
(10,	8,	1,	NULL,	NULL,	'D',	'001',	4,	'1',	'E',	0.00000000,	10.00000000,	10.00000000,	'S',	'admin',	'2012-10-04 17:08:30',	'admin',	'2012-10-04 17:08:30'),
(11,	9,	1,	NULL,	NULL,	'D',	'001',	4,	'1',	'E',	0.00000000,	10.00000000,	10.00000000,	'S',	'admin',	'2012-10-04 17:08:48',	'admin',	'2012-10-04 17:08:48'),
(12,	10,	1,	NULL,	NULL,	'D',	'001',	4,	'1',	'E',	0.00000000,	10.00000000,	10.00000000,	'S',	'admin',	'2012-10-04 17:10:31',	'admin',	'2012-10-04 17:10:31'),
(13,	11,	1,	NULL,	NULL,	'D',	'001',	4,	'1',	'E',	0.00000000,	10.00000000,	10.00000000,	'S',	'admin',	'2012-10-04 17:13:03',	'admin',	'2012-10-04 17:13:03'),
(14,	12,	1,	NULL,	NULL,	'D',	'001',	4,	'1',	'E',	0.00000000,	10.00000000,	10.00000000,	'S',	'admin',	'2012-10-04 17:16:05',	'admin',	'2012-10-04 17:16:05'),
(15,	13,	1,	NULL,	NULL,	'D',	'001',	4,	'1',	'E',	0.00000000,	10.00000000,	10.00000000,	'S',	'admin',	'2012-10-04 17:17:24',	'admin',	'2012-10-04 17:17:24'),
(16,	13,	2,	NULL,	NULL,	'D',	'002',	1,	'1',	'E',	1.00000000,	0.00000000,	10.00000000,	'S',	'admin',	'2012-10-04 17:17:24',	'admin',	'2012-10-04 17:17:24'),
(17,	13,	3,	NULL,	NULL,	'D',	'001',	3,	'1',	'E',	12.00000000,	10.00000000,	12.00000000,	'S',	'admin',	'2012-10-04 17:17:24',	'admin',	'2012-10-04 17:17:24'),
(18,	13,	4,	NULL,	NULL,	'D',	'001',	4,	'1',	'E',	1.00000000,	10.00000000,	12.00000000,	'S',	'admin',	'2012-10-04 17:17:24',	'admin',	'2012-10-04 17:17:24'),
(19,	13,	5,	NULL,	NULL,	'D',	'001',	3,	'1',	'E',	4.00000000,	10.00000000,	12.00000000,	'S',	'admin',	'2012-10-04 17:17:24',	'admin',	'2012-10-04 17:17:24'),
(20,	13,	6,	NULL,	NULL,	'D',	'003',	3,	'1',	'E',	0.00000000,	0.00000000,	12.00000000,	'S',	'admin',	'2012-10-04 17:17:24',	'admin',	'2012-10-04 17:17:24'),
(21,	13,	7,	NULL,	NULL,	'D',	'001',	3,	'1',	'E',	3.00000000,	10.00000000,	12.00000000,	'S',	'admin',	'2012-10-04 17:17:24',	'admin',	'2012-10-04 17:17:24'),
(22,	13,	8,	NULL,	NULL,	'D',	'002',	1,	'1',	'E',	1.00000000,	0.00000000,	12.00000000,	'S',	'admin',	'2012-10-04 17:17:24',	'admin',	'2012-10-04 17:17:24'),
(23,	14,	1,	NULL,	NULL,	'D',	'001',	3,	'1',	'E',	0.00000000,	0.00000000,	12.00000000,	'S',	'admin',	'2012-10-05 08:56:09',	'admin',	'2012-10-05 08:56:09'),
(24,	14,	2,	NULL,	NULL,	'D',	'003',	3,	'1',	'E',	0.00000000,	0.00000000,	12.00000000,	'S',	'admin',	'2012-10-05 08:56:10',	'admin',	'2012-10-05 08:56:10'),
(25,	14,	3,	NULL,	NULL,	'D',	'002',	1,	'1',	'E',	0.00000000,	0.00000000,	10.00000000,	'S',	'admin',	'2012-10-05 08:56:10',	'admin',	'2012-10-05 08:56:10'),
(26,	14,	4,	NULL,	NULL,	'D',	'001',	4,	'1',	'E',	0.00000000,	0.00000000,	12.00000000,	'S',	'admin',	'2012-10-05 08:56:10',	'admin',	'2012-10-05 08:56:10'),
(27,	14,	5,	NULL,	NULL,	'D',	'001',	4,	'1',	'E',	0.00000000,	0.00000000,	10.00000000,	'S',	'admin',	'2012-10-05 08:56:10',	'admin',	'2012-10-05 08:56:10'),
(28,	14,	6,	NULL,	NULL,	'D',	'001',	3,	'1',	'E',	0.00000000,	0.00000000,	12.00000000,	'S',	'admin',	'2012-10-05 08:56:10',	'admin',	'2012-10-05 08:56:10'),
(29,	14,	7,	NULL,	NULL,	'D',	'001',	3,	'1',	'E',	0.00000000,	0.00000000,	12.00000000,	'S',	'admin',	'2012-10-05 08:56:10',	'admin',	'2012-10-05 08:56:10'),
(30,	14,	8,	NULL,	NULL,	'D',	'002',	1,	'1',	'E',	0.00000000,	0.00000000,	12.00000000,	'S',	'admin',	'2012-10-05 08:56:10',	'admin',	'2012-10-05 08:56:10'),
(31,	15,	1,	NULL,	NULL,	'D',	'001',	4,	'1',	'E',	8.00000000,	0.07911392,	10.00000000,	'S',	'admin',	'2012-10-05 09:29:41',	'admin',	'2012-10-05 09:29:41'),
(32,	15,	2,	NULL,	NULL,	'D',	'002',	1,	'1',	'E',	12.00000000,	0.00000000,	10.00000000,	'S',	'admin',	'2012-10-05 09:29:41',	'admin',	'2012-10-05 09:29:41'),
(33,	16,	1,	NULL,	NULL,	'D',	'001',	4,	'1',	'E',	8.00000000,	0.07911392,	10.00000000,	'S',	'admin',	'2012-10-05 09:31:17',	'admin',	'2012-10-05 09:31:17'),
(34,	17,	1,	NULL,	NULL,	'D',	'002',	1,	'1',	'E',	8.00000000,	0.00000000,	10.00000000,	'S',	'admin',	'2012-10-05 10:00:00',	'admin',	'2012-10-05 10:00:00'),
(35,	17,	2,	NULL,	NULL,	'D',	'001',	4,	'1',	'E',	10.00000000,	0.07911392,	10.00000000,	'S',	'admin',	'2012-10-05 10:00:00',	'admin',	'2012-10-05 10:00:00'),
(36,	18,	1,	NULL,	NULL,	'D',	'002',	1,	'1',	'E',	8.00000000,	0.00000000,	10.00000000,	'S',	'admin',	'2012-10-05 10:01:10',	'admin',	'2012-10-05 10:01:10');

DROP TABLE IF EXISTS `ubicacion_geografica1`;
CREATE TABLE `ubicacion_geografica1` (
  `ID` varchar(2) NOT NULL,
  `PAIS` varchar(4) DEFAULT NULL,
  `NOMBRE` varchar(64) NOT NULL,
  `ACTIVO` varchar(1) NOT NULL,
  `CREADO_POR` varchar(20) NOT NULL,
  `CREADO_EL` datetime NOT NULL,
  `ACTUALIZADO_POR` varchar(20) NOT NULL,
  `ACTUALIZADO_EL` datetime NOT NULL,
  PRIMARY KEY (`ID`),
  KEY `FK_PAIS_DE_LA_UBICACION` (`PAIS`),
  CONSTRAINT `FK_PAIS_DE_LA_UBICACION` FOREIGN KEY (`PAIS`) REFERENCES `pais` (`ID`)
) ENGINE=InnoDB DEFAULT CHARSET=latin1 COMMENT='Almacena los departamentos de colombia';

INSERT INTO `ubicacion_geografica1` (`ID`, `PAIS`, `NOMBRE`, `ACTIVO`, `CREADO_POR`, `CREADO_EL`, `ACTUALIZADO_POR`, `ACTUALIZADO_EL`) VALUES
('05',	'COL',	'Antioquia',	'S',	'admin',	'2012-05-11 09:11:40',	'admin',	'2012-05-11 09:11:40'),
('08',	'COL',	'Atlántico',	'S',	'admin',	'2012-05-11 09:11:40',	'admin',	'2012-05-11 09:11:40'),
('11',	'COL',	'Bogotá D.C',	'S',	'admin',	'2012-05-11 09:11:40',	'admin',	'2012-05-11 09:11:40'),
('13',	'COL',	'Bolívar',	'S',	'admin',	'2012-05-11 09:11:40',	'admin',	'2012-05-11 09:11:40'),
('15',	'COL',	'Boyacá',	'S',	'admin',	'2012-05-11 09:11:40',	'admin',	'2012-05-11 09:11:40'),
('17',	'COL',	'Caldas',	'S',	'admin',	'2012-05-11 09:11:40',	'admin',	'2012-05-11 09:11:40'),
('18',	'COL',	'Caquetá',	'S',	'admin',	'2012-05-11 09:11:40',	'admin',	'2012-05-11 09:11:40'),
('19',	'COL',	'Cauca',	'S',	'admin',	'2012-05-11 09:11:40',	'admin',	'2012-05-11 09:11:40'),
('20',	'COL',	'Cesar',	'S',	'admin',	'2012-05-11 09:11:40',	'admin',	'2012-05-11 09:11:40'),
('23',	'COL',	'Córdoba',	'S',	'admin',	'2012-05-11 09:11:40',	'admin',	'2012-05-11 09:11:40'),
('25',	'COL',	'Cundinamarca',	'S',	'admin',	'2012-05-11 09:11:40',	'admin',	'2012-05-11 09:11:40'),
('27',	'COL',	'Chocó',	'S',	'admin',	'2012-05-11 09:11:40',	'admin',	'2012-05-11 09:11:40'),
('41',	'COL',	'Huila',	'S',	'admin',	'2012-05-11 09:11:40',	'admin',	'2012-05-11 09:11:40'),
('44',	'COL',	'La Guajira',	'S',	'admin',	'2012-05-11 09:11:40',	'admin',	'2012-05-11 09:11:40'),
('47',	'COL',	'Magdalena',	'S',	'admin',	'2012-05-11 09:11:40',	'admin',	'2012-05-11 09:11:40'),
('50',	'COL',	'Meta',	'S',	'admin',	'2012-05-11 09:11:40',	'admin',	'2012-05-11 09:11:40'),
('52',	'COL',	'Nariño',	'S',	'admin',	'2012-05-11 09:11:40',	'admin',	'2012-05-11 09:11:40'),
('54',	'COL',	'Norte de Santander',	'S',	'admin',	'2012-05-11 09:11:40',	'admin',	'2012-05-11 09:11:40'),
('63',	'COL',	'Quindio',	'S',	'admin',	'2012-05-11 09:11:40',	'admin',	'2012-05-11 09:11:40'),
('66',	'COL',	'Risaralda',	'S',	'admin',	'2012-05-11 09:11:40',	'admin',	'2012-05-11 09:11:40'),
('68',	'COL',	'Santander',	'S',	'admin',	'2012-05-11 09:11:40',	'admin',	'2012-05-11 09:11:40'),
('70',	'COL',	'Sucre',	'S',	'admin',	'2012-05-11 09:11:40',	'admin',	'2012-05-11 09:11:40'),
('73',	'COL',	'Tolima',	'S',	'admin',	'2012-05-11 09:11:40',	'admin',	'2012-05-11 09:11:40'),
('76',	'COL',	'Valle del Cauca',	'S',	'admin',	'2012-05-11 09:11:40',	'admin',	'2012-05-11 09:11:40'),
('81',	'COL',	'Arauca',	'S',	'admin',	'2012-05-11 09:11:40',	'admin',	'2012-05-11 09:11:40'),
('85',	'COL',	'Casanare',	'S',	'admin',	'2012-05-11 09:11:40',	'admin',	'2012-05-11 09:11:40'),
('86',	'COL',	'Putumayo',	'S',	'admin',	'2012-05-11 09:11:40',	'admin',	'2012-05-11 09:11:40'),
('88',	'COL',	'San Andrés y Providencia',	'S',	'admin',	'2012-05-11 09:11:40',	'admin',	'2012-05-11 09:11:40'),
('91',	'COL',	'Amazonas',	'S',	'admin',	'2012-05-11 09:11:40',	'admin',	'2012-05-11 09:11:40'),
('94',	'COL',	'Guainía',	'S',	'admin',	'2012-05-11 09:11:40',	'admin',	'2012-05-11 09:11:40'),
('95',	'COL',	'Guaviare',	'S',	'admin',	'2012-05-11 09:11:40',	'admin',	'2012-05-11 09:11:40'),
('97',	'COL',	'Vaupés',	'S',	'admin',	'2012-05-11 09:11:40',	'admin',	'2012-05-11 09:11:40'),
('99',	'COL',	'Vichada',	'S',	'admin',	'2012-05-11 09:11:40',	'admin',	'2012-05-11 09:11:40');

DROP TABLE IF EXISTS `ubicacion_geografica2`;
CREATE TABLE `ubicacion_geografica2` (
  `ID` varchar(5) NOT NULL,
  `UBICACION_GEOGRAFICA1` varchar(2) NOT NULL,
  `NOMBRE` varchar(64) NOT NULL,
  `ACTIVO` varchar(1) NOT NULL,
  `CREADO_POR` varchar(20) NOT NULL,
  `CREADO_EL` datetime NOT NULL,
  `ACTUALIZADO_POR` varchar(20) NOT NULL,
  `ACTUALIZADO_EL` datetime NOT NULL,
  PRIMARY KEY (`ID`),
  KEY `FK_PERTENECE_A` (`UBICACION_GEOGRAFICA1`),
  CONSTRAINT `FK_PERTENECE_A` FOREIGN KEY (`UBICACION_GEOGRAFICA1`) REFERENCES `ubicacion_geografica1` (`ID`)
) ENGINE=InnoDB DEFAULT CHARSET=latin1 COMMENT='Almacena los municipios de colombia';

INSERT INTO `ubicacion_geografica2` (`ID`, `UBICACION_GEOGRAFICA1`, `NOMBRE`, `ACTIVO`, `CREADO_POR`, `CREADO_EL`, `ACTUALIZADO_POR`, `ACTUALIZADO_EL`) VALUES
('05001',	'05',	'Medellín',	'S',	'admin',	'2012-05-11 09:11:40',	'admin',	'2012-05-11 09:11:40'),
('05002',	'05',	'Abejorral',	'S',	'admin',	'2012-05-11 09:11:40',	'admin',	'2012-05-11 09:11:40'),
('05004',	'05',	'Abriaquí',	'S',	'admin',	'2012-05-11 09:11:40',	'admin',	'2012-05-11 09:11:40'),
('05021',	'05',	'Alejandría',	'S',	'admin',	'2012-05-11 09:11:40',	'admin',	'2012-05-11 09:11:40'),
('05030',	'05',	'Amagá',	'S',	'admin',	'2012-05-11 09:11:40',	'admin',	'2012-05-11 09:11:40'),
('05031',	'05',	'Amalfi',	'S',	'admin',	'2012-05-11 09:11:40',	'admin',	'2012-05-11 09:11:40'),
('05034',	'05',	'Andes',	'S',	'admin',	'2012-05-11 09:11:40',	'admin',	'2012-05-11 09:11:40'),
('05036',	'05',	'Angelópolis',	'S',	'admin',	'2012-05-11 09:11:40',	'admin',	'2012-05-11 09:11:40'),
('05038',	'05',	'Angostura',	'S',	'admin',	'2012-05-11 09:11:40',	'admin',	'2012-05-11 09:11:40'),
('05040',	'05',	'Anorí',	'S',	'admin',	'2012-05-11 09:11:40',	'admin',	'2012-05-11 09:11:40'),
('05042',	'05',	'Santafé De Antioquia',	'S',	'admin',	'2012-05-11 09:11:40',	'admin',	'2012-05-11 09:11:40'),
('05044',	'05',	'Anza',	'S',	'admin',	'2012-05-11 09:11:40',	'admin',	'2012-05-11 09:11:40'),
('05045',	'05',	'Apartadó',	'S',	'admin',	'2012-05-11 09:11:40',	'admin',	'2012-05-11 09:11:40'),
('05051',	'05',	'Arboletes',	'S',	'admin',	'2012-05-11 09:11:40',	'admin',	'2012-05-11 09:11:40'),
('05055',	'05',	'Argelia',	'S',	'admin',	'2012-05-11 09:11:40',	'admin',	'2012-05-11 09:11:40'),
('05059',	'05',	'Armenia',	'S',	'admin',	'2012-05-11 09:11:40',	'admin',	'2012-05-11 09:11:40'),
('05079',	'05',	'Barbosa',	'S',	'admin',	'2012-05-11 09:11:40',	'admin',	'2012-05-11 09:11:40'),
('05086',	'05',	'Belmira',	'S',	'admin',	'2012-05-11 09:11:40',	'admin',	'2012-05-11 09:11:40'),
('05088',	'05',	'Bello',	'S',	'admin',	'2012-05-11 09:11:40',	'admin',	'2012-05-11 09:11:40'),
('05091',	'05',	'Betania',	'S',	'admin',	'2012-05-11 09:11:40',	'admin',	'2012-05-11 09:11:40'),
('05093',	'05',	'Betulia',	'S',	'admin',	'2012-05-11 09:11:40',	'admin',	'2012-05-11 09:11:40'),
('05101',	'05',	'Ciudad Bolívar',	'S',	'admin',	'2012-05-11 09:11:40',	'admin',	'2012-05-11 09:11:40'),
('05107',	'05',	'Briceño',	'S',	'admin',	'2012-05-11 09:11:40',	'admin',	'2012-05-11 09:11:40'),
('05113',	'05',	'Buriticá',	'S',	'admin',	'2012-05-11 09:11:40',	'admin',	'2012-05-11 09:11:40'),
('05120',	'05',	'Cáceres',	'S',	'admin',	'2012-05-11 09:11:40',	'admin',	'2012-05-11 09:11:40'),
('05125',	'05',	'Caicedo',	'S',	'admin',	'2012-05-11 09:11:40',	'admin',	'2012-05-11 09:11:40'),
('05129',	'05',	'Caldas',	'S',	'admin',	'2012-05-11 09:11:40',	'admin',	'2012-05-11 09:11:40'),
('05134',	'05',	'Campamento',	'S',	'admin',	'2012-05-11 09:11:40',	'admin',	'2012-05-11 09:11:40'),
('05138',	'05',	'Cañasgordas',	'S',	'admin',	'2012-05-11 09:11:40',	'admin',	'2012-05-11 09:11:40'),
('05142',	'05',	'Caracolí',	'S',	'admin',	'2012-05-11 09:11:40',	'admin',	'2012-05-11 09:11:40'),
('05145',	'05',	'Caramanta',	'S',	'admin',	'2012-05-11 09:11:40',	'admin',	'2012-05-11 09:11:40'),
('05147',	'05',	'Carepa',	'S',	'admin',	'2012-05-11 09:11:40',	'admin',	'2012-05-11 09:11:40'),
('05148',	'05',	'El Carmen De Viboral',	'S',	'admin',	'2012-05-11 09:11:40',	'admin',	'2012-05-11 09:11:40'),
('05150',	'05',	'Carolina',	'S',	'admin',	'2012-05-11 09:11:40',	'admin',	'2012-05-11 09:11:40'),
('05154',	'05',	'Caucasia',	'S',	'admin',	'2012-05-11 09:11:40',	'admin',	'2012-05-11 09:11:40'),
('05172',	'05',	'Chigorodó',	'S',	'admin',	'2012-05-11 09:11:40',	'admin',	'2012-05-11 09:11:40'),
('05190',	'05',	'Cisneros',	'S',	'admin',	'2012-05-11 09:11:40',	'admin',	'2012-05-11 09:11:40'),
('05197',	'05',	'Cocorná',	'S',	'admin',	'2012-05-11 09:11:40',	'admin',	'2012-05-11 09:11:40'),
('05206',	'05',	'Concepción',	'S',	'admin',	'2012-05-11 09:11:40',	'admin',	'2012-05-11 09:11:40'),
('05209',	'05',	'Concordia',	'S',	'admin',	'2012-05-11 09:11:40',	'admin',	'2012-05-11 09:11:40'),
('05212',	'05',	'Copacabana',	'S',	'admin',	'2012-05-11 09:11:40',	'admin',	'2012-05-11 09:11:40'),
('05234',	'05',	'Dabeiba',	'S',	'admin',	'2012-05-11 09:11:40',	'admin',	'2012-05-11 09:11:40'),
('05237',	'05',	'Don Matías',	'S',	'admin',	'2012-05-11 09:11:40',	'admin',	'2012-05-11 09:11:40'),
('05240',	'05',	'Ebéjico',	'S',	'admin',	'2012-05-11 09:11:40',	'admin',	'2012-05-11 09:11:40'),
('05250',	'05',	'El Bagre',	'S',	'admin',	'2012-05-11 09:11:40',	'admin',	'2012-05-11 09:11:40'),
('05264',	'05',	'Entrerrios',	'S',	'admin',	'2012-05-11 09:11:40',	'admin',	'2012-05-11 09:11:40'),
('05266',	'05',	'Envigado',	'S',	'admin',	'2012-05-11 09:11:40',	'admin',	'2012-05-11 09:11:40'),
('05282',	'05',	'Fredonia',	'S',	'admin',	'2012-05-11 09:11:40',	'admin',	'2012-05-11 09:11:40'),
('05284',	'05',	'Frontino',	'S',	'admin',	'2012-05-11 09:11:40',	'admin',	'2012-05-11 09:11:40'),
('05306',	'05',	'Giraldo',	'S',	'admin',	'2012-05-11 09:11:40',	'admin',	'2012-05-11 09:11:40'),
('05308',	'05',	'Girardota',	'S',	'admin',	'2012-05-11 09:11:40',	'admin',	'2012-05-11 09:11:40'),
('05310',	'05',	'Gómez Plata',	'S',	'admin',	'2012-05-11 09:11:40',	'admin',	'2012-05-11 09:11:40'),
('05313',	'05',	'Granada',	'S',	'admin',	'2012-05-11 09:11:40',	'admin',	'2012-05-11 09:11:40'),
('05315',	'05',	'Guadalupe',	'S',	'admin',	'2012-05-11 09:11:40',	'admin',	'2012-05-11 09:11:40'),
('05318',	'05',	'Guarne',	'S',	'admin',	'2012-05-11 09:11:40',	'admin',	'2012-05-11 09:11:40'),
('05321',	'05',	'Guatape',	'S',	'admin',	'2012-05-11 09:11:40',	'admin',	'2012-05-11 09:11:40'),
('05347',	'05',	'Heliconia',	'S',	'admin',	'2012-05-11 09:11:40',	'admin',	'2012-05-11 09:11:40'),
('05353',	'05',	'Hispania',	'S',	'admin',	'2012-05-11 09:11:40',	'admin',	'2012-05-11 09:11:40'),
('05360',	'05',	'Itagui',	'S',	'admin',	'2012-05-11 09:11:40',	'admin',	'2012-05-11 09:11:40'),
('05361',	'05',	'Ituango',	'S',	'admin',	'2012-05-11 09:11:40',	'admin',	'2012-05-11 09:11:40'),
('05364',	'05',	'Jardín',	'S',	'admin',	'2012-05-11 09:11:40',	'admin',	'2012-05-11 09:11:40'),
('05368',	'05',	'Jericó',	'S',	'admin',	'2012-05-11 09:11:40',	'admin',	'2012-05-11 09:11:40'),
('05376',	'05',	'La Ceja',	'S',	'admin',	'2012-05-11 09:11:40',	'admin',	'2012-05-11 09:11:40'),
('05380',	'05',	'La Estrella',	'S',	'admin',	'2012-05-11 09:11:40',	'admin',	'2012-05-11 09:11:40'),
('05390',	'05',	'La Pintada',	'S',	'admin',	'2012-05-11 09:11:40',	'admin',	'2012-05-11 09:11:40'),
('05400',	'05',	'La Unión',	'S',	'admin',	'2012-05-11 09:11:40',	'admin',	'2012-05-11 09:11:40'),
('05411',	'05',	'Liborina',	'S',	'admin',	'2012-05-11 09:11:40',	'admin',	'2012-05-11 09:11:40'),
('05425',	'05',	'Maceo',	'S',	'admin',	'2012-05-11 09:11:40',	'admin',	'2012-05-11 09:11:40'),
('05440',	'05',	'Marinilla',	'S',	'admin',	'2012-05-11 09:11:40',	'admin',	'2012-05-11 09:11:40'),
('05467',	'05',	'Montebello',	'S',	'admin',	'2012-05-11 09:11:40',	'admin',	'2012-05-11 09:11:40'),
('05475',	'05',	'Murindó',	'S',	'admin',	'2012-05-11 09:11:40',	'admin',	'2012-05-11 09:11:40'),
('05480',	'05',	'Mutatá',	'S',	'admin',	'2012-05-11 09:11:40',	'admin',	'2012-05-11 09:11:40'),
('05483',	'05',	'Nariño',	'S',	'admin',	'2012-05-11 09:11:40',	'admin',	'2012-05-11 09:11:40'),
('05490',	'05',	'Necoclí',	'S',	'admin',	'2012-05-11 09:11:40',	'admin',	'2012-05-11 09:11:40'),
('05495',	'05',	'Nechí',	'S',	'admin',	'2012-05-11 09:11:40',	'admin',	'2012-05-11 09:11:40'),
('05501',	'05',	'Olaya',	'S',	'admin',	'2012-05-11 09:11:40',	'admin',	'2012-05-11 09:11:40'),
('05541',	'05',	'Peñol',	'S',	'admin',	'2012-05-11 09:11:40',	'admin',	'2012-05-11 09:11:40'),
('05543',	'05',	'Peque',	'S',	'admin',	'2012-05-11 09:11:40',	'admin',	'2012-05-11 09:11:40'),
('05576',	'05',	'Pueblorrico',	'S',	'admin',	'2012-05-11 09:11:40',	'admin',	'2012-05-11 09:11:40'),
('05579',	'05',	'Puerto Berrío',	'S',	'admin',	'2012-05-11 09:11:40',	'admin',	'2012-05-11 09:11:40'),
('05585',	'05',	'Puerto Nare',	'S',	'admin',	'2012-05-11 09:11:40',	'admin',	'2012-05-11 09:11:40'),
('05591',	'05',	'Puerto Triunfo',	'S',	'admin',	'2012-05-11 09:11:40',	'admin',	'2012-05-11 09:11:40'),
('05604',	'05',	'Remedios',	'S',	'admin',	'2012-05-11 09:11:40',	'admin',	'2012-05-11 09:11:40'),
('05607',	'05',	'Retiro',	'S',	'admin',	'2012-05-11 09:11:40',	'admin',	'2012-05-11 09:11:40'),
('05615',	'05',	'Rionegro',	'S',	'admin',	'2012-05-11 09:11:40',	'admin',	'2012-05-11 09:11:40'),
('05628',	'05',	'Sabanalarga',	'S',	'admin',	'2012-05-11 09:11:40',	'admin',	'2012-05-11 09:11:40'),
('05631',	'05',	'Sabaneta',	'S',	'admin',	'2012-05-11 09:11:40',	'admin',	'2012-05-11 09:11:40'),
('05642',	'05',	'Salgar',	'S',	'admin',	'2012-05-11 09:11:40',	'admin',	'2012-05-11 09:11:40'),
('05647',	'05',	'San Andrés',	'S',	'admin',	'2012-05-11 09:11:40',	'admin',	'2012-05-11 09:11:40'),
('05649',	'05',	'San Carlos',	'S',	'admin',	'2012-05-11 09:11:40',	'admin',	'2012-05-11 09:11:40'),
('05652',	'05',	'San Francisco',	'S',	'admin',	'2012-05-11 09:11:40',	'admin',	'2012-05-11 09:11:40'),
('05656',	'05',	'San Jerónimo',	'S',	'admin',	'2012-05-11 09:11:40',	'admin',	'2012-05-11 09:11:40'),
('05658',	'05',	'San José De La Montaña',	'S',	'admin',	'2012-05-11 09:11:40',	'admin',	'2012-05-11 09:11:40'),
('05659',	'05',	'San Juan De Urabá',	'S',	'admin',	'2012-05-11 09:11:40',	'admin',	'2012-05-11 09:11:40'),
('05660',	'05',	'San Luis',	'S',	'admin',	'2012-05-11 09:11:40',	'admin',	'2012-05-11 09:11:40'),
('05664',	'05',	'San Pedro',	'S',	'admin',	'2012-05-11 09:11:40',	'admin',	'2012-05-11 09:11:40'),
('05665',	'05',	'San Pedro De Uraba',	'S',	'admin',	'2012-05-11 09:11:40',	'admin',	'2012-05-11 09:11:40'),
('05667',	'05',	'San Rafael',	'S',	'admin',	'2012-05-11 09:11:40',	'admin',	'2012-05-11 09:11:40'),
('05670',	'05',	'San Roque',	'S',	'admin',	'2012-05-11 09:11:40',	'admin',	'2012-05-11 09:11:40'),
('05674',	'05',	'San Vicente',	'S',	'admin',	'2012-05-11 09:11:40',	'admin',	'2012-05-11 09:11:40'),
('05679',	'05',	'Santa Bárbara',	'S',	'admin',	'2012-05-11 09:11:40',	'admin',	'2012-05-11 09:11:40'),
('05686',	'05',	'Santa Rosa De Osos',	'S',	'admin',	'2012-05-11 09:11:40',	'admin',	'2012-05-11 09:11:40'),
('05690',	'05',	'Santo Domingo',	'S',	'admin',	'2012-05-11 09:11:40',	'admin',	'2012-05-11 09:11:40'),
('05697',	'05',	'El Santuario',	'S',	'admin',	'2012-05-11 09:11:40',	'admin',	'2012-05-11 09:11:40'),
('05736',	'05',	'Segovia',	'S',	'admin',	'2012-05-11 09:11:40',	'admin',	'2012-05-11 09:11:40'),
('05756',	'05',	'Sonson',	'S',	'admin',	'2012-05-11 09:11:40',	'admin',	'2012-05-11 09:11:40'),
('05761',	'05',	'Sopetrán',	'S',	'admin',	'2012-05-11 09:11:40',	'admin',	'2012-05-11 09:11:40'),
('05789',	'05',	'Támesis',	'S',	'admin',	'2012-05-11 09:11:40',	'admin',	'2012-05-11 09:11:40'),
('05790',	'05',	'Tarazá',	'S',	'admin',	'2012-05-11 09:11:40',	'admin',	'2012-05-11 09:11:40'),
('05792',	'05',	'Tarso',	'S',	'admin',	'2012-05-11 09:11:40',	'admin',	'2012-05-11 09:11:40'),
('05809',	'05',	'Titiribí',	'S',	'admin',	'2012-05-11 09:11:40',	'admin',	'2012-05-11 09:11:40'),
('05819',	'05',	'Toledo',	'S',	'admin',	'2012-05-11 09:11:40',	'admin',	'2012-05-11 09:11:40'),
('05837',	'05',	'Turbo',	'S',	'admin',	'2012-05-11 09:11:40',	'admin',	'2012-05-11 09:11:40'),
('05842',	'05',	'Uramita',	'S',	'admin',	'2012-05-11 09:11:40',	'admin',	'2012-05-11 09:11:40'),
('05847',	'05',	'Urrao',	'S',	'admin',	'2012-05-11 09:11:40',	'admin',	'2012-05-11 09:11:40'),
('05854',	'05',	'Valdivia',	'S',	'admin',	'2012-05-11 09:11:40',	'admin',	'2012-05-11 09:11:40'),
('05856',	'05',	'Valparaíso',	'S',	'admin',	'2012-05-11 09:11:40',	'admin',	'2012-05-11 09:11:40'),
('05858',	'05',	'Vegachí',	'S',	'admin',	'2012-05-11 09:11:40',	'admin',	'2012-05-11 09:11:40'),
('05861',	'05',	'Venecia',	'S',	'admin',	'2012-05-11 09:11:40',	'admin',	'2012-05-11 09:11:40'),
('05873',	'05',	'Vigía Del Fuerte',	'S',	'admin',	'2012-05-11 09:11:40',	'admin',	'2012-05-11 09:11:40'),
('05885',	'05',	'Yalí',	'S',	'admin',	'2012-05-11 09:11:40',	'admin',	'2012-05-11 09:11:40'),
('05887',	'05',	'Yarumal',	'S',	'admin',	'2012-05-11 09:11:40',	'admin',	'2012-05-11 09:11:40'),
('05890',	'05',	'Yolombó',	'S',	'admin',	'2012-05-11 09:11:40',	'admin',	'2012-05-11 09:11:40'),
('05893',	'05',	'Yondó',	'S',	'admin',	'2012-05-11 09:11:40',	'admin',	'2012-05-11 09:11:40'),
('05895',	'05',	'Zaragoza',	'S',	'admin',	'2012-05-11 09:11:40',	'admin',	'2012-05-11 09:11:40'),
('08001',	'08',	'Barranquilla',	'S',	'admin',	'2012-05-11 09:11:40',	'admin',	'2012-05-11 09:11:40'),
('08078',	'08',	'Baranoa',	'S',	'admin',	'2012-05-11 09:11:40',	'admin',	'2012-05-11 09:11:40'),
('08137',	'08',	'Campo De La Cruz',	'S',	'admin',	'2012-05-11 09:11:40',	'admin',	'2012-05-11 09:11:40'),
('08141',	'08',	'Candelaria',	'S',	'admin',	'2012-05-11 09:11:40',	'admin',	'2012-05-11 09:11:40'),
('08296',	'08',	'Galapa',	'S',	'admin',	'2012-05-11 09:11:40',	'admin',	'2012-05-11 09:11:40'),
('08372',	'08',	'Juan De Acosta',	'S',	'admin',	'2012-05-11 09:11:40',	'admin',	'2012-05-11 09:11:40'),
('08421',	'08',	'Luruaco',	'S',	'admin',	'2012-05-11 09:11:40',	'admin',	'2012-05-11 09:11:40'),
('08433',	'08',	'Malambo',	'S',	'admin',	'2012-05-11 09:11:40',	'admin',	'2012-05-11 09:11:40'),
('08436',	'08',	'Manatí',	'S',	'admin',	'2012-05-11 09:11:40',	'admin',	'2012-05-11 09:11:40'),
('08520',	'08',	'Palmar De Varela',	'S',	'admin',	'2012-05-11 09:11:40',	'admin',	'2012-05-11 09:11:40'),
('08549',	'08',	'Piojó',	'S',	'admin',	'2012-05-11 09:11:40',	'admin',	'2012-05-11 09:11:40'),
('08558',	'08',	'Polonuevo',	'S',	'admin',	'2012-05-11 09:11:40',	'admin',	'2012-05-11 09:11:40'),
('08560',	'08',	'Ponedera',	'S',	'admin',	'2012-05-11 09:11:40',	'admin',	'2012-05-11 09:11:40'),
('08573',	'08',	'Puerto Colombia',	'S',	'admin',	'2012-05-11 09:11:40',	'admin',	'2012-05-11 09:11:40'),
('08606',	'08',	'Repelón',	'S',	'admin',	'2012-05-11 09:11:40',	'admin',	'2012-05-11 09:11:40'),
('08634',	'08',	'Sabanagrande',	'S',	'admin',	'2012-05-11 09:11:40',	'admin',	'2012-05-11 09:11:40'),
('08638',	'08',	'Sabanalarga',	'S',	'admin',	'2012-05-11 09:11:40',	'admin',	'2012-05-11 09:11:40'),
('08675',	'08',	'Santa Lucía',	'S',	'admin',	'2012-05-11 09:11:40',	'admin',	'2012-05-11 09:11:40'),
('08685',	'08',	'Santo Tomás',	'S',	'admin',	'2012-05-11 09:11:40',	'admin',	'2012-05-11 09:11:40'),
('08758',	'08',	'Soledad',	'S',	'admin',	'2012-05-11 09:11:40',	'admin',	'2012-05-11 09:11:40'),
('08770',	'08',	'Suan',	'S',	'admin',	'2012-05-11 09:11:40',	'admin',	'2012-05-11 09:11:40'),
('08832',	'08',	'Tubará',	'S',	'admin',	'2012-05-11 09:11:40',	'admin',	'2012-05-11 09:11:40'),
('08849',	'08',	'Usiacurí',	'S',	'admin',	'2012-05-11 09:11:40',	'admin',	'2012-05-11 09:11:40'),
('11001',	'11',	'Bogotá',	'S',	'admin',	'2012-05-11 09:11:40',	'admin',	'2012-05-11 09:11:40'),
('13001',	'13',	'Cartagena',	'S',	'admin',	'2012-05-11 09:11:40',	'admin',	'2012-05-11 09:11:40'),
('13006',	'13',	'Achí',	'S',	'admin',	'2012-05-11 09:11:40',	'admin',	'2012-05-11 09:11:40'),
('13030',	'13',	'Altos Del Rosario',	'S',	'admin',	'2012-05-11 09:11:40',	'admin',	'2012-05-11 09:11:40'),
('13042',	'13',	'Arenal',	'S',	'admin',	'2012-05-11 09:11:40',	'admin',	'2012-05-11 09:11:40'),
('13052',	'13',	'Arjona',	'S',	'admin',	'2012-05-11 09:11:40',	'admin',	'2012-05-11 09:11:40'),
('13062',	'13',	'Arroyohondo',	'S',	'admin',	'2012-05-11 09:11:40',	'admin',	'2012-05-11 09:11:40'),
('13074',	'13',	'Barranco De Loba',	'S',	'admin',	'2012-05-11 09:11:40',	'admin',	'2012-05-11 09:11:40'),
('13140',	'13',	'Calamar',	'S',	'admin',	'2012-05-11 09:11:40',	'admin',	'2012-05-11 09:11:40'),
('13160',	'13',	'Cantagallo',	'S',	'admin',	'2012-05-11 09:11:40',	'admin',	'2012-05-11 09:11:40'),
('13188',	'13',	'Cicuco',	'S',	'admin',	'2012-05-11 09:11:40',	'admin',	'2012-05-11 09:11:40'),
('13212',	'13',	'Córdoba',	'S',	'admin',	'2012-05-11 09:11:40',	'admin',	'2012-05-11 09:11:40'),
('13222',	'13',	'Clemencia',	'S',	'admin',	'2012-05-11 09:11:40',	'admin',	'2012-05-11 09:11:40'),
('13244',	'13',	'El Carmen De Bolívar',	'S',	'admin',	'2012-05-11 09:11:40',	'admin',	'2012-05-11 09:11:40'),
('13248',	'13',	'El Guamo',	'S',	'admin',	'2012-05-11 09:11:40',	'admin',	'2012-05-11 09:11:40'),
('13268',	'13',	'El Peñón',	'S',	'admin',	'2012-05-11 09:11:40',	'admin',	'2012-05-11 09:11:40'),
('13300',	'13',	'Hatillo De Loba',	'S',	'admin',	'2012-05-11 09:11:40',	'admin',	'2012-05-11 09:11:40'),
('13430',	'13',	'Magangué',	'S',	'admin',	'2012-05-11 09:11:40',	'admin',	'2012-05-11 09:11:40'),
('13433',	'13',	'Mahates',	'S',	'admin',	'2012-05-11 09:11:40',	'admin',	'2012-05-11 09:11:40'),
('13440',	'13',	'Margarita',	'S',	'admin',	'2012-05-11 09:11:40',	'admin',	'2012-05-11 09:11:40'),
('13442',	'13',	'María La Baja',	'S',	'admin',	'2012-05-11 09:11:40',	'admin',	'2012-05-11 09:11:40'),
('13458',	'13',	'Montecristo',	'S',	'admin',	'2012-05-11 09:11:40',	'admin',	'2012-05-11 09:11:40'),
('13468',	'13',	'Mompós',	'S',	'admin',	'2012-05-11 09:11:40',	'admin',	'2012-05-11 09:11:40'),
('13473',	'13',	'Morales',	'S',	'admin',	'2012-05-11 09:11:40',	'admin',	'2012-05-11 09:11:40'),
('13549',	'13',	'Pinillos',	'S',	'admin',	'2012-05-11 09:11:40',	'admin',	'2012-05-11 09:11:40'),
('13580',	'13',	'Regidor',	'S',	'admin',	'2012-05-11 09:11:40',	'admin',	'2012-05-11 09:11:40'),
('13600',	'13',	'Río Viejo',	'S',	'admin',	'2012-05-11 09:11:40',	'admin',	'2012-05-11 09:11:40'),
('13620',	'13',	'San Cristóbal',	'S',	'admin',	'2012-05-11 09:11:40',	'admin',	'2012-05-11 09:11:40'),
('13647',	'13',	'San Estanislao',	'S',	'admin',	'2012-05-11 09:11:40',	'admin',	'2012-05-11 09:11:40'),
('13650',	'13',	'San Fernando',	'S',	'admin',	'2012-05-11 09:11:40',	'admin',	'2012-05-11 09:11:40'),
('13654',	'13',	'San Jacinto',	'S',	'admin',	'2012-05-11 09:11:40',	'admin',	'2012-05-11 09:11:40'),
('13655',	'13',	'San Jacinto Del Cauca',	'S',	'admin',	'2012-05-11 09:11:40',	'admin',	'2012-05-11 09:11:40'),
('13657',	'13',	'San Juan Nepomuceno',	'S',	'admin',	'2012-05-11 09:11:40',	'admin',	'2012-05-11 09:11:40'),
('13667',	'13',	'San Martín De Loba',	'S',	'admin',	'2012-05-11 09:11:40',	'admin',	'2012-05-11 09:11:40'),
('13670',	'13',	'San Pablo',	'S',	'admin',	'2012-05-11 09:11:40',	'admin',	'2012-05-11 09:11:40'),
('13673',	'13',	'Santa Catalina',	'S',	'admin',	'2012-05-11 09:11:40',	'admin',	'2012-05-11 09:11:40'),
('13683',	'13',	'Santa Rosa',	'S',	'admin',	'2012-05-11 09:11:40',	'admin',	'2012-05-11 09:11:40'),
('13688',	'13',	'Santa Rosa Del Sur',	'S',	'admin',	'2012-05-11 09:11:40',	'admin',	'2012-05-11 09:11:40'),
('13744',	'13',	'Simití',	'S',	'admin',	'2012-05-11 09:11:40',	'admin',	'2012-05-11 09:11:40'),
('13760',	'13',	'Soplaviento',	'S',	'admin',	'2012-05-11 09:11:40',	'admin',	'2012-05-11 09:11:40'),
('13780',	'13',	'Talaigua Nuevo',	'S',	'admin',	'2012-05-11 09:11:40',	'admin',	'2012-05-11 09:11:40'),
('13810',	'13',	'Tiquisio',	'S',	'admin',	'2012-05-11 09:11:40',	'admin',	'2012-05-11 09:11:40'),
('13836',	'13',	'Turbaco',	'S',	'admin',	'2012-05-11 09:11:40',	'admin',	'2012-05-11 09:11:40'),
('13838',	'13',	'Turbaná',	'S',	'admin',	'2012-05-11 09:11:40',	'admin',	'2012-05-11 09:11:40'),
('13873',	'13',	'Villanueva',	'S',	'admin',	'2012-05-11 09:11:40',	'admin',	'2012-05-11 09:11:40'),
('13894',	'13',	'Zambrano',	'S',	'admin',	'2012-05-11 09:11:40',	'admin',	'2012-05-11 09:11:40'),
('15001',	'15',	'Tunja',	'S',	'admin',	'2012-05-11 09:11:40',	'admin',	'2012-05-11 09:11:40'),
('15022',	'15',	'Almeida',	'S',	'admin',	'2012-05-11 09:11:40',	'admin',	'2012-05-11 09:11:40'),
('15047',	'15',	'Aquitania',	'S',	'admin',	'2012-05-11 09:11:40',	'admin',	'2012-05-11 09:11:40'),
('15051',	'15',	'Arcabuco',	'S',	'admin',	'2012-05-11 09:11:40',	'admin',	'2012-05-11 09:11:40'),
('15087',	'15',	'Belén',	'S',	'admin',	'2012-05-11 09:11:40',	'admin',	'2012-05-11 09:11:40'),
('15090',	'15',	'Berbeo',	'S',	'admin',	'2012-05-11 09:11:40',	'admin',	'2012-05-11 09:11:40'),
('15092',	'15',	'Betéitiva',	'S',	'admin',	'2012-05-11 09:11:40',	'admin',	'2012-05-11 09:11:40'),
('15097',	'15',	'Boavita',	'S',	'admin',	'2012-05-11 09:11:40',	'admin',	'2012-05-11 09:11:40'),
('15104',	'15',	'Boyacá',	'S',	'admin',	'2012-05-11 09:11:40',	'admin',	'2012-05-11 09:11:40'),
('15106',	'15',	'Briceño',	'S',	'admin',	'2012-05-11 09:11:40',	'admin',	'2012-05-11 09:11:40'),
('15109',	'15',	'Buenavista',	'S',	'admin',	'2012-05-11 09:11:40',	'admin',	'2012-05-11 09:11:40'),
('15114',	'15',	'Busbanzá',	'S',	'admin',	'2012-05-11 09:11:40',	'admin',	'2012-05-11 09:11:40'),
('15131',	'15',	'Caldas',	'S',	'admin',	'2012-05-11 09:11:40',	'admin',	'2012-05-11 09:11:40'),
('15135',	'15',	'Campohermoso',	'S',	'admin',	'2012-05-11 09:11:40',	'admin',	'2012-05-11 09:11:40'),
('15162',	'15',	'Cerinza',	'S',	'admin',	'2012-05-11 09:11:40',	'admin',	'2012-05-11 09:11:40'),
('15172',	'15',	'Chinavita',	'S',	'admin',	'2012-05-11 09:11:40',	'admin',	'2012-05-11 09:11:40'),
('15176',	'15',	'Chiquinquirá',	'S',	'admin',	'2012-05-11 09:11:40',	'admin',	'2012-05-11 09:11:40'),
('15180',	'15',	'Chiscas',	'S',	'admin',	'2012-05-11 09:11:40',	'admin',	'2012-05-11 09:11:40'),
('15183',	'15',	'Chita',	'S',	'admin',	'2012-05-11 09:11:40',	'admin',	'2012-05-11 09:11:40'),
('15185',	'15',	'Chitaraque',	'S',	'admin',	'2012-05-11 09:11:40',	'admin',	'2012-05-11 09:11:40'),
('15187',	'15',	'Chivatá',	'S',	'admin',	'2012-05-11 09:11:40',	'admin',	'2012-05-11 09:11:40'),
('15189',	'15',	'Ciénega',	'S',	'admin',	'2012-05-11 09:11:40',	'admin',	'2012-05-11 09:11:40'),
('15204',	'15',	'Cómbita',	'S',	'admin',	'2012-05-11 09:11:40',	'admin',	'2012-05-11 09:11:40'),
('15212',	'15',	'Coper',	'S',	'admin',	'2012-05-11 09:11:40',	'admin',	'2012-05-11 09:11:40'),
('15215',	'15',	'Corrales',	'S',	'admin',	'2012-05-11 09:11:40',	'admin',	'2012-05-11 09:11:40'),
('15218',	'15',	'Covarachía',	'S',	'admin',	'2012-05-11 09:11:40',	'admin',	'2012-05-11 09:11:40'),
('15223',	'15',	'Cubará',	'S',	'admin',	'2012-05-11 09:11:40',	'admin',	'2012-05-11 09:11:40'),
('15224',	'15',	'Cucaita',	'S',	'admin',	'2012-05-11 09:11:40',	'admin',	'2012-05-11 09:11:40'),
('15226',	'15',	'Cuítiva',	'S',	'admin',	'2012-05-11 09:11:40',	'admin',	'2012-05-11 09:11:40'),
('15232',	'15',	'Chíquiza',	'S',	'admin',	'2012-05-11 09:11:40',	'admin',	'2012-05-11 09:11:40'),
('15236',	'15',	'Chivor',	'S',	'admin',	'2012-05-11 09:11:40',	'admin',	'2012-05-11 09:11:40'),
('15238',	'15',	'Duitama',	'S',	'admin',	'2012-05-11 09:11:40',	'admin',	'2012-05-11 09:11:40'),
('15244',	'15',	'El Cocuy',	'S',	'admin',	'2012-05-11 09:11:40',	'admin',	'2012-05-11 09:11:40'),
('15248',	'15',	'El Espino',	'S',	'admin',	'2012-05-11 09:11:40',	'admin',	'2012-05-11 09:11:40'),
('15272',	'15',	'Firavitoba',	'S',	'admin',	'2012-05-11 09:11:40',	'admin',	'2012-05-11 09:11:40'),
('15276',	'15',	'Floresta',	'S',	'admin',	'2012-05-11 09:11:40',	'admin',	'2012-05-11 09:11:40'),
('15293',	'15',	'Gachantivá',	'S',	'admin',	'2012-05-11 09:11:40',	'admin',	'2012-05-11 09:11:40'),
('15296',	'15',	'Gameza',	'S',	'admin',	'2012-05-11 09:11:40',	'admin',	'2012-05-11 09:11:40'),
('15299',	'15',	'Garagoa',	'S',	'admin',	'2012-05-11 09:11:40',	'admin',	'2012-05-11 09:11:40'),
('15317',	'15',	'Guacamayas',	'S',	'admin',	'2012-05-11 09:11:40',	'admin',	'2012-05-11 09:11:40'),
('15322',	'15',	'Guateque',	'S',	'admin',	'2012-05-11 09:11:40',	'admin',	'2012-05-11 09:11:40'),
('15325',	'15',	'Guayatá',	'S',	'admin',	'2012-05-11 09:11:40',	'admin',	'2012-05-11 09:11:40'),
('15332',	'15',	'Güicán',	'S',	'admin',	'2012-05-11 09:11:40',	'admin',	'2012-05-11 09:11:40'),
('15362',	'15',	'Iza',	'S',	'admin',	'2012-05-11 09:11:40',	'admin',	'2012-05-11 09:11:40'),
('15367',	'15',	'Jenesano',	'S',	'admin',	'2012-05-11 09:11:40',	'admin',	'2012-05-11 09:11:40'),
('15368',	'15',	'Jericó',	'S',	'admin',	'2012-05-11 09:11:40',	'admin',	'2012-05-11 09:11:40'),
('15377',	'15',	'Labranzagrande',	'S',	'admin',	'2012-05-11 09:11:40',	'admin',	'2012-05-11 09:11:40'),
('15380',	'15',	'La Capilla',	'S',	'admin',	'2012-05-11 09:11:40',	'admin',	'2012-05-11 09:11:40'),
('15401',	'15',	'La Victoria',	'S',	'admin',	'2012-05-11 09:11:40',	'admin',	'2012-05-11 09:11:40'),
('15403',	'15',	'La Uvita',	'S',	'admin',	'2012-05-11 09:11:40',	'admin',	'2012-05-11 09:11:40'),
('15407',	'15',	'Villa De Leyva',	'S',	'admin',	'2012-05-11 09:11:40',	'admin',	'2012-05-11 09:11:40'),
('15425',	'15',	'Macanal',	'S',	'admin',	'2012-05-11 09:11:40',	'admin',	'2012-05-11 09:11:40'),
('15442',	'15',	'Maripí',	'S',	'admin',	'2012-05-11 09:11:40',	'admin',	'2012-05-11 09:11:40'),
('15455',	'15',	'Miraflores',	'S',	'admin',	'2012-05-11 09:11:40',	'admin',	'2012-05-11 09:11:40'),
('15464',	'15',	'Mongua',	'S',	'admin',	'2012-05-11 09:11:40',	'admin',	'2012-05-11 09:11:40'),
('15466',	'15',	'Monguí',	'S',	'admin',	'2012-05-11 09:11:40',	'admin',	'2012-05-11 09:11:40'),
('15469',	'15',	'Moniquirá',	'S',	'admin',	'2012-05-11 09:11:40',	'admin',	'2012-05-11 09:11:40'),
('15476',	'15',	'Motavita',	'S',	'admin',	'2012-05-11 09:11:40',	'admin',	'2012-05-11 09:11:40'),
('15480',	'15',	'Muzo',	'S',	'admin',	'2012-05-11 09:11:40',	'admin',	'2012-05-11 09:11:40'),
('15491',	'15',	'Nobsa',	'S',	'admin',	'2012-05-11 09:11:40',	'admin',	'2012-05-11 09:11:40'),
('15494',	'15',	'Nuevo Colón',	'S',	'admin',	'2012-05-11 09:11:40',	'admin',	'2012-05-11 09:11:40'),
('15500',	'15',	'Oicatá',	'S',	'admin',	'2012-05-11 09:11:40',	'admin',	'2012-05-11 09:11:40'),
('15507',	'15',	'Otanche',	'S',	'admin',	'2012-05-11 09:11:40',	'admin',	'2012-05-11 09:11:40'),
('15511',	'15',	'Pachavita',	'S',	'admin',	'2012-05-11 09:11:40',	'admin',	'2012-05-11 09:11:40'),
('15514',	'15',	'Páez',	'S',	'admin',	'2012-05-11 09:11:40',	'admin',	'2012-05-11 09:11:40'),
('15516',	'15',	'Paipa',	'S',	'admin',	'2012-05-11 09:11:40',	'admin',	'2012-05-11 09:11:40'),
('15518',	'15',	'Pajarito',	'S',	'admin',	'2012-05-11 09:11:40',	'admin',	'2012-05-11 09:11:40'),
('15522',	'15',	'Panqueba',	'S',	'admin',	'2012-05-11 09:11:40',	'admin',	'2012-05-11 09:11:40'),
('15531',	'15',	'Pauna',	'S',	'admin',	'2012-05-11 09:11:40',	'admin',	'2012-05-11 09:11:40'),
('15533',	'15',	'Paya',	'S',	'admin',	'2012-05-11 09:11:40',	'admin',	'2012-05-11 09:11:40'),
('15537',	'15',	'Paz De Río',	'S',	'admin',	'2012-05-11 09:11:40',	'admin',	'2012-05-11 09:11:40'),
('15542',	'15',	'Pesca',	'S',	'admin',	'2012-05-11 09:11:40',	'admin',	'2012-05-11 09:11:40'),
('15550',	'15',	'Pisba',	'S',	'admin',	'2012-05-11 09:11:40',	'admin',	'2012-05-11 09:11:40'),
('15572',	'15',	'Puerto Boyacá',	'S',	'admin',	'2012-05-11 09:11:40',	'admin',	'2012-05-11 09:11:40'),
('15580',	'15',	'Quípama',	'S',	'admin',	'2012-05-11 09:11:40',	'admin',	'2012-05-11 09:11:40'),
('15599',	'15',	'Ramiriquí',	'S',	'admin',	'2012-05-11 09:11:40',	'admin',	'2012-05-11 09:11:40'),
('15600',	'15',	'Ráquira',	'S',	'admin',	'2012-05-11 09:11:40',	'admin',	'2012-05-11 09:11:40'),
('15621',	'15',	'Rondón',	'S',	'admin',	'2012-05-11 09:11:40',	'admin',	'2012-05-11 09:11:40'),
('15632',	'15',	'Saboyá',	'S',	'admin',	'2012-05-11 09:11:40',	'admin',	'2012-05-11 09:11:40'),
('15638',	'15',	'Sáchica',	'S',	'admin',	'2012-05-11 09:11:40',	'admin',	'2012-05-11 09:11:40'),
('15646',	'15',	'Samacá',	'S',	'admin',	'2012-05-11 09:11:40',	'admin',	'2012-05-11 09:11:40'),
('15660',	'15',	'San Eduardo',	'S',	'admin',	'2012-05-11 09:11:40',	'admin',	'2012-05-11 09:11:40'),
('15664',	'15',	'San José De Pare',	'S',	'admin',	'2012-05-11 09:11:40',	'admin',	'2012-05-11 09:11:40'),
('15667',	'15',	'San Luis De Gaceno',	'S',	'admin',	'2012-05-11 09:11:40',	'admin',	'2012-05-11 09:11:40'),
('15673',	'15',	'San Mateo',	'S',	'admin',	'2012-05-11 09:11:40',	'admin',	'2012-05-11 09:11:40'),
('15676',	'15',	'San Miguel De Sema',	'S',	'admin',	'2012-05-11 09:11:40',	'admin',	'2012-05-11 09:11:40'),
('15681',	'15',	'San Pablo De Borbur',	'S',	'admin',	'2012-05-11 09:11:40',	'admin',	'2012-05-11 09:11:40'),
('15686',	'15',	'Santana',	'S',	'admin',	'2012-05-11 09:11:40',	'admin',	'2012-05-11 09:11:40'),
('15690',	'15',	'Santa María',	'S',	'admin',	'2012-05-11 09:11:40',	'admin',	'2012-05-11 09:11:40'),
('15693',	'15',	'Santa Rosa De Viterbo',	'S',	'admin',	'2012-05-11 09:11:40',	'admin',	'2012-05-11 09:11:40'),
('15696',	'15',	'Santa Sofía',	'S',	'admin',	'2012-05-11 09:11:40',	'admin',	'2012-05-11 09:11:40'),
('15720',	'15',	'Sativanorte',	'S',	'admin',	'2012-05-11 09:11:40',	'admin',	'2012-05-11 09:11:40'),
('15723',	'15',	'Sativasur',	'S',	'admin',	'2012-05-11 09:11:40',	'admin',	'2012-05-11 09:11:40'),
('15740',	'15',	'Siachoque',	'S',	'admin',	'2012-05-11 09:11:40',	'admin',	'2012-05-11 09:11:40'),
('15753',	'15',	'Soatá',	'S',	'admin',	'2012-05-11 09:11:40',	'admin',	'2012-05-11 09:11:40'),
('15755',	'15',	'Socotá',	'S',	'admin',	'2012-05-11 09:11:40',	'admin',	'2012-05-11 09:11:40'),
('15757',	'15',	'Socha',	'S',	'admin',	'2012-05-11 09:11:40',	'admin',	'2012-05-11 09:11:40'),
('15759',	'15',	'Sogamoso',	'S',	'admin',	'2012-05-11 09:11:40',	'admin',	'2012-05-11 09:11:40'),
('15761',	'15',	'Somondoco',	'S',	'admin',	'2012-05-11 09:11:40',	'admin',	'2012-05-11 09:11:40'),
('15762',	'15',	'Sora',	'S',	'admin',	'2012-05-11 09:11:40',	'admin',	'2012-05-11 09:11:40'),
('15763',	'15',	'Sotaquirá',	'S',	'admin',	'2012-05-11 09:11:40',	'admin',	'2012-05-11 09:11:40'),
('15764',	'15',	'Soracá',	'S',	'admin',	'2012-05-11 09:11:40',	'admin',	'2012-05-11 09:11:40'),
('15774',	'15',	'Susacón',	'S',	'admin',	'2012-05-11 09:11:40',	'admin',	'2012-05-11 09:11:40'),
('15776',	'15',	'Sutamarchán',	'S',	'admin',	'2012-05-11 09:11:40',	'admin',	'2012-05-11 09:11:40'),
('15778',	'15',	'Sutatenza',	'S',	'admin',	'2012-05-11 09:11:40',	'admin',	'2012-05-11 09:11:40'),
('15790',	'15',	'Tasco',	'S',	'admin',	'2012-05-11 09:11:40',	'admin',	'2012-05-11 09:11:40'),
('15798',	'15',	'Tenza',	'S',	'admin',	'2012-05-11 09:11:40',	'admin',	'2012-05-11 09:11:40'),
('15804',	'15',	'Tibaná',	'S',	'admin',	'2012-05-11 09:11:40',	'admin',	'2012-05-11 09:11:40'),
('15806',	'15',	'Tibasosa',	'S',	'admin',	'2012-05-11 09:11:40',	'admin',	'2012-05-11 09:11:40'),
('15808',	'15',	'Tinjacá',	'S',	'admin',	'2012-05-11 09:11:40',	'admin',	'2012-05-11 09:11:40'),
('15810',	'15',	'Tipacoque',	'S',	'admin',	'2012-05-11 09:11:40',	'admin',	'2012-05-11 09:11:40'),
('15814',	'15',	'Toca',	'S',	'admin',	'2012-05-11 09:11:40',	'admin',	'2012-05-11 09:11:40'),
('15816',	'15',	'Togüí',	'S',	'admin',	'2012-05-11 09:11:40',	'admin',	'2012-05-11 09:11:40'),
('15820',	'15',	'Tópaga',	'S',	'admin',	'2012-05-11 09:11:40',	'admin',	'2012-05-11 09:11:40'),
('15822',	'15',	'Tota',	'S',	'admin',	'2012-05-11 09:11:40',	'admin',	'2012-05-11 09:11:40'),
('15832',	'15',	'Tununguá',	'S',	'admin',	'2012-05-11 09:11:40',	'admin',	'2012-05-11 09:11:40'),
('15835',	'15',	'Turmequé',	'S',	'admin',	'2012-05-11 09:11:40',	'admin',	'2012-05-11 09:11:40'),
('15837',	'15',	'Tuta',	'S',	'admin',	'2012-05-11 09:11:40',	'admin',	'2012-05-11 09:11:40'),
('15839',	'15',	'Tutazá',	'S',	'admin',	'2012-05-11 09:11:40',	'admin',	'2012-05-11 09:11:40'),
('15842',	'15',	'Umbita',	'S',	'admin',	'2012-05-11 09:11:40',	'admin',	'2012-05-11 09:11:40'),
('15861',	'15',	'Ventaquemada',	'S',	'admin',	'2012-05-11 09:11:40',	'admin',	'2012-05-11 09:11:40'),
('15879',	'15',	'Viracachá',	'S',	'admin',	'2012-05-11 09:11:40',	'admin',	'2012-05-11 09:11:40'),
('15897',	'15',	'Zetaquira',	'S',	'admin',	'2012-05-11 09:11:40',	'admin',	'2012-05-11 09:11:40'),
('17001',	'17',	'Manizales',	'S',	'admin',	'2012-05-11 09:11:40',	'admin',	'2012-05-11 09:11:40'),
('17013',	'17',	'Aguadas',	'S',	'admin',	'2012-05-11 09:11:40',	'admin',	'2012-05-11 09:11:40'),
('17042',	'17',	'Anserma',	'S',	'admin',	'2012-05-11 09:11:40',	'admin',	'2012-05-11 09:11:40'),
('17050',	'17',	'Aranzazu',	'S',	'admin',	'2012-05-11 09:11:40',	'admin',	'2012-05-11 09:11:40'),
('17088',	'17',	'Belalcázar',	'S',	'admin',	'2012-05-11 09:11:40',	'admin',	'2012-05-11 09:11:40'),
('17174',	'17',	'Chinchiná',	'S',	'admin',	'2012-05-11 09:11:40',	'admin',	'2012-05-11 09:11:40'),
('17272',	'17',	'Filadelfia',	'S',	'admin',	'2012-05-11 09:11:40',	'admin',	'2012-05-11 09:11:40'),
('17380',	'17',	'La Dorada',	'S',	'admin',	'2012-05-11 09:11:40',	'admin',	'2012-05-11 09:11:40'),
('17388',	'17',	'La Merced',	'S',	'admin',	'2012-05-11 09:11:40',	'admin',	'2012-05-11 09:11:40'),
('17433',	'17',	'Manzanares',	'S',	'admin',	'2012-05-11 09:11:40',	'admin',	'2012-05-11 09:11:40'),
('17442',	'17',	'Marmato',	'S',	'admin',	'2012-05-11 09:11:40',	'admin',	'2012-05-11 09:11:40'),
('17444',	'17',	'Marquetalia',	'S',	'admin',	'2012-05-11 09:11:40',	'admin',	'2012-05-11 09:11:40'),
('17446',	'17',	'Marulanda',	'S',	'admin',	'2012-05-11 09:11:40',	'admin',	'2012-05-11 09:11:40'),
('17486',	'17',	'Neira',	'S',	'admin',	'2012-05-11 09:11:40',	'admin',	'2012-05-11 09:11:40'),
('17495',	'17',	'Norcasia',	'S',	'admin',	'2012-05-11 09:11:40',	'admin',	'2012-05-11 09:11:40'),
('17513',	'17',	'Pácora',	'S',	'admin',	'2012-05-11 09:11:40',	'admin',	'2012-05-11 09:11:40'),
('17524',	'17',	'Palestina',	'S',	'admin',	'2012-05-11 09:11:40',	'admin',	'2012-05-11 09:11:40'),
('17541',	'17',	'Pensilvania',	'S',	'admin',	'2012-05-11 09:11:40',	'admin',	'2012-05-11 09:11:40'),
('17614',	'17',	'Riosucio',	'S',	'admin',	'2012-05-11 09:11:40',	'admin',	'2012-05-11 09:11:40'),
('17616',	'17',	'Risaralda',	'S',	'admin',	'2012-05-11 09:11:40',	'admin',	'2012-05-11 09:11:40'),
('17653',	'17',	'Salamina',	'S',	'admin',	'2012-05-11 09:11:40',	'admin',	'2012-05-11 09:11:40'),
('17662',	'17',	'Samaná',	'S',	'admin',	'2012-05-11 09:11:40',	'admin',	'2012-05-11 09:11:40'),
('17665',	'17',	'San José',	'S',	'admin',	'2012-05-11 09:11:40',	'admin',	'2012-05-11 09:11:40'),
('17777',	'17',	'Supía',	'S',	'admin',	'2012-05-11 09:11:40',	'admin',	'2012-05-11 09:11:40'),
('17867',	'17',	'Victoria',	'S',	'admin',	'2012-05-11 09:11:40',	'admin',	'2012-05-11 09:11:40'),
('17873',	'17',	'Villamaría',	'S',	'admin',	'2012-05-11 09:11:40',	'admin',	'2012-05-11 09:11:40'),
('17877',	'17',	'Viterbo',	'S',	'admin',	'2012-05-11 09:11:40',	'admin',	'2012-05-11 09:11:40'),
('18001',	'18',	'Florencia',	'S',	'admin',	'2012-05-11 09:11:40',	'admin',	'2012-05-11 09:11:40'),
('18029',	'18',	'Albania',	'S',	'admin',	'2012-05-11 09:11:40',	'admin',	'2012-05-11 09:11:40'),
('18094',	'18',	'Belén De Los Andaquies',	'S',	'admin',	'2012-05-11 09:11:40',	'admin',	'2012-05-11 09:11:40'),
('18150',	'18',	'Cartagena Del Chairá',	'S',	'admin',	'2012-05-11 09:11:40',	'admin',	'2012-05-11 09:11:40'),
('18205',	'18',	'Curillo',	'S',	'admin',	'2012-05-11 09:11:40',	'admin',	'2012-05-11 09:11:40'),
('18247',	'18',	'El Doncello',	'S',	'admin',	'2012-05-11 09:11:40',	'admin',	'2012-05-11 09:11:40'),
('18256',	'18',	'El Paujil',	'S',	'admin',	'2012-05-11 09:11:40',	'admin',	'2012-05-11 09:11:40'),
('18410',	'18',	'La Montañita',	'S',	'admin',	'2012-05-11 09:11:40',	'admin',	'2012-05-11 09:11:40'),
('18460',	'18',	'Milán',	'S',	'admin',	'2012-05-11 09:11:40',	'admin',	'2012-05-11 09:11:40'),
('18479',	'18',	'Morelia',	'S',	'admin',	'2012-05-11 09:11:40',	'admin',	'2012-05-11 09:11:40'),
('18592',	'18',	'Puerto Rico',	'S',	'admin',	'2012-05-11 09:11:40',	'admin',	'2012-05-11 09:11:40'),
('18610',	'18',	'San José Del Fragua',	'S',	'admin',	'2012-05-11 09:11:40',	'admin',	'2012-05-11 09:11:40'),
('18753',	'18',	'San Vicente Del Caguán',	'S',	'admin',	'2012-05-11 09:11:40',	'admin',	'2012-05-11 09:11:40'),
('18756',	'18',	'Solano',	'S',	'admin',	'2012-05-11 09:11:40',	'admin',	'2012-05-11 09:11:40'),
('18785',	'18',	'Solita',	'S',	'admin',	'2012-05-11 09:11:40',	'admin',	'2012-05-11 09:11:40'),
('18860',	'18',	'Valparaíso',	'S',	'admin',	'2012-05-11 09:11:40',	'admin',	'2012-05-11 09:11:40'),
('19001',	'19',	'Popayán',	'S',	'admin',	'2012-05-11 09:11:40',	'admin',	'2012-05-11 09:11:40'),
('19022',	'19',	'Almaguer',	'S',	'admin',	'2012-05-11 09:11:40',	'admin',	'2012-05-11 09:11:40'),
('19050',	'19',	'Argelia',	'S',	'admin',	'2012-05-11 09:11:40',	'admin',	'2012-05-11 09:11:40'),
('19075',	'19',	'Balboa',	'S',	'admin',	'2012-05-11 09:11:40',	'admin',	'2012-05-11 09:11:40'),
('19100',	'19',	'Bolívar',	'S',	'admin',	'2012-05-11 09:11:40',	'admin',	'2012-05-11 09:11:40'),
('19110',	'19',	'Buenos Aires',	'S',	'admin',	'2012-05-11 09:11:40',	'admin',	'2012-05-11 09:11:40'),
('19130',	'19',	'Cajibío',	'S',	'admin',	'2012-05-11 09:11:40',	'admin',	'2012-05-11 09:11:40'),
('19137',	'19',	'Caldono',	'S',	'admin',	'2012-05-11 09:11:40',	'admin',	'2012-05-11 09:11:40'),
('19142',	'19',	'Caloto',	'S',	'admin',	'2012-05-11 09:11:40',	'admin',	'2012-05-11 09:11:40'),
('19212',	'19',	'Corinto',	'S',	'admin',	'2012-05-11 09:11:40',	'admin',	'2012-05-11 09:11:40'),
('19256',	'19',	'El Tambo',	'S',	'admin',	'2012-05-11 09:11:40',	'admin',	'2012-05-11 09:11:40'),
('19290',	'19',	'Florencia',	'S',	'admin',	'2012-05-11 09:11:40',	'admin',	'2012-05-11 09:11:40'),
('19318',	'19',	'Guapi',	'S',	'admin',	'2012-05-11 09:11:40',	'admin',	'2012-05-11 09:11:40'),
('19355',	'19',	'Inzá',	'S',	'admin',	'2012-05-11 09:11:40',	'admin',	'2012-05-11 09:11:40'),
('19364',	'19',	'Jambaló',	'S',	'admin',	'2012-05-11 09:11:40',	'admin',	'2012-05-11 09:11:40'),
('19392',	'19',	'La Sierra',	'S',	'admin',	'2012-05-11 09:11:40',	'admin',	'2012-05-11 09:11:40'),
('19397',	'19',	'La Vega',	'S',	'admin',	'2012-05-11 09:11:40',	'admin',	'2012-05-11 09:11:40'),
('19418',	'19',	'López',	'S',	'admin',	'2012-05-11 09:11:40',	'admin',	'2012-05-11 09:11:40'),
('19450',	'19',	'Mercaderes',	'S',	'admin',	'2012-05-11 09:11:40',	'admin',	'2012-05-11 09:11:40'),
('19455',	'19',	'Miranda',	'S',	'admin',	'2012-05-11 09:11:40',	'admin',	'2012-05-11 09:11:40'),
('19473',	'19',	'Morales',	'S',	'admin',	'2012-05-11 09:11:40',	'admin',	'2012-05-11 09:11:40'),
('19513',	'19',	'Padilla',	'S',	'admin',	'2012-05-11 09:11:40',	'admin',	'2012-05-11 09:11:40'),
('19517',	'19',	'Paez',	'S',	'admin',	'2012-05-11 09:11:40',	'admin',	'2012-05-11 09:11:40'),
('19532',	'19',	'Patía',	'S',	'admin',	'2012-05-11 09:11:40',	'admin',	'2012-05-11 09:11:40'),
('19533',	'19',	'Piamonte',	'S',	'admin',	'2012-05-11 09:11:40',	'admin',	'2012-05-11 09:11:40'),
('19548',	'19',	'Piendamó',	'S',	'admin',	'2012-05-11 09:11:40',	'admin',	'2012-05-11 09:11:40'),
('19573',	'19',	'Puerto Tejada',	'S',	'admin',	'2012-05-11 09:11:40',	'admin',	'2012-05-11 09:11:40'),
('19585',	'19',	'Puracé',	'S',	'admin',	'2012-05-11 09:11:40',	'admin',	'2012-05-11 09:11:40'),
('19622',	'19',	'Rosas',	'S',	'admin',	'2012-05-11 09:11:40',	'admin',	'2012-05-11 09:11:40'),
('19693',	'19',	'San Sebastián',	'S',	'admin',	'2012-05-11 09:11:40',	'admin',	'2012-05-11 09:11:40'),
('19698',	'19',	'Santander De Quilichao',	'S',	'admin',	'2012-05-11 09:11:40',	'admin',	'2012-05-11 09:11:40'),
('19701',	'19',	'Santa Rosa',	'S',	'admin',	'2012-05-11 09:11:40',	'admin',	'2012-05-11 09:11:40'),
('19743',	'19',	'Silvia',	'S',	'admin',	'2012-05-11 09:11:40',	'admin',	'2012-05-11 09:11:40'),
('19760',	'19',	'Sotara',	'S',	'admin',	'2012-05-11 09:11:40',	'admin',	'2012-05-11 09:11:40'),
('19780',	'19',	'Suárez',	'S',	'admin',	'2012-05-11 09:11:40',	'admin',	'2012-05-11 09:11:40'),
('19785',	'19',	'Sucre',	'S',	'admin',	'2012-05-11 09:11:40',	'admin',	'2012-05-11 09:11:40'),
('19807',	'19',	'Timbío',	'S',	'admin',	'2012-05-11 09:11:40',	'admin',	'2012-05-11 09:11:40'),
('19809',	'19',	'Timbiquí',	'S',	'admin',	'2012-05-11 09:11:40',	'admin',	'2012-05-11 09:11:40'),
('19821',	'19',	'Toribio',	'S',	'admin',	'2012-05-11 09:11:40',	'admin',	'2012-05-11 09:11:40'),
('19824',	'19',	'Totoró',	'S',	'admin',	'2012-05-11 09:11:40',	'admin',	'2012-05-11 09:11:40'),
('19845',	'19',	'Villa Rica',	'S',	'admin',	'2012-05-11 09:11:40',	'admin',	'2012-05-11 09:11:40'),
('20001',	'20',	'Valledupar',	'S',	'admin',	'2012-05-11 09:11:40',	'admin',	'2012-05-11 09:11:40'),
('20011',	'20',	'Aguachica',	'S',	'admin',	'2012-05-11 09:11:40',	'admin',	'2012-05-11 09:11:40'),
('20013',	'20',	'Agustín Codazzi',	'S',	'admin',	'2012-05-11 09:11:40',	'admin',	'2012-05-11 09:11:40'),
('20032',	'20',	'Astrea',	'S',	'admin',	'2012-05-11 09:11:40',	'admin',	'2012-05-11 09:11:40'),
('20045',	'20',	'Becerril',	'S',	'admin',	'2012-05-11 09:11:40',	'admin',	'2012-05-11 09:11:40'),
('20060',	'20',	'Bosconia',	'S',	'admin',	'2012-05-11 09:11:40',	'admin',	'2012-05-11 09:11:40'),
('20175',	'20',	'Chimichagua',	'S',	'admin',	'2012-05-11 09:11:40',	'admin',	'2012-05-11 09:11:40'),
('20178',	'20',	'Chiriguaná',	'S',	'admin',	'2012-05-11 09:11:40',	'admin',	'2012-05-11 09:11:40'),
('20228',	'20',	'Curumaní',	'S',	'admin',	'2012-05-11 09:11:40',	'admin',	'2012-05-11 09:11:40'),
('20238',	'20',	'El Copey',	'S',	'admin',	'2012-05-11 09:11:40',	'admin',	'2012-05-11 09:11:40'),
('20250',	'20',	'El Paso',	'S',	'admin',	'2012-05-11 09:11:40',	'admin',	'2012-05-11 09:11:40'),
('20295',	'20',	'Gamarra',	'S',	'admin',	'2012-05-11 09:11:40',	'admin',	'2012-05-11 09:11:40'),
('20310',	'20',	'González',	'S',	'admin',	'2012-05-11 09:11:40',	'admin',	'2012-05-11 09:11:40'),
('20383',	'20',	'La Gloria',	'S',	'admin',	'2012-05-11 09:11:40',	'admin',	'2012-05-11 09:11:40'),
('20400',	'20',	'La Jagua De Ibirico',	'S',	'admin',	'2012-05-11 09:11:40',	'admin',	'2012-05-11 09:11:40'),
('20443',	'20',	'Manaure',	'S',	'admin',	'2012-05-11 09:11:40',	'admin',	'2012-05-11 09:11:40'),
('20517',	'20',	'Pailitas',	'S',	'admin',	'2012-05-11 09:11:40',	'admin',	'2012-05-11 09:11:40'),
('20550',	'20',	'Pelaya',	'S',	'admin',	'2012-05-11 09:11:40',	'admin',	'2012-05-11 09:11:40'),
('20570',	'20',	'Pueblo Bello',	'S',	'admin',	'2012-05-11 09:11:40',	'admin',	'2012-05-11 09:11:40'),
('20614',	'20',	'Río De Oro',	'S',	'admin',	'2012-05-11 09:11:40',	'admin',	'2012-05-11 09:11:40'),
('20621',	'20',	'La Paz',	'S',	'admin',	'2012-05-11 09:11:40',	'admin',	'2012-05-11 09:11:40'),
('20710',	'20',	'San Alberto',	'S',	'admin',	'2012-05-11 09:11:40',	'admin',	'2012-05-11 09:11:40'),
('20750',	'20',	'San Diego',	'S',	'admin',	'2012-05-11 09:11:40',	'admin',	'2012-05-11 09:11:40'),
('20770',	'20',	'San Martín',	'S',	'admin',	'2012-05-11 09:11:40',	'admin',	'2012-05-11 09:11:40'),
('20787',	'20',	'Tamalameque',	'S',	'admin',	'2012-05-11 09:11:40',	'admin',	'2012-05-11 09:11:40'),
('23001',	'23',	'Montería',	'S',	'admin',	'2012-05-11 09:11:40',	'admin',	'2012-05-11 09:11:40'),
('23068',	'23',	'Ayapel',	'S',	'admin',	'2012-05-11 09:11:40',	'admin',	'2012-05-11 09:11:40'),
('23079',	'23',	'Buenavista',	'S',	'admin',	'2012-05-11 09:11:40',	'admin',	'2012-05-11 09:11:40'),
('23090',	'23',	'Canalete',	'S',	'admin',	'2012-05-11 09:11:40',	'admin',	'2012-05-11 09:11:40'),
('23162',	'23',	'Cereté',	'S',	'admin',	'2012-05-11 09:11:40',	'admin',	'2012-05-11 09:11:40'),
('23168',	'23',	'Chimá',	'S',	'admin',	'2012-05-11 09:11:40',	'admin',	'2012-05-11 09:11:40'),
('23182',	'23',	'Chinú',	'S',	'admin',	'2012-05-11 09:11:40',	'admin',	'2012-05-11 09:11:40'),
('23189',	'23',	'Ciénaga De Oro',	'S',	'admin',	'2012-05-11 09:11:40',	'admin',	'2012-05-11 09:11:40'),
('23300',	'23',	'Cotorra',	'S',	'admin',	'2012-05-11 09:11:40',	'admin',	'2012-05-11 09:11:40'),
('23350',	'23',	'La Apartada',	'S',	'admin',	'2012-05-11 09:11:40',	'admin',	'2012-05-11 09:11:40'),
('23417',	'23',	'Lorica',	'S',	'admin',	'2012-05-11 09:11:40',	'admin',	'2012-05-11 09:11:40'),
('23419',	'23',	'Los Córdobas',	'S',	'admin',	'2012-05-11 09:11:40',	'admin',	'2012-05-11 09:11:40'),
('23464',	'23',	'Momil',	'S',	'admin',	'2012-05-11 09:11:40',	'admin',	'2012-05-11 09:11:40'),
('23466',	'23',	'Montelíbano',	'S',	'admin',	'2012-05-11 09:11:40',	'admin',	'2012-05-11 09:11:40'),
('23500',	'23',	'Moñitos',	'S',	'admin',	'2012-05-11 09:11:40',	'admin',	'2012-05-11 09:11:40'),
('23555',	'23',	'Planeta Rica',	'S',	'admin',	'2012-05-11 09:11:40',	'admin',	'2012-05-11 09:11:40'),
('23570',	'23',	'Pueblo Nuevo',	'S',	'admin',	'2012-05-11 09:11:40',	'admin',	'2012-05-11 09:11:40'),
('23574',	'23',	'Puerto Escondido',	'S',	'admin',	'2012-05-11 09:11:40',	'admin',	'2012-05-11 09:11:40'),
('23580',	'23',	'Puerto Libertador',	'S',	'admin',	'2012-05-11 09:11:40',	'admin',	'2012-05-11 09:11:40'),
('23586',	'23',	'Purísima',	'S',	'admin',	'2012-05-11 09:11:40',	'admin',	'2012-05-11 09:11:40'),
('23660',	'23',	'Sahagún',	'S',	'admin',	'2012-05-11 09:11:40',	'admin',	'2012-05-11 09:11:40'),
('23670',	'23',	'San Andrés Sotavento',	'S',	'admin',	'2012-05-11 09:11:40',	'admin',	'2012-05-11 09:11:40'),
('23672',	'23',	'San Antero',	'S',	'admin',	'2012-05-11 09:11:40',	'admin',	'2012-05-11 09:11:40'),
('23675',	'23',	'San Bernardo Del Viento',	'S',	'admin',	'2012-05-11 09:11:40',	'admin',	'2012-05-11 09:11:40'),
('23678',	'23',	'San Carlos',	'S',	'admin',	'2012-05-11 09:11:40',	'admin',	'2012-05-11 09:11:40'),
('23686',	'23',	'San Pelayo',	'S',	'admin',	'2012-05-11 09:11:40',	'admin',	'2012-05-11 09:11:40'),
('23807',	'23',	'Tierralta',	'S',	'admin',	'2012-05-11 09:11:40',	'admin',	'2012-05-11 09:11:40'),
('23855',	'23',	'Valencia',	'S',	'admin',	'2012-05-11 09:11:40',	'admin',	'2012-05-11 09:11:40'),
('25001',	'25',	'Agua De Dios',	'S',	'admin',	'2012-05-11 09:11:40',	'admin',	'2012-05-11 09:11:40'),
('25019',	'25',	'Albán',	'S',	'admin',	'2012-05-11 09:11:40',	'admin',	'2012-05-11 09:11:40'),
('25035',	'25',	'Anapoima',	'S',	'admin',	'2012-05-11 09:11:40',	'admin',	'2012-05-11 09:11:40'),
('25040',	'25',	'Anolaima',	'S',	'admin',	'2012-05-11 09:11:40',	'admin',	'2012-05-11 09:11:40'),
('25053',	'25',	'Arbeláez',	'S',	'admin',	'2012-05-11 09:11:40',	'admin',	'2012-05-11 09:11:40'),
('25086',	'25',	'Beltrán',	'S',	'admin',	'2012-05-11 09:11:40',	'admin',	'2012-05-11 09:11:40'),
('25095',	'25',	'Bituima',	'S',	'admin',	'2012-05-11 09:11:40',	'admin',	'2012-05-11 09:11:40'),
('25099',	'25',	'Bojacá',	'S',	'admin',	'2012-05-11 09:11:40',	'admin',	'2012-05-11 09:11:40'),
('25120',	'25',	'Cabrera',	'S',	'admin',	'2012-05-11 09:11:40',	'admin',	'2012-05-11 09:11:40'),
('25123',	'25',	'Cachipay',	'S',	'admin',	'2012-05-11 09:11:40',	'admin',	'2012-05-11 09:11:40'),
('25126',	'25',	'Cajicá',	'S',	'admin',	'2012-05-11 09:11:40',	'admin',	'2012-05-11 09:11:40'),
('25148',	'25',	'Caparrapí',	'S',	'admin',	'2012-05-11 09:11:40',	'admin',	'2012-05-11 09:11:40'),
('25151',	'25',	'Caqueza',	'S',	'admin',	'2012-05-11 09:11:40',	'admin',	'2012-05-11 09:11:40'),
('25154',	'25',	'Carmen De Carupa',	'S',	'admin',	'2012-05-11 09:11:40',	'admin',	'2012-05-11 09:11:40'),
('25168',	'25',	'Chaguaní',	'S',	'admin',	'2012-05-11 09:11:40',	'admin',	'2012-05-11 09:11:40'),
('25175',	'25',	'Chía',	'S',	'admin',	'2012-05-11 09:11:40',	'admin',	'2012-05-11 09:11:40'),
('25178',	'25',	'Chipaque',	'S',	'admin',	'2012-05-11 09:11:40',	'admin',	'2012-05-11 09:11:40'),
('25181',	'25',	'Choachí',	'S',	'admin',	'2012-05-11 09:11:40',	'admin',	'2012-05-11 09:11:40'),
('25183',	'25',	'Chocontá',	'S',	'admin',	'2012-05-11 09:11:40',	'admin',	'2012-05-11 09:11:40'),
('25200',	'25',	'Cogua',	'S',	'admin',	'2012-05-11 09:11:40',	'admin',	'2012-05-11 09:11:40'),
('25214',	'25',	'Cota',	'S',	'admin',	'2012-05-11 09:11:40',	'admin',	'2012-05-11 09:11:40'),
('25224',	'25',	'Cucunubá',	'S',	'admin',	'2012-05-11 09:11:40',	'admin',	'2012-05-11 09:11:40'),
('25245',	'25',	'El Colegio',	'S',	'admin',	'2012-05-11 09:11:40',	'admin',	'2012-05-11 09:11:40'),
('25258',	'25',	'El Peñón',	'S',	'admin',	'2012-05-11 09:11:40',	'admin',	'2012-05-11 09:11:40'),
('25260',	'25',	'El Rosal',	'S',	'admin',	'2012-05-11 09:11:40',	'admin',	'2012-05-11 09:11:40'),
('25269',	'25',	'Facatativá',	'S',	'admin',	'2012-05-11 09:11:40',	'admin',	'2012-05-11 09:11:40'),
('25279',	'25',	'Fomeque',	'S',	'admin',	'2012-05-11 09:11:40',	'admin',	'2012-05-11 09:11:40'),
('25281',	'25',	'Fosca',	'S',	'admin',	'2012-05-11 09:11:40',	'admin',	'2012-05-11 09:11:40'),
('25286',	'25',	'Funza',	'S',	'admin',	'2012-05-11 09:11:40',	'admin',	'2012-05-11 09:11:40'),
('25288',	'25',	'Fúquene',	'S',	'admin',	'2012-05-11 09:11:40',	'admin',	'2012-05-11 09:11:40'),
('25290',	'25',	'Fusagasugá',	'S',	'admin',	'2012-05-11 09:11:40',	'admin',	'2012-05-11 09:11:40'),
('25293',	'25',	'Gachala',	'S',	'admin',	'2012-05-11 09:11:40',	'admin',	'2012-05-11 09:11:40'),
('25295',	'25',	'Gachancipá',	'S',	'admin',	'2012-05-11 09:11:40',	'admin',	'2012-05-11 09:11:40'),
('25297',	'25',	'Gachetá',	'S',	'admin',	'2012-05-11 09:11:40',	'admin',	'2012-05-11 09:11:40'),
('25299',	'25',	'Gama',	'S',	'admin',	'2012-05-11 09:11:40',	'admin',	'2012-05-11 09:11:40'),
('25307',	'25',	'Girardot',	'S',	'admin',	'2012-05-11 09:11:40',	'admin',	'2012-05-11 09:11:40'),
('25312',	'25',	'Granada',	'S',	'admin',	'2012-05-11 09:11:40',	'admin',	'2012-05-11 09:11:40'),
('25317',	'25',	'Guachetá',	'S',	'admin',	'2012-05-11 09:11:40',	'admin',	'2012-05-11 09:11:40'),
('25320',	'25',	'Guaduas',	'S',	'admin',	'2012-05-11 09:11:40',	'admin',	'2012-05-11 09:11:40'),
('25322',	'25',	'Guasca',	'S',	'admin',	'2012-05-11 09:11:40',	'admin',	'2012-05-11 09:11:40'),
('25324',	'25',	'Guataquí',	'S',	'admin',	'2012-05-11 09:11:40',	'admin',	'2012-05-11 09:11:40'),
('25326',	'25',	'Guatavita',	'S',	'admin',	'2012-05-11 09:11:40',	'admin',	'2012-05-11 09:11:40'),
('25328',	'25',	'Guayabal De Siquima',	'S',	'admin',	'2012-05-11 09:11:40',	'admin',	'2012-05-11 09:11:40'),
('25335',	'25',	'Guayabetal',	'S',	'admin',	'2012-05-11 09:11:40',	'admin',	'2012-05-11 09:11:40'),
('25339',	'25',	'Gutiérrez',	'S',	'admin',	'2012-05-11 09:11:40',	'admin',	'2012-05-11 09:11:40'),
('25368',	'25',	'Jerusalén',	'S',	'admin',	'2012-05-11 09:11:40',	'admin',	'2012-05-11 09:11:40'),
('25372',	'25',	'Junín',	'S',	'admin',	'2012-05-11 09:11:40',	'admin',	'2012-05-11 09:11:40'),
('25377',	'25',	'La Calera',	'S',	'admin',	'2012-05-11 09:11:40',	'admin',	'2012-05-11 09:11:40'),
('25386',	'25',	'La Mesa',	'S',	'admin',	'2012-05-11 09:11:40',	'admin',	'2012-05-11 09:11:40'),
('25394',	'25',	'La Palma',	'S',	'admin',	'2012-05-11 09:11:40',	'admin',	'2012-05-11 09:11:40'),
('25398',	'25',	'La Peña',	'S',	'admin',	'2012-05-11 09:11:40',	'admin',	'2012-05-11 09:11:40'),
('25402',	'25',	'La Vega',	'S',	'admin',	'2012-05-11 09:11:40',	'admin',	'2012-05-11 09:11:40'),
('25407',	'25',	'Lenguazaque',	'S',	'admin',	'2012-05-11 09:11:40',	'admin',	'2012-05-11 09:11:40'),
('25426',	'25',	'Macheta',	'S',	'admin',	'2012-05-11 09:11:40',	'admin',	'2012-05-11 09:11:40'),
('25430',	'25',	'Madrid',	'S',	'admin',	'2012-05-11 09:11:40',	'admin',	'2012-05-11 09:11:40'),
('25436',	'25',	'Manta',	'S',	'admin',	'2012-05-11 09:11:40',	'admin',	'2012-05-11 09:11:40'),
('25438',	'25',	'Medina',	'S',	'admin',	'2012-05-11 09:11:40',	'admin',	'2012-05-11 09:11:40'),
('25473',	'25',	'Mosquera',	'S',	'admin',	'2012-05-11 09:11:40',	'admin',	'2012-05-11 09:11:40'),
('25483',	'25',	'Nariño',	'S',	'admin',	'2012-05-11 09:11:40',	'admin',	'2012-05-11 09:11:40'),
('25486',	'25',	'Nemocón',	'S',	'admin',	'2012-05-11 09:11:40',	'admin',	'2012-05-11 09:11:40'),
('25488',	'25',	'Nilo',	'S',	'admin',	'2012-05-11 09:11:40',	'admin',	'2012-05-11 09:11:40'),
('25489',	'25',	'Nimaima',	'S',	'admin',	'2012-05-11 09:11:40',	'admin',	'2012-05-11 09:11:40'),
('25491',	'25',	'Nocaima',	'S',	'admin',	'2012-05-11 09:11:40',	'admin',	'2012-05-11 09:11:40'),
('25506',	'25',	'Venecia',	'S',	'admin',	'2012-05-11 09:11:40',	'admin',	'2012-05-11 09:11:40'),
('25513',	'25',	'Pacho',	'S',	'admin',	'2012-05-11 09:11:40',	'admin',	'2012-05-11 09:11:40'),
('25518',	'25',	'Paime',	'S',	'admin',	'2012-05-11 09:11:40',	'admin',	'2012-05-11 09:11:40'),
('25524',	'25',	'Pandi',	'S',	'admin',	'2012-05-11 09:11:40',	'admin',	'2012-05-11 09:11:40'),
('25530',	'25',	'Paratebueno',	'S',	'admin',	'2012-05-11 09:11:40',	'admin',	'2012-05-11 09:11:40'),
('25535',	'25',	'Pasca',	'S',	'admin',	'2012-05-11 09:11:40',	'admin',	'2012-05-11 09:11:40'),
('25572',	'25',	'Puerto Salgar',	'S',	'admin',	'2012-05-11 09:11:40',	'admin',	'2012-05-11 09:11:40'),
('25580',	'25',	'Pulí',	'S',	'admin',	'2012-05-11 09:11:40',	'admin',	'2012-05-11 09:11:40'),
('25592',	'25',	'Quebradanegra',	'S',	'admin',	'2012-05-11 09:11:40',	'admin',	'2012-05-11 09:11:40'),
('25594',	'25',	'Quetame',	'S',	'admin',	'2012-05-11 09:11:40',	'admin',	'2012-05-11 09:11:40'),
('25596',	'25',	'Quipile',	'S',	'admin',	'2012-05-11 09:11:40',	'admin',	'2012-05-11 09:11:40'),
('25599',	'25',	'Apulo',	'S',	'admin',	'2012-05-11 09:11:40',	'admin',	'2012-05-11 09:11:40'),
('25612',	'25',	'Ricaurte',	'S',	'admin',	'2012-05-11 09:11:40',	'admin',	'2012-05-11 09:11:40'),
('25645',	'25',	'San Antonio Del Tequendama',	'S',	'admin',	'2012-05-11 09:11:40',	'admin',	'2012-05-11 09:11:40'),
('25649',	'25',	'San Bernardo',	'S',	'admin',	'2012-05-11 09:11:40',	'admin',	'2012-05-11 09:11:40'),
('25653',	'25',	'San Cayetano',	'S',	'admin',	'2012-05-11 09:11:40',	'admin',	'2012-05-11 09:11:40'),
('25658',	'25',	'San Francisco',	'S',	'admin',	'2012-05-11 09:11:40',	'admin',	'2012-05-11 09:11:40'),
('25662',	'25',	'San Juan De Río Seco',	'S',	'admin',	'2012-05-11 09:11:40',	'admin',	'2012-05-11 09:11:40'),
('25718',	'25',	'Sasaima',	'S',	'admin',	'2012-05-11 09:11:40',	'admin',	'2012-05-11 09:11:40'),
('25736',	'25',	'Sesquilé',	'S',	'admin',	'2012-05-11 09:11:40',	'admin',	'2012-05-11 09:11:40'),
('25740',	'25',	'Sibaté',	'S',	'admin',	'2012-05-11 09:11:40',	'admin',	'2012-05-11 09:11:40'),
('25743',	'25',	'Silvania',	'S',	'admin',	'2012-05-11 09:11:40',	'admin',	'2012-05-11 09:11:40'),
('25745',	'25',	'Simijaca',	'S',	'admin',	'2012-05-11 09:11:40',	'admin',	'2012-05-11 09:11:40'),
('25754',	'25',	'Soacha',	'S',	'admin',	'2012-05-11 09:11:40',	'admin',	'2012-05-11 09:11:40'),
('25758',	'25',	'Sopó',	'S',	'admin',	'2012-05-11 09:11:40',	'admin',	'2012-05-11 09:11:40'),
('25769',	'25',	'Subachoque',	'S',	'admin',	'2012-05-11 09:11:40',	'admin',	'2012-05-11 09:11:40'),
('25772',	'25',	'Suesca',	'S',	'admin',	'2012-05-11 09:11:40',	'admin',	'2012-05-11 09:11:40'),
('25777',	'25',	'Supatá',	'S',	'admin',	'2012-05-11 09:11:40',	'admin',	'2012-05-11 09:11:40'),
('25779',	'25',	'Susa',	'S',	'admin',	'2012-05-11 09:11:40',	'admin',	'2012-05-11 09:11:40'),
('25781',	'25',	'Sutatausa',	'S',	'admin',	'2012-05-11 09:11:40',	'admin',	'2012-05-11 09:11:40'),
('25785',	'25',	'Tabio',	'S',	'admin',	'2012-05-11 09:11:40',	'admin',	'2012-05-11 09:11:40'),
('25793',	'25',	'Tausa',	'S',	'admin',	'2012-05-11 09:11:40',	'admin',	'2012-05-11 09:11:40'),
('25797',	'25',	'Tena',	'S',	'admin',	'2012-05-11 09:11:40',	'admin',	'2012-05-11 09:11:40'),
('25799',	'25',	'Tenjo',	'S',	'admin',	'2012-05-11 09:11:40',	'admin',	'2012-05-11 09:11:40'),
('25805',	'25',	'Tibacuy',	'S',	'admin',	'2012-05-11 09:11:40',	'admin',	'2012-05-11 09:11:40'),
('25807',	'25',	'Tibirita',	'S',	'admin',	'2012-05-11 09:11:40',	'admin',	'2012-05-11 09:11:40'),
('25815',	'25',	'Tocaima',	'S',	'admin',	'2012-05-11 09:11:40',	'admin',	'2012-05-11 09:11:40'),
('25817',	'25',	'Tocancipá',	'S',	'admin',	'2012-05-11 09:11:40',	'admin',	'2012-05-11 09:11:40'),
('25823',	'25',	'Topaipí',	'S',	'admin',	'2012-05-11 09:11:40',	'admin',	'2012-05-11 09:11:40'),
('25839',	'25',	'Ubalá',	'S',	'admin',	'2012-05-11 09:11:40',	'admin',	'2012-05-11 09:11:40'),
('25841',	'25',	'Ubaque',	'S',	'admin',	'2012-05-11 09:11:40',	'admin',	'2012-05-11 09:11:40'),
('25843',	'25',	'Villa De San Diego De Ubate',	'S',	'admin',	'2012-05-11 09:11:40',	'admin',	'2012-05-11 09:11:40'),
('25845',	'25',	'Une',	'S',	'admin',	'2012-05-11 09:11:40',	'admin',	'2012-05-11 09:11:40'),
('25851',	'25',	'Útica',	'S',	'admin',	'2012-05-11 09:11:40',	'admin',	'2012-05-11 09:11:40'),
('25862',	'25',	'Vergara',	'S',	'admin',	'2012-05-11 09:11:40',	'admin',	'2012-05-11 09:11:40'),
('25867',	'25',	'Vianí',	'S',	'admin',	'2012-05-11 09:11:40',	'admin',	'2012-05-11 09:11:40'),
('25871',	'25',	'Villagómez',	'S',	'admin',	'2012-05-11 09:11:40',	'admin',	'2012-05-11 09:11:40'),
('25873',	'25',	'Villapinzón',	'S',	'admin',	'2012-05-11 09:11:40',	'admin',	'2012-05-11 09:11:40'),
('25875',	'25',	'Villeta',	'S',	'admin',	'2012-05-11 09:11:40',	'admin',	'2012-05-11 09:11:40'),
('25878',	'25',	'Viotá',	'S',	'admin',	'2012-05-11 09:11:40',	'admin',	'2012-05-11 09:11:40'),
('25885',	'25',	'Yacopí',	'S',	'admin',	'2012-05-11 09:11:40',	'admin',	'2012-05-11 09:11:40'),
('25898',	'25',	'Zipacón',	'S',	'admin',	'2012-05-11 09:11:40',	'admin',	'2012-05-11 09:11:40'),
('25899',	'25',	'Zipaquirá',	'S',	'admin',	'2012-05-11 09:11:40',	'admin',	'2012-05-11 09:11:40'),
('27001',	'27',	'Quibdó',	'S',	'admin',	'2012-05-11 09:11:40',	'admin',	'2012-05-11 09:11:40'),
('27006',	'27',	'Acandí',	'S',	'admin',	'2012-05-11 09:11:40',	'admin',	'2012-05-11 09:11:40'),
('27025',	'27',	'Alto Baudo',	'S',	'admin',	'2012-05-11 09:11:40',	'admin',	'2012-05-11 09:11:40'),
('27050',	'27',	'Atrato',	'S',	'admin',	'2012-05-11 09:11:40',	'admin',	'2012-05-11 09:11:40'),
('27073',	'27',	'Bagadó',	'S',	'admin',	'2012-05-11 09:11:40',	'admin',	'2012-05-11 09:11:40'),
('27075',	'27',	'Bahía Solano',	'S',	'admin',	'2012-05-11 09:11:40',	'admin',	'2012-05-11 09:11:40'),
('27077',	'27',	'Bajo Baudó',	'S',	'admin',	'2012-05-11 09:11:40',	'admin',	'2012-05-11 09:11:40'),
('27086',	'27',	'Belén De Bajirá',	'S',	'admin',	'2012-05-11 09:11:40',	'admin',	'2012-05-11 09:11:40'),
('27099',	'27',	'Bojaya',	'S',	'admin',	'2012-05-11 09:11:40',	'admin',	'2012-05-11 09:11:40'),
('27135',	'27',	'El Cantón Del San Pablo',	'S',	'admin',	'2012-05-11 09:11:40',	'admin',	'2012-05-11 09:11:40'),
('27150',	'27',	'Carmen Del Darien',	'S',	'admin',	'2012-05-11 09:11:40',	'admin',	'2012-05-11 09:11:40'),
('27160',	'27',	'Cértegui',	'S',	'admin',	'2012-05-11 09:11:40',	'admin',	'2012-05-11 09:11:40'),
('27205',	'27',	'Condoto',	'S',	'admin',	'2012-05-11 09:11:40',	'admin',	'2012-05-11 09:11:40'),
('27245',	'27',	'El Carmen De Atrato',	'S',	'admin',	'2012-05-11 09:11:40',	'admin',	'2012-05-11 09:11:40'),
('27250',	'27',	'El Litoral Del San Juan',	'S',	'admin',	'2012-05-11 09:11:40',	'admin',	'2012-05-11 09:11:40'),
('27361',	'27',	'Istmina',	'S',	'admin',	'2012-05-11 09:11:40',	'admin',	'2012-05-11 09:11:40'),
('27372',	'27',	'Juradó',	'S',	'admin',	'2012-05-11 09:11:40',	'admin',	'2012-05-11 09:11:40'),
('27413',	'27',	'Lloró',	'S',	'admin',	'2012-05-11 09:11:40',	'admin',	'2012-05-11 09:11:40'),
('27425',	'27',	'Medio Atrato',	'S',	'admin',	'2012-05-11 09:11:40',	'admin',	'2012-05-11 09:11:40'),
('27430',	'27',	'Medio Baudó',	'S',	'admin',	'2012-05-11 09:11:40',	'admin',	'2012-05-11 09:11:40'),
('27450',	'27',	'Medio San Juan',	'S',	'admin',	'2012-05-11 09:11:40',	'admin',	'2012-05-11 09:11:40'),
('27491',	'27',	'Nóvita',	'S',	'admin',	'2012-05-11 09:11:40',	'admin',	'2012-05-11 09:11:40'),
('27495',	'27',	'Nuquí',	'S',	'admin',	'2012-05-11 09:11:40',	'admin',	'2012-05-11 09:11:40'),
('27580',	'27',	'Río Iro',	'S',	'admin',	'2012-05-11 09:11:40',	'admin',	'2012-05-11 09:11:40'),
('27600',	'27',	'Río Quito',	'S',	'admin',	'2012-05-11 09:11:40',	'admin',	'2012-05-11 09:11:40'),
('27615',	'27',	'Riosucio',	'S',	'admin',	'2012-05-11 09:11:40',	'admin',	'2012-05-11 09:11:40'),
('27660',	'27',	'San José Del Palmar',	'S',	'admin',	'2012-05-11 09:11:40',	'admin',	'2012-05-11 09:11:40'),
('27745',	'27',	'Sipí',	'S',	'admin',	'2012-05-11 09:11:40',	'admin',	'2012-05-11 09:11:40'),
('27787',	'27',	'Tadó',	'S',	'admin',	'2012-05-11 09:11:40',	'admin',	'2012-05-11 09:11:40'),
('27800',	'27',	'Unguía',	'S',	'admin',	'2012-05-11 09:11:40',	'admin',	'2012-05-11 09:11:40'),
('27810',	'27',	'Unión Panamericana',	'S',	'admin',	'2012-05-11 09:11:40',	'admin',	'2012-05-11 09:11:40'),
('41001',	'41',	'Neiva',	'S',	'admin',	'2012-05-11 09:11:40',	'admin',	'2012-05-11 09:11:40'),
('41006',	'41',	'Acevedo',	'S',	'admin',	'2012-05-11 09:11:40',	'admin',	'2012-05-11 09:11:40'),
('41013',	'41',	'Agrado',	'S',	'admin',	'2012-05-11 09:11:40',	'admin',	'2012-05-11 09:11:40'),
('41016',	'41',	'Aipe',	'S',	'admin',	'2012-05-11 09:11:40',	'admin',	'2012-05-11 09:11:40'),
('41020',	'41',	'Algeciras',	'S',	'admin',	'2012-05-11 09:11:40',	'admin',	'2012-05-11 09:11:40'),
('41026',	'41',	'Altamira',	'S',	'admin',	'2012-05-11 09:11:40',	'admin',	'2012-05-11 09:11:40'),
('41078',	'41',	'Baraya',	'S',	'admin',	'2012-05-11 09:11:40',	'admin',	'2012-05-11 09:11:40'),
('41132',	'41',	'Campoalegre',	'S',	'admin',	'2012-05-11 09:11:40',	'admin',	'2012-05-11 09:11:40'),
('41206',	'41',	'Colombia',	'S',	'admin',	'2012-05-11 09:11:40',	'admin',	'2012-05-11 09:11:40'),
('41244',	'41',	'Elías',	'S',	'admin',	'2012-05-11 09:11:40',	'admin',	'2012-05-11 09:11:40'),
('41298',	'41',	'Garzón',	'S',	'admin',	'2012-05-11 09:11:40',	'admin',	'2012-05-11 09:11:40'),
('41306',	'41',	'Gigante',	'S',	'admin',	'2012-05-11 09:11:40',	'admin',	'2012-05-11 09:11:40'),
('41319',	'41',	'Guadalupe',	'S',	'admin',	'2012-05-11 09:11:40',	'admin',	'2012-05-11 09:11:40'),
('41349',	'41',	'Hobo',	'S',	'admin',	'2012-05-11 09:11:40',	'admin',	'2012-05-11 09:11:40'),
('41357',	'41',	'Iquira',	'S',	'admin',	'2012-05-11 09:11:40',	'admin',	'2012-05-11 09:11:40'),
('41359',	'41',	'Isnos',	'S',	'admin',	'2012-05-11 09:11:40',	'admin',	'2012-05-11 09:11:40'),
('41378',	'41',	'La Argentina',	'S',	'admin',	'2012-05-11 09:11:40',	'admin',	'2012-05-11 09:11:40'),
('41396',	'41',	'La Plata',	'S',	'admin',	'2012-05-11 09:11:40',	'admin',	'2012-05-11 09:11:40'),
('41483',	'41',	'Nátaga',	'S',	'admin',	'2012-05-11 09:11:40',	'admin',	'2012-05-11 09:11:40'),
('41503',	'41',	'Oporapa',	'S',	'admin',	'2012-05-11 09:11:40',	'admin',	'2012-05-11 09:11:40'),
('41518',	'41',	'Paicol',	'S',	'admin',	'2012-05-11 09:11:40',	'admin',	'2012-05-11 09:11:40'),
('41524',	'41',	'Palermo',	'S',	'admin',	'2012-05-11 09:11:40',	'admin',	'2012-05-11 09:11:40'),
('41530',	'41',	'Palestina',	'S',	'admin',	'2012-05-11 09:11:40',	'admin',	'2012-05-11 09:11:40'),
('41548',	'41',	'Pital',	'S',	'admin',	'2012-05-11 09:11:40',	'admin',	'2012-05-11 09:11:40'),
('41551',	'41',	'Pitalito',	'S',	'admin',	'2012-05-11 09:11:40',	'admin',	'2012-05-11 09:11:40'),
('41615',	'41',	'Rivera',	'S',	'admin',	'2012-05-11 09:11:40',	'admin',	'2012-05-11 09:11:40'),
('41660',	'41',	'Saladoblanco',	'S',	'admin',	'2012-05-11 09:11:40',	'admin',	'2012-05-11 09:11:40'),
('41668',	'41',	'San Agustín',	'S',	'admin',	'2012-05-11 09:11:40',	'admin',	'2012-05-11 09:11:40'),
('41676',	'41',	'Santa María',	'S',	'admin',	'2012-05-11 09:11:40',	'admin',	'2012-05-11 09:11:40'),
('41770',	'41',	'Suaza',	'S',	'admin',	'2012-05-11 09:11:40',	'admin',	'2012-05-11 09:11:40'),
('41791',	'41',	'Tarqui',	'S',	'admin',	'2012-05-11 09:11:40',	'admin',	'2012-05-11 09:11:40'),
('41797',	'41',	'Tesalia',	'S',	'admin',	'2012-05-11 09:11:40',	'admin',	'2012-05-11 09:11:40'),
('41799',	'41',	'Tello',	'S',	'admin',	'2012-05-11 09:11:40',	'admin',	'2012-05-11 09:11:40'),
('41801',	'41',	'Teruel',	'S',	'admin',	'2012-05-11 09:11:40',	'admin',	'2012-05-11 09:11:40'),
('41807',	'41',	'Timaná',	'S',	'admin',	'2012-05-11 09:11:40',	'admin',	'2012-05-11 09:11:40'),
('41872',	'41',	'Villavieja',	'S',	'admin',	'2012-05-11 09:11:40',	'admin',	'2012-05-11 09:11:40'),
('41885',	'41',	'Yaguará',	'S',	'admin',	'2012-05-11 09:11:40',	'admin',	'2012-05-11 09:11:40'),
('44001',	'44',	'Riohacha',	'S',	'admin',	'2012-05-11 09:11:40',	'admin',	'2012-05-11 09:11:40'),
('44035',	'44',	'Albania',	'S',	'admin',	'2012-05-11 09:11:40',	'admin',	'2012-05-11 09:11:40'),
('44078',	'44',	'Barrancas',	'S',	'admin',	'2012-05-11 09:11:40',	'admin',	'2012-05-11 09:11:40'),
('44090',	'44',	'Dibulla',	'S',	'admin',	'2012-05-11 09:11:40',	'admin',	'2012-05-11 09:11:40'),
('44098',	'44',	'Distracción',	'S',	'admin',	'2012-05-11 09:11:40',	'admin',	'2012-05-11 09:11:40'),
('44110',	'44',	'El Molino',	'S',	'admin',	'2012-05-11 09:11:40',	'admin',	'2012-05-11 09:11:40'),
('44279',	'44',	'Fonseca',	'S',	'admin',	'2012-05-11 09:11:40',	'admin',	'2012-05-11 09:11:40'),
('44378',	'44',	'Hatonuevo',	'S',	'admin',	'2012-05-11 09:11:40',	'admin',	'2012-05-11 09:11:40'),
('44420',	'44',	'La Jagua Del Pilar',	'S',	'admin',	'2012-05-11 09:11:40',	'admin',	'2012-05-11 09:11:40'),
('44430',	'44',	'Maicao',	'S',	'admin',	'2012-05-11 09:11:40',	'admin',	'2012-05-11 09:11:40'),
('44560',	'44',	'Manaure',	'S',	'admin',	'2012-05-11 09:11:40',	'admin',	'2012-05-11 09:11:40'),
('44650',	'44',	'San Juan Del Cesar',	'S',	'admin',	'2012-05-11 09:11:40',	'admin',	'2012-05-11 09:11:40'),
('44847',	'44',	'Uribia',	'S',	'admin',	'2012-05-11 09:11:40',	'admin',	'2012-05-11 09:11:40'),
('44855',	'44',	'Urumita',	'S',	'admin',	'2012-05-11 09:11:40',	'admin',	'2012-05-11 09:11:40'),
('44874',	'44',	'Villanueva',	'S',	'admin',	'2012-05-11 09:11:40',	'admin',	'2012-05-11 09:11:40'),
('47001',	'47',	'Santa Marta',	'S',	'admin',	'2012-05-11 09:11:40',	'admin',	'2012-05-11 09:11:40'),
('47030',	'47',	'Algarrobo',	'S',	'admin',	'2012-05-11 09:11:40',	'admin',	'2012-05-11 09:11:40'),
('47053',	'47',	'Aracataca',	'S',	'admin',	'2012-05-11 09:11:40',	'admin',	'2012-05-11 09:11:40'),
('47058',	'47',	'Ariguaní',	'S',	'admin',	'2012-05-11 09:11:40',	'admin',	'2012-05-11 09:11:40'),
('47161',	'47',	'Cerro San Antonio',	'S',	'admin',	'2012-05-11 09:11:40',	'admin',	'2012-05-11 09:11:40'),
('47170',	'47',	'Chibolo',	'S',	'admin',	'2012-05-11 09:11:40',	'admin',	'2012-05-11 09:11:40'),
('47189',	'47',	'Ciénaga',	'S',	'admin',	'2012-05-11 09:11:40',	'admin',	'2012-05-11 09:11:40'),
('47205',	'47',	'Concordia',	'S',	'admin',	'2012-05-11 09:11:40',	'admin',	'2012-05-11 09:11:40'),
('47245',	'47',	'El Banco',	'S',	'admin',	'2012-05-11 09:11:40',	'admin',	'2012-05-11 09:11:40'),
('47258',	'47',	'El Piñon',	'S',	'admin',	'2012-05-11 09:11:40',	'admin',	'2012-05-11 09:11:40'),
('47268',	'47',	'El Retén',	'S',	'admin',	'2012-05-11 09:11:40',	'admin',	'2012-05-11 09:11:40'),
('47288',	'47',	'Fundación',	'S',	'admin',	'2012-05-11 09:11:40',	'admin',	'2012-05-11 09:11:40'),
('47318',	'47',	'Guamal',	'S',	'admin',	'2012-05-11 09:11:40',	'admin',	'2012-05-11 09:11:40'),
('47460',	'47',	'Nueva Granada',	'S',	'admin',	'2012-05-11 09:11:40',	'admin',	'2012-05-11 09:11:40'),
('47541',	'47',	'Pedraza',	'S',	'admin',	'2012-05-11 09:11:40',	'admin',	'2012-05-11 09:11:40'),
('47545',	'47',	'Pijiño Del Carmen',	'S',	'admin',	'2012-05-11 09:11:40',	'admin',	'2012-05-11 09:11:40'),
('47551',	'47',	'Pivijay',	'S',	'admin',	'2012-05-11 09:11:40',	'admin',	'2012-05-11 09:11:40'),
('47555',	'47',	'Plato',	'S',	'admin',	'2012-05-11 09:11:40',	'admin',	'2012-05-11 09:11:40'),
('47570',	'47',	'Puebloviejo',	'S',	'admin',	'2012-05-11 09:11:40',	'admin',	'2012-05-11 09:11:40'),
('47605',	'47',	'Remolino',	'S',	'admin',	'2012-05-11 09:11:40',	'admin',	'2012-05-11 09:11:40'),
('47660',	'47',	'Sabanas De San Angel',	'S',	'admin',	'2012-05-11 09:11:40',	'admin',	'2012-05-11 09:11:40'),
('47675',	'47',	'Salamina',	'S',	'admin',	'2012-05-11 09:11:40',	'admin',	'2012-05-11 09:11:40'),
('47692',	'47',	'San Sebastián De Buenavista',	'S',	'admin',	'2012-05-11 09:11:40',	'admin',	'2012-05-11 09:11:40'),
('47703',	'47',	'San Zenón',	'S',	'admin',	'2012-05-11 09:11:40',	'admin',	'2012-05-11 09:11:40'),
('47707',	'47',	'Santa Ana',	'S',	'admin',	'2012-05-11 09:11:40',	'admin',	'2012-05-11 09:11:40'),
('47720',	'47',	'Santa Bárbara De Pinto',	'S',	'admin',	'2012-05-11 09:11:40',	'admin',	'2012-05-11 09:11:40'),
('47745',	'47',	'Sitionuevo',	'S',	'admin',	'2012-05-11 09:11:40',	'admin',	'2012-05-11 09:11:40'),
('47798',	'47',	'Tenerife',	'S',	'admin',	'2012-05-11 09:11:40',	'admin',	'2012-05-11 09:11:40'),
('47960',	'47',	'Zapayán',	'S',	'admin',	'2012-05-11 09:11:40',	'admin',	'2012-05-11 09:11:40'),
('47980',	'47',	'Zona Bananera',	'S',	'admin',	'2012-05-11 09:11:40',	'admin',	'2012-05-11 09:11:40'),
('50001',	'50',	'Villavicencio',	'S',	'admin',	'2012-05-11 09:11:40',	'admin',	'2012-05-11 09:11:40'),
('50006',	'50',	'Acacías',	'S',	'admin',	'2012-05-11 09:11:40',	'admin',	'2012-05-11 09:11:40'),
('50110',	'50',	'Barranca De Upía',	'S',	'admin',	'2012-05-11 09:11:40',	'admin',	'2012-05-11 09:11:40'),
('50124',	'50',	'Cabuyaro',	'S',	'admin',	'2012-05-11 09:11:40',	'admin',	'2012-05-11 09:11:40'),
('50150',	'50',	'Castilla La Nueva',	'S',	'admin',	'2012-05-11 09:11:40',	'admin',	'2012-05-11 09:11:40'),
('50223',	'50',	'Cubarral',	'S',	'admin',	'2012-05-11 09:11:40',	'admin',	'2012-05-11 09:11:40'),
('50226',	'50',	'Cumaral',	'S',	'admin',	'2012-05-11 09:11:40',	'admin',	'2012-05-11 09:11:40'),
('50245',	'50',	'El Calvario',	'S',	'admin',	'2012-05-11 09:11:40',	'admin',	'2012-05-11 09:11:40'),
('50251',	'50',	'El Castillo',	'S',	'admin',	'2012-05-11 09:11:40',	'admin',	'2012-05-11 09:11:40'),
('50270',	'50',	'El Dorado',	'S',	'admin',	'2012-05-11 09:11:40',	'admin',	'2012-05-11 09:11:40'),
('50287',	'50',	'Fuente De Oro',	'S',	'admin',	'2012-05-11 09:11:40',	'admin',	'2012-05-11 09:11:40'),
('50313',	'50',	'Granada',	'S',	'admin',	'2012-05-11 09:11:40',	'admin',	'2012-05-11 09:11:40'),
('50318',	'50',	'Guamal',	'S',	'admin',	'2012-05-11 09:11:40',	'admin',	'2012-05-11 09:11:40'),
('50325',	'50',	'Mapiripán',	'S',	'admin',	'2012-05-11 09:11:40',	'admin',	'2012-05-11 09:11:40'),
('50330',	'50',	'Mesetas',	'S',	'admin',	'2012-05-11 09:11:40',	'admin',	'2012-05-11 09:11:40'),
('50350',	'50',	'La Macarena',	'S',	'admin',	'2012-05-11 09:11:40',	'admin',	'2012-05-11 09:11:40'),
('50370',	'50',	'Uribe',	'S',	'admin',	'2012-05-11 09:11:40',	'admin',	'2012-05-11 09:11:40'),
('50400',	'50',	'Lejanías',	'S',	'admin',	'2012-05-11 09:11:40',	'admin',	'2012-05-11 09:11:40'),
('50450',	'50',	'Puerto Concordia',	'S',	'admin',	'2012-05-11 09:11:40',	'admin',	'2012-05-11 09:11:40'),
('50568',	'50',	'Puerto Gaitán',	'S',	'admin',	'2012-05-11 09:11:40',	'admin',	'2012-05-11 09:11:40'),
('50573',	'50',	'Puerto López',	'S',	'admin',	'2012-05-11 09:11:40',	'admin',	'2012-05-11 09:11:40'),
('50577',	'50',	'Puerto Lleras',	'S',	'admin',	'2012-05-11 09:11:40',	'admin',	'2012-05-11 09:11:40'),
('50590',	'50',	'Puerto Rico',	'S',	'admin',	'2012-05-11 09:11:40',	'admin',	'2012-05-11 09:11:40'),
('50606',	'50',	'Restrepo',	'S',	'admin',	'2012-05-11 09:11:40',	'admin',	'2012-05-11 09:11:40'),
('50680',	'50',	'San Carlos De Guaroa',	'S',	'admin',	'2012-05-11 09:11:40',	'admin',	'2012-05-11 09:11:40'),
('50683',	'50',	'San Juan De Arama',	'S',	'admin',	'2012-05-11 09:11:40',	'admin',	'2012-05-11 09:11:40'),
('50686',	'50',	'San Juanito',	'S',	'admin',	'2012-05-11 09:11:40',	'admin',	'2012-05-11 09:11:40'),
('50689',	'50',	'San Martín',	'S',	'admin',	'2012-05-11 09:11:40',	'admin',	'2012-05-11 09:11:40'),
('50711',	'50',	'Vistahermosa',	'S',	'admin',	'2012-05-11 09:11:40',	'admin',	'2012-05-11 09:11:40'),
('52001',	'52',	'Pasto',	'S',	'admin',	'2012-05-11 09:11:40',	'admin',	'2012-05-11 09:11:40'),
('52019',	'52',	'Albán',	'S',	'admin',	'2012-05-11 09:11:40',	'admin',	'2012-05-11 09:11:40'),
('52022',	'52',	'Aldana',	'S',	'admin',	'2012-05-11 09:11:40',	'admin',	'2012-05-11 09:11:40'),
('52036',	'52',	'Ancuyá',	'S',	'admin',	'2012-05-11 09:11:40',	'admin',	'2012-05-11 09:11:40'),
('52051',	'52',	'Arboleda',	'S',	'admin',	'2012-05-11 09:11:40',	'admin',	'2012-05-11 09:11:40'),
('52079',	'52',	'Barbacoas',	'S',	'admin',	'2012-05-11 09:11:40',	'admin',	'2012-05-11 09:11:40'),
('52083',	'52',	'Belén',	'S',	'admin',	'2012-05-11 09:11:40',	'admin',	'2012-05-11 09:11:40'),
('52110',	'52',	'Buesaco',	'S',	'admin',	'2012-05-11 09:11:40',	'admin',	'2012-05-11 09:11:40'),
('52203',	'52',	'Colón',	'S',	'admin',	'2012-05-11 09:11:40',	'admin',	'2012-05-11 09:11:40'),
('52207',	'52',	'Consaca',	'S',	'admin',	'2012-05-11 09:11:40',	'admin',	'2012-05-11 09:11:40'),
('52210',	'52',	'Contadero',	'S',	'admin',	'2012-05-11 09:11:40',	'admin',	'2012-05-11 09:11:40'),
('52215',	'52',	'Córdoba',	'S',	'admin',	'2012-05-11 09:11:40',	'admin',	'2012-05-11 09:11:40'),
('52224',	'52',	'Cuaspud',	'S',	'admin',	'2012-05-11 09:11:40',	'admin',	'2012-05-11 09:11:40'),
('52227',	'52',	'Cumbal',	'S',	'admin',	'2012-05-11 09:11:40',	'admin',	'2012-05-11 09:11:40'),
('52233',	'52',	'Cumbitara',	'S',	'admin',	'2012-05-11 09:11:40',	'admin',	'2012-05-11 09:11:40'),
('52240',	'52',	'Chachagüí',	'S',	'admin',	'2012-05-11 09:11:40',	'admin',	'2012-05-11 09:11:40'),
('52250',	'52',	'El Charco',	'S',	'admin',	'2012-05-11 09:11:40',	'admin',	'2012-05-11 09:11:40'),
('52254',	'52',	'El Peñol',	'S',	'admin',	'2012-05-11 09:11:40',	'admin',	'2012-05-11 09:11:40'),
('52256',	'52',	'El Rosario',	'S',	'admin',	'2012-05-11 09:11:40',	'admin',	'2012-05-11 09:11:40'),
('52258',	'52',	'El Tablón De Gómez',	'S',	'admin',	'2012-05-11 09:11:40',	'admin',	'2012-05-11 09:11:40'),
('52260',	'52',	'El Tambo',	'S',	'admin',	'2012-05-11 09:11:40',	'admin',	'2012-05-11 09:11:40'),
('52287',	'52',	'Funes',	'S',	'admin',	'2012-05-11 09:11:40',	'admin',	'2012-05-11 09:11:40'),
('52317',	'52',	'Guachucal',	'S',	'admin',	'2012-05-11 09:11:40',	'admin',	'2012-05-11 09:11:40'),
('52320',	'52',	'Guaitarilla',	'S',	'admin',	'2012-05-11 09:11:40',	'admin',	'2012-05-11 09:11:40'),
('52323',	'52',	'Gualmatán',	'S',	'admin',	'2012-05-11 09:11:40',	'admin',	'2012-05-11 09:11:40'),
('52352',	'52',	'Iles',	'S',	'admin',	'2012-05-11 09:11:40',	'admin',	'2012-05-11 09:11:40'),
('52354',	'52',	'Imués',	'S',	'admin',	'2012-05-11 09:11:40',	'admin',	'2012-05-11 09:11:40'),
('52356',	'52',	'Ipiales',	'S',	'admin',	'2012-05-11 09:11:40',	'admin',	'2012-05-11 09:11:40'),
('52378',	'52',	'La Cruz',	'S',	'admin',	'2012-05-11 09:11:40',	'admin',	'2012-05-11 09:11:40'),
('52381',	'52',	'La Florida',	'S',	'admin',	'2012-05-11 09:11:40',	'admin',	'2012-05-11 09:11:40'),
('52385',	'52',	'La Llanada',	'S',	'admin',	'2012-05-11 09:11:40',	'admin',	'2012-05-11 09:11:40'),
('52390',	'52',	'La Tola',	'S',	'admin',	'2012-05-11 09:11:40',	'admin',	'2012-05-11 09:11:40'),
('52399',	'52',	'La Unión',	'S',	'admin',	'2012-05-11 09:11:40',	'admin',	'2012-05-11 09:11:40'),
('52405',	'52',	'Leiva',	'S',	'admin',	'2012-05-11 09:11:40',	'admin',	'2012-05-11 09:11:40'),
('52411',	'52',	'Linares',	'S',	'admin',	'2012-05-11 09:11:40',	'admin',	'2012-05-11 09:11:40'),
('52418',	'52',	'Los Andes',	'S',	'admin',	'2012-05-11 09:11:40',	'admin',	'2012-05-11 09:11:40'),
('52427',	'52',	'Magüi',	'S',	'admin',	'2012-05-11 09:11:40',	'admin',	'2012-05-11 09:11:40'),
('52435',	'52',	'Mallama',	'S',	'admin',	'2012-05-11 09:11:40',	'admin',	'2012-05-11 09:11:40'),
('52473',	'52',	'Mosquera',	'S',	'admin',	'2012-05-11 09:11:40',	'admin',	'2012-05-11 09:11:40'),
('52480',	'52',	'Nariño',	'S',	'admin',	'2012-05-11 09:11:40',	'admin',	'2012-05-11 09:11:40'),
('52490',	'52',	'Olaya Herrera',	'S',	'admin',	'2012-05-11 09:11:40',	'admin',	'2012-05-11 09:11:40'),
('52506',	'52',	'Ospina',	'S',	'admin',	'2012-05-11 09:11:40',	'admin',	'2012-05-11 09:11:40'),
('52520',	'52',	'Francisco Pizarro',	'S',	'admin',	'2012-05-11 09:11:40',	'admin',	'2012-05-11 09:11:40'),
('52540',	'52',	'Policarpa',	'S',	'admin',	'2012-05-11 09:11:40',	'admin',	'2012-05-11 09:11:40'),
('52560',	'52',	'Potosí',	'S',	'admin',	'2012-05-11 09:11:40',	'admin',	'2012-05-11 09:11:40'),
('52565',	'52',	'Providencia',	'S',	'admin',	'2012-05-11 09:11:40',	'admin',	'2012-05-11 09:11:40'),
('52573',	'52',	'Puerres',	'S',	'admin',	'2012-05-11 09:11:40',	'admin',	'2012-05-11 09:11:40'),
('52585',	'52',	'Pupiales',	'S',	'admin',	'2012-05-11 09:11:40',	'admin',	'2012-05-11 09:11:40'),
('52612',	'52',	'Ricaurte',	'S',	'admin',	'2012-05-11 09:11:40',	'admin',	'2012-05-11 09:11:40'),
('52621',	'52',	'Roberto Payán',	'S',	'admin',	'2012-05-11 09:11:40',	'admin',	'2012-05-11 09:11:40'),
('52678',	'52',	'Samaniego',	'S',	'admin',	'2012-05-11 09:11:40',	'admin',	'2012-05-11 09:11:40'),
('52683',	'52',	'Sandoná',	'S',	'admin',	'2012-05-11 09:11:40',	'admin',	'2012-05-11 09:11:40'),
('52685',	'52',	'San Bernardo',	'S',	'admin',	'2012-05-11 09:11:40',	'admin',	'2012-05-11 09:11:40'),
('52687',	'52',	'San Lorenzo',	'S',	'admin',	'2012-05-11 09:11:40',	'admin',	'2012-05-11 09:11:40'),
('52693',	'52',	'San Pablo',	'S',	'admin',	'2012-05-11 09:11:40',	'admin',	'2012-05-11 09:11:40'),
('52694',	'52',	'San Pedro De Cartago',	'S',	'admin',	'2012-05-11 09:11:40',	'admin',	'2012-05-11 09:11:40'),
('52696',	'52',	'Santa Bárbara',	'S',	'admin',	'2012-05-11 09:11:40',	'admin',	'2012-05-11 09:11:40'),
('52699',	'52',	'Santacruz',	'S',	'admin',	'2012-05-11 09:11:40',	'admin',	'2012-05-11 09:11:40'),
('52720',	'52',	'Sapuyes',	'S',	'admin',	'2012-05-11 09:11:40',	'admin',	'2012-05-11 09:11:40'),
('52786',	'52',	'Taminango',	'S',	'admin',	'2012-05-11 09:11:40',	'admin',	'2012-05-11 09:11:40'),
('52788',	'52',	'Tangua',	'S',	'admin',	'2012-05-11 09:11:40',	'admin',	'2012-05-11 09:11:40'),
('52835',	'52',	'Tumaco',	'S',	'admin',	'2012-05-11 09:11:40',	'admin',	'2012-05-11 09:11:40'),
('52838',	'52',	'Túquerres',	'S',	'admin',	'2012-05-11 09:11:40',	'admin',	'2012-05-11 09:11:40'),
('52885',	'52',	'Yacuanquer',	'S',	'admin',	'2012-05-11 09:11:40',	'admin',	'2012-05-11 09:11:40'),
('54001',	'54',	'Cúcuta',	'S',	'admin',	'2012-05-11 09:11:40',	'admin',	'2012-05-11 09:11:40'),
('54003',	'54',	'Abrego',	'S',	'admin',	'2012-05-11 09:11:40',	'admin',	'2012-05-11 09:11:40'),
('54051',	'54',	'Arboledas',	'S',	'admin',	'2012-05-11 09:11:40',	'admin',	'2012-05-11 09:11:40'),
('54099',	'54',	'Bochalema',	'S',	'admin',	'2012-05-11 09:11:40',	'admin',	'2012-05-11 09:11:40'),
('54109',	'54',	'Bucarasica',	'S',	'admin',	'2012-05-11 09:11:40',	'admin',	'2012-05-11 09:11:40'),
('54125',	'54',	'Cácota',	'S',	'admin',	'2012-05-11 09:11:40',	'admin',	'2012-05-11 09:11:40'),
('54128',	'54',	'Cachirá',	'S',	'admin',	'2012-05-11 09:11:40',	'admin',	'2012-05-11 09:11:40'),
('54172',	'54',	'Chinácota',	'S',	'admin',	'2012-05-11 09:11:40',	'admin',	'2012-05-11 09:11:40'),
('54174',	'54',	'Chitagá',	'S',	'admin',	'2012-05-11 09:11:40',	'admin',	'2012-05-11 09:11:40'),
('54206',	'54',	'Convención',	'S',	'admin',	'2012-05-11 09:11:40',	'admin',	'2012-05-11 09:11:40'),
('54223',	'54',	'Cucutilla',	'S',	'admin',	'2012-05-11 09:11:40',	'admin',	'2012-05-11 09:11:40'),
('54239',	'54',	'Durania',	'S',	'admin',	'2012-05-11 09:11:40',	'admin',	'2012-05-11 09:11:40'),
('54245',	'54',	'El Carmen',	'S',	'admin',	'2012-05-11 09:11:40',	'admin',	'2012-05-11 09:11:40'),
('54250',	'54',	'El Tarra',	'S',	'admin',	'2012-05-11 09:11:40',	'admin',	'2012-05-11 09:11:40'),
('54261',	'54',	'El Zulia',	'S',	'admin',	'2012-05-11 09:11:40',	'admin',	'2012-05-11 09:11:40'),
('54313',	'54',	'Gramalote',	'S',	'admin',	'2012-05-11 09:11:40',	'admin',	'2012-05-11 09:11:40'),
('54344',	'54',	'Hacarí',	'S',	'admin',	'2012-05-11 09:11:40',	'admin',	'2012-05-11 09:11:40'),
('54347',	'54',	'Herrán',	'S',	'admin',	'2012-05-11 09:11:40',	'admin',	'2012-05-11 09:11:40'),
('54377',	'54',	'Labateca',	'S',	'admin',	'2012-05-11 09:11:40',	'admin',	'2012-05-11 09:11:40'),
('54385',	'54',	'La Esperanza',	'S',	'admin',	'2012-05-11 09:11:40',	'admin',	'2012-05-11 09:11:40'),
('54398',	'54',	'La Playa',	'S',	'admin',	'2012-05-11 09:11:40',	'admin',	'2012-05-11 09:11:40'),
('54405',	'54',	'Los Patios',	'S',	'admin',	'2012-05-11 09:11:40',	'admin',	'2012-05-11 09:11:40'),
('54418',	'54',	'Lourdes',	'S',	'admin',	'2012-05-11 09:11:40',	'admin',	'2012-05-11 09:11:40'),
('54480',	'54',	'Mutiscua',	'S',	'admin',	'2012-05-11 09:11:40',	'admin',	'2012-05-11 09:11:40'),
('54498',	'54',	'Ocaña',	'S',	'admin',	'2012-05-11 09:11:40',	'admin',	'2012-05-11 09:11:40'),
('54518',	'54',	'Pamplona',	'S',	'admin',	'2012-05-11 09:11:40',	'admin',	'2012-05-11 09:11:40'),
('54520',	'54',	'Pamplonita',	'S',	'admin',	'2012-05-11 09:11:40',	'admin',	'2012-05-11 09:11:40'),
('54553',	'54',	'Puerto Santander',	'S',	'admin',	'2012-05-11 09:11:40',	'admin',	'2012-05-11 09:11:40'),
('54599',	'54',	'Ragonvalia',	'S',	'admin',	'2012-05-11 09:11:40',	'admin',	'2012-05-11 09:11:40'),
('54660',	'54',	'Salazar',	'S',	'admin',	'2012-05-11 09:11:40',	'admin',	'2012-05-11 09:11:40'),
('54670',	'54',	'San Calixto',	'S',	'admin',	'2012-05-11 09:11:40',	'admin',	'2012-05-11 09:11:40'),
('54673',	'54',	'San Cayetano',	'S',	'admin',	'2012-05-11 09:11:40',	'admin',	'2012-05-11 09:11:40'),
('54680',	'54',	'Santiago',	'S',	'admin',	'2012-05-11 09:11:40',	'admin',	'2012-05-11 09:11:40'),
('54720',	'54',	'Sardinata',	'S',	'admin',	'2012-05-11 09:11:40',	'admin',	'2012-05-11 09:11:40'),
('54743',	'54',	'Silos',	'S',	'admin',	'2012-05-11 09:11:40',	'admin',	'2012-05-11 09:11:40'),
('54800',	'54',	'Teorama',	'S',	'admin',	'2012-05-11 09:11:40',	'admin',	'2012-05-11 09:11:40'),
('54810',	'54',	'Tibú',	'S',	'admin',	'2012-05-11 09:11:40',	'admin',	'2012-05-11 09:11:40'),
('54820',	'54',	'Toledo',	'S',	'admin',	'2012-05-11 09:11:40',	'admin',	'2012-05-11 09:11:40'),
('54871',	'54',	'Villa Caro',	'S',	'admin',	'2012-05-11 09:11:40',	'admin',	'2012-05-11 09:11:40'),
('54874',	'54',	'Villa Del Rosario',	'S',	'admin',	'2012-05-11 09:11:40',	'admin',	'2012-05-11 09:11:40'),
('63001',	'63',	'Armenia',	'S',	'admin',	'2012-05-11 09:11:40',	'admin',	'2012-05-11 09:11:40'),
('63111',	'63',	'Buenavista',	'S',	'admin',	'2012-05-11 09:11:40',	'admin',	'2012-05-11 09:11:40'),
('63130',	'63',	'Calarca',	'S',	'admin',	'2012-05-11 09:11:40',	'admin',	'2012-05-11 09:11:40'),
('63190',	'63',	'Circasia',	'S',	'admin',	'2012-05-11 09:11:40',	'admin',	'2012-05-11 09:11:40'),
('63212',	'63',	'Córdoba',	'S',	'admin',	'2012-05-11 09:11:40',	'admin',	'2012-05-11 09:11:40'),
('63272',	'63',	'Filandia',	'S',	'admin',	'2012-05-11 09:11:40',	'admin',	'2012-05-11 09:11:40'),
('63302',	'63',	'Génova',	'S',	'admin',	'2012-05-11 09:11:40',	'admin',	'2012-05-11 09:11:40'),
('63401',	'63',	'La Tebaida',	'S',	'admin',	'2012-05-11 09:11:40',	'admin',	'2012-05-11 09:11:40'),
('63470',	'63',	'Montenegro',	'S',	'admin',	'2012-05-11 09:11:40',	'admin',	'2012-05-11 09:11:40'),
('63548',	'63',	'Pijao',	'S',	'admin',	'2012-05-11 09:11:40',	'admin',	'2012-05-11 09:11:40'),
('63594',	'63',	'Quimbaya',	'S',	'admin',	'2012-05-11 09:11:40',	'admin',	'2012-05-11 09:11:40'),
('63690',	'63',	'Salento',	'S',	'admin',	'2012-05-11 09:11:40',	'admin',	'2012-05-11 09:11:40'),
('66001',	'66',	'Pereira',	'S',	'admin',	'2012-05-11 09:11:40',	'admin',	'2012-05-11 09:11:40'),
('66045',	'66',	'Apía',	'S',	'admin',	'2012-05-11 09:11:40',	'admin',	'2012-05-11 09:11:40'),
('66075',	'66',	'Balboa',	'S',	'admin',	'2012-05-11 09:11:40',	'admin',	'2012-05-11 09:11:40'),
('66088',	'66',	'Belén De Umbría',	'S',	'admin',	'2012-05-11 09:11:40',	'admin',	'2012-05-11 09:11:40'),
('66170',	'66',	'Dosquebradas',	'S',	'admin',	'2012-05-11 09:11:40',	'admin',	'2012-05-11 09:11:40'),
('66318',	'66',	'Guática',	'S',	'admin',	'2012-05-11 09:11:40',	'admin',	'2012-05-11 09:11:40'),
('66383',	'66',	'La Celia',	'S',	'admin',	'2012-05-11 09:11:40',	'admin',	'2012-05-11 09:11:40'),
('66400',	'66',	'La Virginia',	'S',	'admin',	'2012-05-11 09:11:40',	'admin',	'2012-05-11 09:11:40'),
('66440',	'66',	'Marsella',	'S',	'admin',	'2012-05-11 09:11:40',	'admin',	'2012-05-11 09:11:40'),
('66456',	'66',	'Mistrató',	'S',	'admin',	'2012-05-11 09:11:40',	'admin',	'2012-05-11 09:11:40'),
('66572',	'66',	'Pueblo Rico',	'S',	'admin',	'2012-05-11 09:11:40',	'admin',	'2012-05-11 09:11:40'),
('66594',	'66',	'Quinchía',	'S',	'admin',	'2012-05-11 09:11:40',	'admin',	'2012-05-11 09:11:40'),
('66682',	'66',	'Santa Rosa De Cabal',	'S',	'admin',	'2012-05-11 09:11:40',	'admin',	'2012-05-11 09:11:40'),
('66687',	'66',	'Santuario',	'S',	'admin',	'2012-05-11 09:11:40',	'admin',	'2012-05-11 09:11:40'),
('68001',	'68',	'Bucaramanga',	'S',	'admin',	'2012-05-11 09:11:40',	'admin',	'2012-05-11 09:11:40'),
('68013',	'68',	'Aguada',	'S',	'admin',	'2012-05-11 09:11:40',	'admin',	'2012-05-11 09:11:40'),
('68020',	'68',	'Albania',	'S',	'admin',	'2012-05-11 09:11:40',	'admin',	'2012-05-11 09:11:40'),
('68051',	'68',	'Aratoca',	'S',	'admin',	'2012-05-11 09:11:40',	'admin',	'2012-05-11 09:11:40'),
('68077',	'68',	'Barbosa',	'S',	'admin',	'2012-05-11 09:11:40',	'admin',	'2012-05-11 09:11:40'),
('68079',	'68',	'Barichara',	'S',	'admin',	'2012-05-11 09:11:40',	'admin',	'2012-05-11 09:11:40'),
('68081',	'68',	'Barrancabermeja',	'S',	'admin',	'2012-05-11 09:11:40',	'admin',	'2012-05-11 09:11:40'),
('68092',	'68',	'Betulia',	'S',	'admin',	'2012-05-11 09:11:40',	'admin',	'2012-05-11 09:11:40'),
('68101',	'68',	'Bolívar',	'S',	'admin',	'2012-05-11 09:11:40',	'admin',	'2012-05-11 09:11:40'),
('68121',	'68',	'Cabrera',	'S',	'admin',	'2012-05-11 09:11:40',	'admin',	'2012-05-11 09:11:40'),
('68132',	'68',	'California',	'S',	'admin',	'2012-05-11 09:11:40',	'admin',	'2012-05-11 09:11:40'),
('68147',	'68',	'Capitanejo',	'S',	'admin',	'2012-05-11 09:11:40',	'admin',	'2012-05-11 09:11:40'),
('68152',	'68',	'Carcasí',	'S',	'admin',	'2012-05-11 09:11:40',	'admin',	'2012-05-11 09:11:40'),
('68160',	'68',	'Cepitá',	'S',	'admin',	'2012-05-11 09:11:40',	'admin',	'2012-05-11 09:11:40'),
('68162',	'68',	'Cerrito',	'S',	'admin',	'2012-05-11 09:11:40',	'admin',	'2012-05-11 09:11:40'),
('68167',	'68',	'Charalá',	'S',	'admin',	'2012-05-11 09:11:40',	'admin',	'2012-05-11 09:11:40'),
('68169',	'68',	'Charta',	'S',	'admin',	'2012-05-11 09:11:40',	'admin',	'2012-05-11 09:11:40'),
('68176',	'68',	'Chima',	'S',	'admin',	'2012-05-11 09:11:40',	'admin',	'2012-05-11 09:11:40'),
('68179',	'68',	'Chipatá',	'S',	'admin',	'2012-05-11 09:11:40',	'admin',	'2012-05-11 09:11:40'),
('68190',	'68',	'Cimitarra',	'S',	'admin',	'2012-05-11 09:11:40',	'admin',	'2012-05-11 09:11:40'),
('68207',	'68',	'Concepción',	'S',	'admin',	'2012-05-11 09:11:40',	'admin',	'2012-05-11 09:11:40'),
('68209',	'68',	'Confines',	'S',	'admin',	'2012-05-11 09:11:40',	'admin',	'2012-05-11 09:11:40'),
('68211',	'68',	'Contratación',	'S',	'admin',	'2012-05-11 09:11:40',	'admin',	'2012-05-11 09:11:40'),
('68217',	'68',	'Coromoro',	'S',	'admin',	'2012-05-11 09:11:40',	'admin',	'2012-05-11 09:11:40'),
('68229',	'68',	'Curití',	'S',	'admin',	'2012-05-11 09:11:40',	'admin',	'2012-05-11 09:11:40'),
('68235',	'68',	'El Carmen De Chucurí',	'S',	'admin',	'2012-05-11 09:11:40',	'admin',	'2012-05-11 09:11:40'),
('68245',	'68',	'El Guacamayo',	'S',	'admin',	'2012-05-11 09:11:40',	'admin',	'2012-05-11 09:11:40'),
('68250',	'68',	'El Peñón',	'S',	'admin',	'2012-05-11 09:11:40',	'admin',	'2012-05-11 09:11:40'),
('68255',	'68',	'El Playón',	'S',	'admin',	'2012-05-11 09:11:40',	'admin',	'2012-05-11 09:11:40'),
('68264',	'68',	'Encino',	'S',	'admin',	'2012-05-11 09:11:40',	'admin',	'2012-05-11 09:11:40'),
('68266',	'68',	'Enciso',	'S',	'admin',	'2012-05-11 09:11:40',	'admin',	'2012-05-11 09:11:40'),
('68271',	'68',	'Florián',	'S',	'admin',	'2012-05-11 09:11:40',	'admin',	'2012-05-11 09:11:40'),
('68276',	'68',	'Floridablanca',	'S',	'admin',	'2012-05-11 09:11:40',	'admin',	'2012-05-11 09:11:40'),
('68296',	'68',	'Galán',	'S',	'admin',	'2012-05-11 09:11:40',	'admin',	'2012-05-11 09:11:40'),
('68298',	'68',	'Gambita',	'S',	'admin',	'2012-05-11 09:11:40',	'admin',	'2012-05-11 09:11:40'),
('68307',	'68',	'Girón',	'S',	'admin',	'2012-05-11 09:11:40',	'admin',	'2012-05-11 09:11:40'),
('68318',	'68',	'Guaca',	'S',	'admin',	'2012-05-11 09:11:40',	'admin',	'2012-05-11 09:11:40'),
('68320',	'68',	'Guadalupe',	'S',	'admin',	'2012-05-11 09:11:40',	'admin',	'2012-05-11 09:11:40'),
('68322',	'68',	'Guapotá',	'S',	'admin',	'2012-05-11 09:11:40',	'admin',	'2012-05-11 09:11:40'),
('68324',	'68',	'Guavatá',	'S',	'admin',	'2012-05-11 09:11:40',	'admin',	'2012-05-11 09:11:40'),
('68327',	'68',	'Güepsa',	'S',	'admin',	'2012-05-11 09:11:40',	'admin',	'2012-05-11 09:11:40'),
('68344',	'68',	'Hato',	'S',	'admin',	'2012-05-11 09:11:40',	'admin',	'2012-05-11 09:11:40'),
('68368',	'68',	'Jesús María',	'S',	'admin',	'2012-05-11 09:11:40',	'admin',	'2012-05-11 09:11:40'),
('68370',	'68',	'Jordán',	'S',	'admin',	'2012-05-11 09:11:40',	'admin',	'2012-05-11 09:11:40'),
('68377',	'68',	'La Belleza',	'S',	'admin',	'2012-05-11 09:11:40',	'admin',	'2012-05-11 09:11:40'),
('68385',	'68',	'Landázuri',	'S',	'admin',	'2012-05-11 09:11:40',	'admin',	'2012-05-11 09:11:40'),
('68397',	'68',	'La Paz',	'S',	'admin',	'2012-05-11 09:11:40',	'admin',	'2012-05-11 09:11:40'),
('68406',	'68',	'Lebríja',	'S',	'admin',	'2012-05-11 09:11:40',	'admin',	'2012-05-11 09:11:40'),
('68418',	'68',	'Los Santos',	'S',	'admin',	'2012-05-11 09:11:40',	'admin',	'2012-05-11 09:11:40'),
('68425',	'68',	'Macaravita',	'S',	'admin',	'2012-05-11 09:11:40',	'admin',	'2012-05-11 09:11:40'),
('68432',	'68',	'Málaga',	'S',	'admin',	'2012-05-11 09:11:40',	'admin',	'2012-05-11 09:11:40'),
('68444',	'68',	'Matanza',	'S',	'admin',	'2012-05-11 09:11:40',	'admin',	'2012-05-11 09:11:40'),
('68464',	'68',	'Mogotes',	'S',	'admin',	'2012-05-11 09:11:40',	'admin',	'2012-05-11 09:11:40'),
('68468',	'68',	'Molagavita',	'S',	'admin',	'2012-05-11 09:11:40',	'admin',	'2012-05-11 09:11:40'),
('68498',	'68',	'Ocamonte',	'S',	'admin',	'2012-05-11 09:11:40',	'admin',	'2012-05-11 09:11:40'),
('68500',	'68',	'Oiba',	'S',	'admin',	'2012-05-11 09:11:40',	'admin',	'2012-05-11 09:11:40'),
('68502',	'68',	'Onzaga',	'S',	'admin',	'2012-05-11 09:11:40',	'admin',	'2012-05-11 09:11:40'),
('68522',	'68',	'Palmar',	'S',	'admin',	'2012-05-11 09:11:40',	'admin',	'2012-05-11 09:11:40'),
('68524',	'68',	'Palmas Del Socorro',	'S',	'admin',	'2012-05-11 09:11:40',	'admin',	'2012-05-11 09:11:40'),
('68533',	'68',	'Páramo',	'S',	'admin',	'2012-05-11 09:11:40',	'admin',	'2012-05-11 09:11:40'),
('68547',	'68',	'Piedecuesta',	'S',	'admin',	'2012-05-11 09:11:40',	'admin',	'2012-05-11 09:11:40'),
('68549',	'68',	'Pinchote',	'S',	'admin',	'2012-05-11 09:11:40',	'admin',	'2012-05-11 09:11:40'),
('68572',	'68',	'Puente Nacional',	'S',	'admin',	'2012-05-11 09:11:40',	'admin',	'2012-05-11 09:11:40'),
('68573',	'68',	'Puerto Parra',	'S',	'admin',	'2012-05-11 09:11:40',	'admin',	'2012-05-11 09:11:40'),
('68575',	'68',	'Puerto Wilches',	'S',	'admin',	'2012-05-11 09:11:40',	'admin',	'2012-05-11 09:11:40'),
('68615',	'68',	'Rionegro',	'S',	'admin',	'2012-05-11 09:11:40',	'admin',	'2012-05-11 09:11:40'),
('68655',	'68',	'Sabana De Torres',	'S',	'admin',	'2012-05-11 09:11:40',	'admin',	'2012-05-11 09:11:40'),
('68669',	'68',	'San Andrés',	'S',	'admin',	'2012-05-11 09:11:40',	'admin',	'2012-05-11 09:11:40'),
('68673',	'68',	'San Benito',	'S',	'admin',	'2012-05-11 09:11:40',	'admin',	'2012-05-11 09:11:40'),
('68679',	'68',	'San Gil',	'S',	'admin',	'2012-05-11 09:11:40',	'admin',	'2012-05-11 09:11:40'),
('68682',	'68',	'San Joaquín',	'S',	'admin',	'2012-05-11 09:11:40',	'admin',	'2012-05-11 09:11:40'),
('68684',	'68',	'San José De Miranda',	'S',	'admin',	'2012-05-11 09:11:40',	'admin',	'2012-05-11 09:11:40'),
('68686',	'68',	'San Miguel',	'S',	'admin',	'2012-05-11 09:11:40',	'admin',	'2012-05-11 09:11:40'),
('68689',	'68',	'San Vicente De Chucurí',	'S',	'admin',	'2012-05-11 09:11:40',	'admin',	'2012-05-11 09:11:40'),
('68705',	'68',	'Santa Bárbara',	'S',	'admin',	'2012-05-11 09:11:40',	'admin',	'2012-05-11 09:11:40'),
('68720',	'68',	'Santa Helena Del Opón',	'S',	'admin',	'2012-05-11 09:11:40',	'admin',	'2012-05-11 09:11:40'),
('68745',	'68',	'Simacota',	'S',	'admin',	'2012-05-11 09:11:40',	'admin',	'2012-05-11 09:11:40'),
('68755',	'68',	'Socorro',	'S',	'admin',	'2012-05-11 09:11:40',	'admin',	'2012-05-11 09:11:40'),
('68770',	'68',	'Suaita',	'S',	'admin',	'2012-05-11 09:11:40',	'admin',	'2012-05-11 09:11:40'),
('68773',	'68',	'Sucre',	'S',	'admin',	'2012-05-11 09:11:40',	'admin',	'2012-05-11 09:11:40'),
('68780',	'68',	'Suratá',	'S',	'admin',	'2012-05-11 09:11:40',	'admin',	'2012-05-11 09:11:40'),
('68820',	'68',	'Tona',	'S',	'admin',	'2012-05-11 09:11:40',	'admin',	'2012-05-11 09:11:40'),
('68855',	'68',	'Valle De San José',	'S',	'admin',	'2012-05-11 09:11:40',	'admin',	'2012-05-11 09:11:40'),
('68861',	'68',	'Vélez',	'S',	'admin',	'2012-05-11 09:11:40',	'admin',	'2012-05-11 09:11:40'),
('68867',	'68',	'Vetas',	'S',	'admin',	'2012-05-11 09:11:40',	'admin',	'2012-05-11 09:11:40'),
('68872',	'68',	'Villanueva',	'S',	'admin',	'2012-05-11 09:11:40',	'admin',	'2012-05-11 09:11:40'),
('68895',	'68',	'Zapatoca',	'S',	'admin',	'2012-05-11 09:11:40',	'admin',	'2012-05-11 09:11:40'),
('70001',	'70',	'Sincelejo',	'S',	'admin',	'2012-05-11 09:11:40',	'admin',	'2012-05-11 09:11:40'),
('70110',	'70',	'Buenavista',	'S',	'admin',	'2012-05-11 09:11:40',	'admin',	'2012-05-11 09:11:40'),
('70124',	'70',	'Caimito',	'S',	'admin',	'2012-05-11 09:11:40',	'admin',	'2012-05-11 09:11:40'),
('70204',	'70',	'Coloso',	'S',	'admin',	'2012-05-11 09:11:40',	'admin',	'2012-05-11 09:11:40'),
('70215',	'70',	'Corozal',	'S',	'admin',	'2012-05-11 09:11:40',	'admin',	'2012-05-11 09:11:40'),
('70221',	'70',	'Coveñas',	'S',	'admin',	'2012-05-11 09:11:40',	'admin',	'2012-05-11 09:11:40'),
('70230',	'70',	'Chalán',	'S',	'admin',	'2012-05-11 09:11:40',	'admin',	'2012-05-11 09:11:40'),
('70233',	'70',	'El Roble',	'S',	'admin',	'2012-05-11 09:11:40',	'admin',	'2012-05-11 09:11:40'),
('70235',	'70',	'Galeras',	'S',	'admin',	'2012-05-11 09:11:40',	'admin',	'2012-05-11 09:11:40'),
('70265',	'70',	'Guaranda',	'S',	'admin',	'2012-05-11 09:11:40',	'admin',	'2012-05-11 09:11:40'),
('70400',	'70',	'La Unión',	'S',	'admin',	'2012-05-11 09:11:40',	'admin',	'2012-05-11 09:11:40'),
('70418',	'70',	'Los Palmitos',	'S',	'admin',	'2012-05-11 09:11:40',	'admin',	'2012-05-11 09:11:40'),
('70429',	'70',	'Majagual',	'S',	'admin',	'2012-05-11 09:11:40',	'admin',	'2012-05-11 09:11:40'),
('70473',	'70',	'Morroa',	'S',	'admin',	'2012-05-11 09:11:40',	'admin',	'2012-05-11 09:11:40'),
('70508',	'70',	'Ovejas',	'S',	'admin',	'2012-05-11 09:11:40',	'admin',	'2012-05-11 09:11:40'),
('70523',	'70',	'Palmito',	'S',	'admin',	'2012-05-11 09:11:40',	'admin',	'2012-05-11 09:11:40'),
('70670',	'70',	'Sampués',	'S',	'admin',	'2012-05-11 09:11:40',	'admin',	'2012-05-11 09:11:40'),
('70678',	'70',	'San Benito Abad',	'S',	'admin',	'2012-05-11 09:11:40',	'admin',	'2012-05-11 09:11:40'),
('70702',	'70',	'San Juan De Betulia',	'S',	'admin',	'2012-05-11 09:11:40',	'admin',	'2012-05-11 09:11:40'),
('70708',	'70',	'San Marcos',	'S',	'admin',	'2012-05-11 09:11:40',	'admin',	'2012-05-11 09:11:40'),
('70713',	'70',	'San Onofre',	'S',	'admin',	'2012-05-11 09:11:40',	'admin',	'2012-05-11 09:11:40'),
('70717',	'70',	'San Pedro',	'S',	'admin',	'2012-05-11 09:11:40',	'admin',	'2012-05-11 09:11:40'),
('70742',	'70',	'Sincé',	'S',	'admin',	'2012-05-11 09:11:40',	'admin',	'2012-05-11 09:11:40'),
('70771',	'70',	'Sucre',	'S',	'admin',	'2012-05-11 09:11:40',	'admin',	'2012-05-11 09:11:40'),
('70820',	'70',	'Santiago De Tolú',	'S',	'admin',	'2012-05-11 09:11:40',	'admin',	'2012-05-11 09:11:40'),
('70823',	'70',	'Tolú Viejo',	'S',	'admin',	'2012-05-11 09:11:40',	'admin',	'2012-05-11 09:11:40'),
('73001',	'73',	'Ibagué',	'S',	'admin',	'2012-05-11 09:11:40',	'admin',	'2012-05-11 09:11:40'),
('73024',	'73',	'Alpujarra',	'S',	'admin',	'2012-05-11 09:11:40',	'admin',	'2012-05-11 09:11:40'),
('73026',	'73',	'Alvarado',	'S',	'admin',	'2012-05-11 09:11:40',	'admin',	'2012-05-11 09:11:40'),
('73030',	'73',	'Ambalema',	'S',	'admin',	'2012-05-11 09:11:40',	'admin',	'2012-05-11 09:11:40'),
('73043',	'73',	'Anzoátegui',	'S',	'admin',	'2012-05-11 09:11:40',	'admin',	'2012-05-11 09:11:40'),
('73055',	'73',	'Armero',	'S',	'admin',	'2012-05-11 09:11:40',	'admin',	'2012-05-11 09:11:40'),
('73067',	'73',	'Ataco',	'S',	'admin',	'2012-05-11 09:11:40',	'admin',	'2012-05-11 09:11:40'),
('73124',	'73',	'Cajamarca',	'S',	'admin',	'2012-05-11 09:11:40',	'admin',	'2012-05-11 09:11:40'),
('73148',	'73',	'Carmen De Apicalá',	'S',	'admin',	'2012-05-11 09:11:40',	'admin',	'2012-05-11 09:11:40'),
('73152',	'73',	'Casabianca',	'S',	'admin',	'2012-05-11 09:11:40',	'admin',	'2012-05-11 09:11:40'),
('73168',	'73',	'Chaparral',	'S',	'admin',	'2012-05-11 09:11:40',	'admin',	'2012-05-11 09:11:40'),
('73200',	'73',	'Coello',	'S',	'admin',	'2012-05-11 09:11:40',	'admin',	'2012-05-11 09:11:40'),
('73217',	'73',	'Coyaima',	'S',	'admin',	'2012-05-11 09:11:40',	'admin',	'2012-05-11 09:11:40'),
('73226',	'73',	'Cunday',	'S',	'admin',	'2012-05-11 09:11:40',	'admin',	'2012-05-11 09:11:40'),
('73236',	'73',	'Dolores',	'S',	'admin',	'2012-05-11 09:11:40',	'admin',	'2012-05-11 09:11:40'),
('73268',	'73',	'Espinal',	'S',	'admin',	'2012-05-11 09:11:40',	'admin',	'2012-05-11 09:11:40'),
('73270',	'73',	'Falan',	'S',	'admin',	'2012-05-11 09:11:40',	'admin',	'2012-05-11 09:11:40'),
('73275',	'73',	'Flandes',	'S',	'admin',	'2012-05-11 09:11:40',	'admin',	'2012-05-11 09:11:40'),
('73283',	'73',	'Fresno',	'S',	'admin',	'2012-05-11 09:11:40',	'admin',	'2012-05-11 09:11:40'),
('73319',	'73',	'Guamo',	'S',	'admin',	'2012-05-11 09:11:40',	'admin',	'2012-05-11 09:11:40'),
('73347',	'73',	'Herveo',	'S',	'admin',	'2012-05-11 09:11:40',	'admin',	'2012-05-11 09:11:40'),
('73349',	'73',	'Honda',	'S',	'admin',	'2012-05-11 09:11:40',	'admin',	'2012-05-11 09:11:40'),
('73352',	'73',	'Icononzo',	'S',	'admin',	'2012-05-11 09:11:40',	'admin',	'2012-05-11 09:11:40'),
('73408',	'73',	'Lérida',	'S',	'admin',	'2012-05-11 09:11:40',	'admin',	'2012-05-11 09:11:40'),
('73411',	'73',	'Líbano',	'S',	'admin',	'2012-05-11 09:11:40',	'admin',	'2012-05-11 09:11:40'),
('73443',	'73',	'Mariquita',	'S',	'admin',	'2012-05-11 09:11:40',	'admin',	'2012-05-11 09:11:40'),
('73449',	'73',	'Melgar',	'S',	'admin',	'2012-05-11 09:11:40',	'admin',	'2012-05-11 09:11:40'),
('73461',	'73',	'Murillo',	'S',	'admin',	'2012-05-11 09:11:40',	'admin',	'2012-05-11 09:11:40'),
('73483',	'73',	'Natagaima',	'S',	'admin',	'2012-05-11 09:11:40',	'admin',	'2012-05-11 09:11:40'),
('73504',	'73',	'Ortega',	'S',	'admin',	'2012-05-11 09:11:40',	'admin',	'2012-05-11 09:11:40'),
('73520',	'73',	'Palocabildo',	'S',	'admin',	'2012-05-11 09:11:40',	'admin',	'2012-05-11 09:11:40'),
('73547',	'73',	'Piedras',	'S',	'admin',	'2012-05-11 09:11:40',	'admin',	'2012-05-11 09:11:40'),
('73555',	'73',	'Planadas',	'S',	'admin',	'2012-05-11 09:11:40',	'admin',	'2012-05-11 09:11:40'),
('73563',	'73',	'Prado',	'S',	'admin',	'2012-05-11 09:11:40',	'admin',	'2012-05-11 09:11:40'),
('73585',	'73',	'Purificación',	'S',	'admin',	'2012-05-11 09:11:40',	'admin',	'2012-05-11 09:11:40'),
('73616',	'73',	'Rioblanco',	'S',	'admin',	'2012-05-11 09:11:40',	'admin',	'2012-05-11 09:11:40'),
('73622',	'73',	'Roncesvalles',	'S',	'admin',	'2012-05-11 09:11:40',	'admin',	'2012-05-11 09:11:40'),
('73624',	'73',	'Rovira',	'S',	'admin',	'2012-05-11 09:11:40',	'admin',	'2012-05-11 09:11:40'),
('73671',	'73',	'Saldaña',	'S',	'admin',	'2012-05-11 09:11:40',	'admin',	'2012-05-11 09:11:40'),
('73675',	'73',	'San Antonio',	'S',	'admin',	'2012-05-11 09:11:40',	'admin',	'2012-05-11 09:11:40'),
('73678',	'73',	'San Luis',	'S',	'admin',	'2012-05-11 09:11:40',	'admin',	'2012-05-11 09:11:40'),
('73686',	'73',	'Santa Isabel',	'S',	'admin',	'2012-05-11 09:11:40',	'admin',	'2012-05-11 09:11:40'),
('73770',	'73',	'Suárez',	'S',	'admin',	'2012-05-11 09:11:40',	'admin',	'2012-05-11 09:11:40'),
('73854',	'73',	'Valle De San Juan',	'S',	'admin',	'2012-05-11 09:11:40',	'admin',	'2012-05-11 09:11:40'),
('73861',	'73',	'Venadillo',	'S',	'admin',	'2012-05-11 09:11:40',	'admin',	'2012-05-11 09:11:40'),
('73870',	'73',	'Villahermosa',	'S',	'admin',	'2012-05-11 09:11:40',	'admin',	'2012-05-11 09:11:40'),
('73873',	'73',	'Villarrica',	'S',	'admin',	'2012-05-11 09:11:40',	'admin',	'2012-05-11 09:11:40'),
('76001',	'76',	'Cali',	'S',	'admin',	'2012-05-11 09:11:40',	'admin',	'2012-05-11 09:11:40'),
('76020',	'76',	'Alcalá',	'S',	'admin',	'2012-05-11 09:11:40',	'admin',	'2012-05-11 09:11:40'),
('76036',	'76',	'Andalucía',	'S',	'admin',	'2012-05-11 09:11:40',	'admin',	'2012-05-11 09:11:40'),
('76041',	'76',	'Ansermanuevo',	'S',	'admin',	'2012-05-11 09:11:40',	'admin',	'2012-05-11 09:11:40'),
('76054',	'76',	'Argelia',	'S',	'admin',	'2012-05-11 09:11:40',	'admin',	'2012-05-11 09:11:40'),
('76100',	'76',	'Bolívar',	'S',	'admin',	'2012-05-11 09:11:40',	'admin',	'2012-05-11 09:11:40'),
('76109',	'76',	'Buenaventura',	'S',	'admin',	'2012-05-11 09:11:40',	'admin',	'2012-05-11 09:11:40'),
('76111',	'76',	'Guadalajara De Buga',	'S',	'admin',	'2012-05-11 09:11:40',	'admin',	'2012-05-11 09:11:40'),
('76113',	'76',	'Bugalagrande',	'S',	'admin',	'2012-05-11 09:11:40',	'admin',	'2012-05-11 09:11:40'),
('76122',	'76',	'Caicedonia',	'S',	'admin',	'2012-05-11 09:11:40',	'admin',	'2012-05-11 09:11:40'),
('76126',	'76',	'Calima',	'S',	'admin',	'2012-05-11 09:11:40',	'admin',	'2012-05-11 09:11:40'),
('76130',	'76',	'Candelaria',	'S',	'admin',	'2012-05-11 09:11:40',	'admin',	'2012-05-11 09:11:40'),
('76147',	'76',	'Cartago',	'S',	'admin',	'2012-05-11 09:11:40',	'admin',	'2012-05-11 09:11:40'),
('76233',	'76',	'Dagua',	'S',	'admin',	'2012-05-11 09:11:40',	'admin',	'2012-05-11 09:11:40'),
('76243',	'76',	'El Águila',	'S',	'admin',	'2012-05-11 09:11:40',	'admin',	'2012-05-11 09:11:40'),
('76246',	'76',	'El Cairo',	'S',	'admin',	'2012-05-11 09:11:40',	'admin',	'2012-05-11 09:11:40'),
('76248',	'76',	'El Cerrito',	'S',	'admin',	'2012-05-11 09:11:40',	'admin',	'2012-05-11 09:11:40'),
('76250',	'76',	'El Dovio',	'S',	'admin',	'2012-05-11 09:11:40',	'admin',	'2012-05-11 09:11:40'),
('76275',	'76',	'Florida',	'S',	'admin',	'2012-05-11 09:11:40',	'admin',	'2012-05-11 09:11:40'),
('76306',	'76',	'Ginebra',	'S',	'admin',	'2012-05-11 09:11:40',	'admin',	'2012-05-11 09:11:40'),
('76318',	'76',	'Guacarí',	'S',	'admin',	'2012-05-11 09:11:40',	'admin',	'2012-05-11 09:11:40'),
('76364',	'76',	'Jamundí',	'S',	'admin',	'2012-05-11 09:11:40',	'admin',	'2012-05-11 09:11:40'),
('76377',	'76',	'La Cumbre',	'S',	'admin',	'2012-05-11 09:11:40',	'admin',	'2012-05-11 09:11:40'),
('76400',	'76',	'La Unión',	'S',	'admin',	'2012-05-11 09:11:40',	'admin',	'2012-05-11 09:11:40'),
('76403',	'76',	'La Victoria',	'S',	'admin',	'2012-05-11 09:11:40',	'admin',	'2012-05-11 09:11:40'),
('76497',	'76',	'Obando',	'S',	'admin',	'2012-05-11 09:11:40',	'admin',	'2012-05-11 09:11:40'),
('76520',	'76',	'Palmira',	'S',	'admin',	'2012-05-11 09:11:40',	'admin',	'2012-05-11 09:11:40'),
('76563',	'76',	'Pradera',	'S',	'admin',	'2012-05-11 09:11:40',	'admin',	'2012-05-11 09:11:40'),
('76606',	'76',	'Restrepo',	'S',	'admin',	'2012-05-11 09:11:40',	'admin',	'2012-05-11 09:11:40'),
('76616',	'76',	'Riofrío',	'S',	'admin',	'2012-05-11 09:11:40',	'admin',	'2012-05-11 09:11:40'),
('76622',	'76',	'Roldanillo',	'S',	'admin',	'2012-05-11 09:11:40',	'admin',	'2012-05-11 09:11:40'),
('76670',	'76',	'San Pedro',	'S',	'admin',	'2012-05-11 09:11:40',	'admin',	'2012-05-11 09:11:40'),
('76736',	'76',	'Sevilla',	'S',	'admin',	'2012-05-11 09:11:40',	'admin',	'2012-05-11 09:11:40'),
('76823',	'76',	'Toro',	'S',	'admin',	'2012-05-11 09:11:40',	'admin',	'2012-05-11 09:11:40'),
('76828',	'76',	'Trujillo',	'S',	'admin',	'2012-05-11 09:11:40',	'admin',	'2012-05-11 09:11:40'),
('76834',	'76',	'Tuluá',	'S',	'admin',	'2012-05-11 09:11:40',	'admin',	'2012-05-11 09:11:40'),
('76845',	'76',	'Ulloa',	'S',	'admin',	'2012-05-11 09:11:40',	'admin',	'2012-05-11 09:11:40'),
('76863',	'76',	'Versalles',	'S',	'admin',	'2012-05-11 09:11:40',	'admin',	'2012-05-11 09:11:40'),
('76869',	'76',	'Vijes',	'S',	'admin',	'2012-05-11 09:11:40',	'admin',	'2012-05-11 09:11:40'),
('76890',	'76',	'Yotoco',	'S',	'admin',	'2012-05-11 09:11:40',	'admin',	'2012-05-11 09:11:40'),
('76892',	'76',	'Yumbo',	'S',	'admin',	'2012-05-11 09:11:40',	'admin',	'2012-05-11 09:11:40'),
('76895',	'76',	'Zarzal',	'S',	'admin',	'2012-05-11 09:11:40',	'admin',	'2012-05-11 09:11:40'),
('81001',	'81',	'Arauca',	'S',	'admin',	'2012-05-11 09:11:40',	'admin',	'2012-05-11 09:11:40'),
('81065',	'81',	'Arauquita',	'S',	'admin',	'2012-05-11 09:11:40',	'admin',	'2012-05-11 09:11:40'),
('81220',	'81',	'Cravo Norte',	'S',	'admin',	'2012-05-11 09:11:40',	'admin',	'2012-05-11 09:11:40'),
('81300',	'81',	'Fortul',	'S',	'admin',	'2012-05-11 09:11:40',	'admin',	'2012-05-11 09:11:40'),
('81591',	'81',	'Puerto Rondón',	'S',	'admin',	'2012-05-11 09:11:40',	'admin',	'2012-05-11 09:11:40'),
('81736',	'81',	'Saravena',	'S',	'admin',	'2012-05-11 09:11:40',	'admin',	'2012-05-11 09:11:40'),
('81794',	'81',	'Tame',	'S',	'admin',	'2012-05-11 09:11:40',	'admin',	'2012-05-11 09:11:40'),
('85001',	'85',	'Yopal',	'S',	'admin',	'2012-05-11 09:11:40',	'admin',	'2012-05-11 09:11:40'),
('85010',	'85',	'Aguazul',	'S',	'admin',	'2012-05-11 09:11:40',	'admin',	'2012-05-11 09:11:40'),
('85015',	'85',	'Chameza',	'S',	'admin',	'2012-05-11 09:11:40',	'admin',	'2012-05-11 09:11:40'),
('85125',	'85',	'Hato Corozal',	'S',	'admin',	'2012-05-11 09:11:40',	'admin',	'2012-05-11 09:11:40'),
('85136',	'85',	'La Salina',	'S',	'admin',	'2012-05-11 09:11:40',	'admin',	'2012-05-11 09:11:40'),
('85139',	'85',	'Maní',	'S',	'admin',	'2012-05-11 09:11:40',	'admin',	'2012-05-11 09:11:40'),
('85162',	'85',	'Monterrey',	'S',	'admin',	'2012-05-11 09:11:40',	'admin',	'2012-05-11 09:11:40'),
('85225',	'85',	'Nunchía',	'S',	'admin',	'2012-05-11 09:11:40',	'admin',	'2012-05-11 09:11:40'),
('85230',	'85',	'Orocué',	'S',	'admin',	'2012-05-11 09:11:40',	'admin',	'2012-05-11 09:11:40'),
('85250',	'85',	'Paz De Ariporo',	'S',	'admin',	'2012-05-11 09:11:40',	'admin',	'2012-05-11 09:11:40'),
('85263',	'85',	'Pore',	'S',	'admin',	'2012-05-11 09:11:40',	'admin',	'2012-05-11 09:11:40'),
('85279',	'85',	'Recetor',	'S',	'admin',	'2012-05-11 09:11:40',	'admin',	'2012-05-11 09:11:40'),
('85300',	'85',	'Sabanalarga',	'S',	'admin',	'2012-05-11 09:11:40',	'admin',	'2012-05-11 09:11:40'),
('85315',	'85',	'Sácama',	'S',	'admin',	'2012-05-11 09:11:40',	'admin',	'2012-05-11 09:11:40'),
('85325',	'85',	'San Luis De Palenque',	'S',	'admin',	'2012-05-11 09:11:40',	'admin',	'2012-05-11 09:11:40'),
('85400',	'85',	'Támara',	'S',	'admin',	'2012-05-11 09:11:40',	'admin',	'2012-05-11 09:11:40'),
('85410',	'85',	'Tauramena',	'S',	'admin',	'2012-05-11 09:11:40',	'admin',	'2012-05-11 09:11:40'),
('85430',	'85',	'Trinidad',	'S',	'admin',	'2012-05-11 09:11:40',	'admin',	'2012-05-11 09:11:40'),
('85440',	'85',	'Villanueva',	'S',	'admin',	'2012-05-11 09:11:40',	'admin',	'2012-05-11 09:11:40'),
('86001',	'86',	'Mocoa',	'S',	'admin',	'2012-05-11 09:11:40',	'admin',	'2012-05-11 09:11:40'),
('86219',	'86',	'Colón',	'S',	'admin',	'2012-05-11 09:11:40',	'admin',	'2012-05-11 09:11:40'),
('86320',	'86',	'Orito',	'S',	'admin',	'2012-05-11 09:11:40',	'admin',	'2012-05-11 09:11:40'),
('86568',	'86',	'Puerto Asís',	'S',	'admin',	'2012-05-11 09:11:40',	'admin',	'2012-05-11 09:11:40'),
('86569',	'86',	'Puerto Caicedo',	'S',	'admin',	'2012-05-11 09:11:40',	'admin',	'2012-05-11 09:11:40'),
('86571',	'86',	'Puerto Guzmán',	'S',	'admin',	'2012-05-11 09:11:40',	'admin',	'2012-05-11 09:11:40'),
('86573',	'86',	'Leguízamo',	'S',	'admin',	'2012-05-11 09:11:40',	'admin',	'2012-05-11 09:11:40'),
('86749',	'86',	'Sibundoy',	'S',	'admin',	'2012-05-11 09:11:40',	'admin',	'2012-05-11 09:11:40'),
('86755',	'86',	'San Francisco',	'S',	'admin',	'2012-05-11 09:11:40',	'admin',	'2012-05-11 09:11:40'),
('86757',	'86',	'San Miguel',	'S',	'admin',	'2012-05-11 09:11:40',	'admin',	'2012-05-11 09:11:40'),
('86760',	'86',	'Santiago',	'S',	'admin',	'2012-05-11 09:11:40',	'admin',	'2012-05-11 09:11:40'),
('86865',	'86',	'Valle Del Guamuez',	'S',	'admin',	'2012-05-11 09:11:40',	'admin',	'2012-05-11 09:11:40'),
('86885',	'86',	'Villagarzón',	'S',	'admin',	'2012-05-11 09:11:40',	'admin',	'2012-05-11 09:11:40'),
('88001',	'88',	'San Andrés',	'S',	'admin',	'2012-05-11 09:11:40',	'admin',	'2012-05-11 09:11:40'),
('88564',	'88',	'Providencia',	'S',	'admin',	'2012-05-11 09:11:40',	'admin',	'2012-05-11 09:11:40'),
('91001',	'91',	'Leticia',	'S',	'admin',	'2012-05-11 09:11:40',	'admin',	'2012-05-11 09:11:40'),
('91263',	'91',	'El Encanto',	'S',	'admin',	'2012-05-11 09:11:40',	'admin',	'2012-05-11 09:11:40'),
('91405',	'91',	'La Chorrera',	'S',	'admin',	'2012-05-11 09:11:40',	'admin',	'2012-05-11 09:11:40'),
('91407',	'91',	'La Pedrera',	'S',	'admin',	'2012-05-11 09:11:40',	'admin',	'2012-05-11 09:11:40'),
('91430',	'91',	'La Victoria',	'S',	'admin',	'2012-05-11 09:11:40',	'admin',	'2012-05-11 09:11:40'),
('91460',	'91',	'Miriti - Paraná',	'S',	'admin',	'2012-05-11 09:11:40',	'admin',	'2012-05-11 09:11:40'),
('91530',	'91',	'Puerto Alegría',	'S',	'admin',	'2012-05-11 09:11:40',	'admin',	'2012-05-11 09:11:40'),
('91536',	'91',	'Puerto Arica',	'S',	'admin',	'2012-05-11 09:11:40',	'admin',	'2012-05-11 09:11:40'),
('91540',	'91',	'Puerto Nariño',	'S',	'admin',	'2012-05-11 09:11:40',	'admin',	'2012-05-11 09:11:40'),
('91669',	'91',	'Puerto Santander',	'S',	'admin',	'2012-05-11 09:11:40',	'admin',	'2012-05-11 09:11:40'),
('91798',	'91',	'Tarapacá',	'S',	'admin',	'2012-05-11 09:11:40',	'admin',	'2012-05-11 09:11:40'),
('94001',	'94',	'Inírida',	'S',	'admin',	'2012-05-11 09:11:40',	'admin',	'2012-05-11 09:11:40'),
('94343',	'94',	'Barranco Minas',	'S',	'admin',	'2012-05-11 09:11:40',	'admin',	'2012-05-11 09:11:40'),
('94663',	'94',	'Mapiripana',	'S',	'admin',	'2012-05-11 09:11:40',	'admin',	'2012-05-11 09:11:40'),
('94883',	'94',	'San Felipe',	'S',	'admin',	'2012-05-11 09:11:40',	'admin',	'2012-05-11 09:11:40'),
('94884',	'94',	'Puerto Colombia',	'S',	'admin',	'2012-05-11 09:11:40',	'admin',	'2012-05-11 09:11:40'),
('94885',	'94',	'La Guadalupe',	'S',	'admin',	'2012-05-11 09:11:40',	'admin',	'2012-05-11 09:11:40'),
('94886',	'94',	'Cacahual',	'S',	'admin',	'2012-05-11 09:11:40',	'admin',	'2012-05-11 09:11:40'),
('94887',	'94',	'Pana Pana',	'S',	'admin',	'2012-05-11 09:11:40',	'admin',	'2012-05-11 09:11:40'),
('94888',	'94',	'Morichal',	'S',	'admin',	'2012-05-11 09:11:40',	'admin',	'2012-05-11 09:11:40'),
('95001',	'95',	'San José Del Guaviare',	'S',	'admin',	'2012-05-11 09:11:40',	'admin',	'2012-05-11 09:11:40'),
('95015',	'95',	'Calamar',	'S',	'admin',	'2012-05-11 09:11:40',	'admin',	'2012-05-11 09:11:40'),
('95025',	'95',	'El Retorno',	'S',	'admin',	'2012-05-11 09:11:40',	'admin',	'2012-05-11 09:11:40'),
('95200',	'95',	'Miraflores',	'S',	'admin',	'2012-05-11 09:11:40',	'admin',	'2012-05-11 09:11:40'),
('97001',	'97',	'Mitú',	'S',	'admin',	'2012-05-11 09:11:40',	'admin',	'2012-05-11 09:11:40'),
('97161',	'97',	'Caruru',	'S',	'admin',	'2012-05-11 09:11:40',	'admin',	'2012-05-11 09:11:40'),
('97511',	'97',	'Pacoa',	'S',	'admin',	'2012-05-11 09:11:40',	'admin',	'2012-05-11 09:11:40'),
('97666',	'97',	'Taraira',	'S',	'admin',	'2012-05-11 09:11:40',	'admin',	'2012-05-11 09:11:40'),
('97777',	'97',	'Papunaua',	'S',	'admin',	'2012-05-11 09:11:40',	'admin',	'2012-05-11 09:11:40'),
('97889',	'97',	'Yavaraté',	'S',	'admin',	'2012-05-11 09:11:40',	'admin',	'2012-05-11 09:11:40'),
('99001',	'99',	'Puerto Carreño',	'S',	'admin',	'2012-05-11 09:11:40',	'admin',	'2012-05-11 09:11:40'),
('99524',	'99',	'La Primavera',	'S',	'admin',	'2012-05-11 09:11:40',	'admin',	'2012-05-11 09:11:40'),
('99624',	'99',	'Santa Rosalía',	'S',	'admin',	'2012-05-11 09:11:40',	'admin',	'2012-05-11 09:11:40'),
('99773',	'99',	'Cumaribo',	'S',	'admin',	'2012-05-11 09:11:40',	'admin',	'2012-05-11 09:11:40');

DROP TABLE IF EXISTS `unidad_medida`;
CREATE TABLE `unidad_medida` (
  `ID` int(11) NOT NULL AUTO_INCREMENT,
  `NOMBRE` varchar(64) NOT NULL COMMENT 'Nombre de la unidad de medida',
  `ABREVIATURA` varchar(5) CHARACTER SET latin1 COLLATE latin1_bin NOT NULL COMMENT 'Abreviatura de la unidad de medida',
  `TIPO` varchar(1) CHARACTER SET latin1 COLLATE latin1_bin NOT NULL COMMENT 'Tipo de unidad [L]ongitud, [V]olumen, [P]eso, etc.',
  `UNIDAD_BASE` int(11) DEFAULT NULL COMMENT 'Id de la unidad base, por ejemplo, si estamos creando la unidad centimetro la unidad base seria el metro (y ya deberia existir)',
  `EQUIVALENCIA` decimal(28,8) DEFAULT NULL COMMENT 'Equivalencia de la unidad con la unidad base, por ejemplo si estamos creando el centimetro, la equivalencia con la unidad base (Metro) seria 0.01',
  `ACTIVO` varchar(1) CHARACTER SET latin1 COLLATE latin1_bin NOT NULL,
  `CREADO_POR` varchar(20) NOT NULL,
  `CREADO_EL` datetime NOT NULL,
  `ACTUALIZADO_POR` varchar(20) NOT NULL,
  `ACTUALIZADO_EL` datetime NOT NULL,
  PRIMARY KEY (`ID`),
  KEY `FK_UNIDAD_BASE` (`UNIDAD_BASE`),
  CONSTRAINT `FK_UNIDAD_BASE` FOREIGN KEY (`UNIDAD_BASE`) REFERENCES `unidad_medida` (`ID`)
) ENGINE=InnoDB DEFAULT CHARSET=latin1 COMMENT='Tabla que almacena las unidades de medida para los articulos';

INSERT INTO `unidad_medida` (`ID`, `NOMBRE`, `ABREVIATURA`, `TIPO`, `UNIDAD_BASE`, `EQUIVALENCIA`, `ACTIVO`, `CREADO_POR`, `CREADO_EL`, `ACTUALIZADO_POR`, `ACTUALIZADO_EL`) VALUES
(1,	'Metro',	'Mt',	'L',	NULL,	0.00000000,	'S',	'admin',	'2012-06-08 18:00:05',	'admin',	'2012-06-08 18:00:05'),
(2,	'Centimentro',	'Cm',	'L',	1,	0.00000000,	'S',	'admin',	'2012-06-08 18:00:24',	'admin',	'2012-06-08 18:00:24'),
(3,	'Kilogramos',	'Kg',	'P',	NULL,	0.00000000,	'S',	'admin',	'2012-06-08 18:00:55',	'admin',	'2012-06-11 17:38:56'),
(4,	'Gramos',	'Gr',	'P',	3,	0.00000000,	'S',	'admin',	'2012-06-08 18:01:15',	'admin',	'2012-06-11 17:38:35'),
(5,	'Metro3',	'M3',	'V',	1,	0.00000000,	'S',	'admin',	'2012-06-08 18:02:22',	'admin',	'2012-06-26 10:43:44');

DROP TABLE IF EXISTS `usuarios`;
CREATE TABLE `usuarios` (
  `ID` int(11) NOT NULL AUTO_INCREMENT,
  `USERNAME` varchar(28) NOT NULL COMMENT 'Nombre de Usuario',
  `PASS` varchar(256) NOT NULL COMMENT 'Contraseña',
  `ACTIVO` varchar(1) NOT NULL,
  `CREADO_POR` varchar(28) NOT NULL,
  `CREADO_EL` datetime NOT NULL,
  PRIMARY KEY (`ID`),
  KEY `USERNAME` (`USERNAME`)
) ENGINE=InnoDB DEFAULT CHARSET=latin1;

INSERT INTO `usuarios` (`ID`, `USERNAME`, `PASS`, `ACTIVO`, `CREADO_POR`, `CREADO_EL`) VALUES
(1,	'admin',	'21232f297a57a5a743894a0e4a801fc3',	'S',	'admin',	'2012-05-21 00:08:31'),
(2,	'demo',	'fe01ce2a7fbac8fafaed7c982a04e229',	'S',	'admin',	'2012-05-21 00:25:03');

DROP TABLE IF EXISTS `zona`;
CREATE TABLE `zona` (
  `ID` int(11) NOT NULL AUTO_INCREMENT,
  `PAIS` varchar(4) DEFAULT NULL,
  `NOMBRE` varchar(64) NOT NULL,
  `ACTIVO` varchar(1) NOT NULL,
  `CREADO_POR` varchar(20) NOT NULL,
  `CREADO_EL` datetime NOT NULL,
  `ACTUALIZADO_POR` varchar(20) NOT NULL,
  `ACTUALIZADO_EL` datetime DEFAULT NULL,
  PRIMARY KEY (`ID`),
  KEY `FK_PAIS_DE_LA_ZONA` (`PAIS`),
  CONSTRAINT `FK_PAIS_DE_LA_ZONA` FOREIGN KEY (`PAIS`) REFERENCES `pais` (`ID`)
) ENGINE=InnoDB DEFAULT CHARSET=latin1 COMMENT='El propósito de la tabla de datos de Zonas, es segmentar o d';


-- 2012-10-05 10:14:27
